ip_sum_freq,ip_sum_sz,ip_destp_mode,ip_destp_least,ip_avg_freq,ip_avg_sz,ip_std_sz,ip_avg_ttl,ip_avg_delay,ip_std_delay,ip_std_freq,wifi_sum_freq,wifi_sum_sz,wifi_subtype_mode,wifi_type_least,wifi_avg_freq,wifi_avg_sz,wifi_avg_rssi,wifi_std_rssi,wifi_avg_delay,wifi_std_delay,wifi_std_freq,zb_sum_freq,zb_sum_sz,zb_type_mode,zb_type_least,zb_avg_freq,zb_avg_sz,zb_std_sz,zb_avg_delay,zb_std_delay,zb_std_freq,audio_freq,audio_avg_rms,audio_std_rms,avg_db,std_db,activity
0,0,0,0,0,0,0,0,0,0,0,15,193,8,8,15,193,-3,0,102,106,0,17,90,1,1,5,30,0,136,29,0,0,0,0,11,7.97,0
0,0,0,0,0,0,0,0,0,0,0,33,495,8,8,16,247,-3,0,56,61,9,13,52,2,0,4,17,0,272,0,4,187,1.38,0.63,9,7.13,0
0,0,0,0,0,0,0,0,0,0,0,30,193,8,8,30,193,-3,0,102,104,0,16,98,2,2,5,32,0,128,58,4,0,0,0,9,7.66,0
0,0,0,0,0,0,0,0,0,0,0,30,193,8,8,30,193,-3,0,102,104,0,13,116,2,1,4,38,0,97,34,4,194,1.64,0.69,10,8.25,0
3,328,443,50000,1,164,125,149,10,0,0,31,193,8,8,31,193,-3,0,102,104,0,15,152,3,2,5,50,2,110,25,4,190,1.51,0.62,9,7.19,0
8,362,443,50000,2,120,81,121,238,227,0,37,495,8,8,18,247,-3,0,55,58,11,12,78,2,2,4,26,0,101,37,3,0,0,0,11,8.58,0
6,348,443,50000,2,116,101,116,31,0,0,26,193,8,8,26,193,-3,0,102,104,0,19,89,2,2,6,29,1,91,1,4,177,1.3,0.7,9,6.87,0
3,327,443,50000,1,163,124,149,10,0,0,29,193,8,8,29,193,-3,0,102,104,0,4,115,2,3,1,38,1,13,0,0,172,1.24,0.71,11,9.26,0
5,409,443,50000,1,136,103,117,186,0,0,43,495,8,8,21,247,-3,0,55,59,9,16,152,3,2,5,50,2,107,23,4,0,0,0,9,8.13,0
0,0,0,0,0,0,0,0,0,0,0,30,193,8,8,30,193,-3,0,102,104,0,15,116,2,2,5,38,0,81,0,5,179,1.29,0.59,10,8.14,0
6,327,443,50000,3,163,101,149,820,341,1,26,193,8,8,26,193,-3,0,102,104,0,15,153,2,2,5,51,0,220,230,3,166,1.15,0.64,8,6.73,0
2,165,50000,50000,1,82,0,58,0,0,0,42,495,8,8,21,247,-3,0,54,57,9,14,52,2,0,4,17,0,309,0,4,0,0,0,10,7.72,0
0,0,0,0,0,0,0,0,0,0,0,30,193,8,8,30,193,-3,0,105,109,0,19,163,2,2,6,54,0,131,72,4,171,1.13,0.6,10,7.34,0
4,164,50000,50000,2,82,60,58,148,0,0,30,193,8,8,30,193,-3,0,102,104,0,15,52,2,0,5,17,0,323,24,4,178,1.16,0.55,11,8.85,0
0,0,0,0,0,0,0,0,0,0,0,25,193,8,8,25,193,-3,0,102,104,0,12,90,2,2,6,45,0,122,0,5,200,1.43,0.5,10,7.14,0
4,134,8883,50000,2,67,21,149,10,0,0,38,495,8,8,19,247,-3,0,58,65,12,8,170,6,6,2,56,2,52,61,2,0,0,0,10,7.71,0
4,120,443,50000,2,60,28,143,31,0,0,31,495,8,8,15,247,-3,0,51,52,14,14,90,2,2,7,45,0,122,3,6,204,2.12,0.67,9,7.01,0
0,0,0,0,0,0,0,0,0,0,0,29,193,8,8,29,193,-3,0,109,114,0,16,52,2,0,5,17,0,331,0,5,184,1.23,0.54,10,8.16,0
2,165,50000,50000,1,82,0,58,0,0,0,31,495,8,8,15,247,-3,0,51,52,14,16,102,2,2,5,34,1,451,182,3,0,0,0,11,7.99,0
0,0,0,0,0,0,0,0,0,0,0,31,193,8,8,31,193,-3,0,102,104,0,6,90,0,0,2,30,0,157,135,1,189,1.34,0.5,10,7.71,0
0,0,0,0,0,0,0,0,0,0,0,20,193,8,8,20,193,-3,0,102,105,0,18,116,2,2,6,38,0,149,64,3,197,1.39,0.44,10,8.37,0
3,183,443,50000,1,91,17,149,9,0,0,29,193,8,8,29,193,-3,0,102,104,0,13,52,2,0,4,17,0,345,0,4,0,0,0,9,7.07,0
3,327,443,50000,1,163,124,149,9,0,0,34,495,5,5,17,247,-3,0,56,59,13,12,155,3,2,4,51,2,199,231,2,185,1.21,0.48,10,7.93,0
6,400,50000,443,2,133,126,60,457,0,0,31,193,8,8,31,193,-3,0,102,104,0,4,127,2,3,1,42,0,0,0,0,174,1.14,0.55,10,8.05,0
0,0,0,0,0,0,0,0,0,0,0,29,193,8,8,29,193,-3,0,106,109,0,12,116,2,2,4,38,0,82,1,4,0,0,0,11,7.87,0
5,378,443,443,1,126,89,121,13,0,0,33,495,8,8,16,247,-3,0,58,64,13,16,78,2,2,5,26,0,75,22,6,179,1.18,0.57,11,8.26,0
12,242,9002,9002,4,80,65,116,35,14,1,31,193,8,8,31,193,-3,0,102,104,0,4,211,3,1,1,70,0,1,0,0,175,1.33,0.72,11,7.84,0
3,327,443,50000,1,163,124,149,9,0,0,30,193,8,8,30,193,-3,0,102,104,0,16,78,2,2,5,26,0,75,22,6,0,0,0,9,8.45,0
5,233,443,50000,1,77,27,118,130,0,0,36,495,8,8,18,247,-3,0,53,54,13,17,89,2,2,5,29,1,100,27,3,184,1.24,0.53,10,7.67,0
18,844,443,50000,6,281,280,121,553,233,4,30,193,8,8,30,193,-3,0,102,104,0,15,161,3,2,5,53,0,246,341,3,168,1.15,0.64,11,8.03,0
3,327,443,50000,1,163,124,149,10,0,0,21,193,8,8,21,193,-3,0,102,105,0,14,89,2,2,4,29,1,104,32,2,0,0,0,10,7.41,0
11,926,443,50000,3,308,286,80,277,466,2,38,495,8,8,19,247,-3,0,56,60,10,6,115,2,3,2,38,1,277,456,1,168,1.09,0.59,10,7.55,0
4,369,443,50000,1,123,83,121,6,0,0,31,193,8,8,31,193,-3,0,102,104,0,16,152,3,2,5,50,2,92,23,4,157,1.01,0.6,12,9.07,0
0,0,0,0,0,0,0,0,0,0,0,30,193,8,8,30,193,-3,0,102,104,0,11,52,2,0,3,17,0,91,85,3,0,0,0,10,8.1,0
0,0,0,0,0,0,0,0,0,0,0,31,193,8,8,31,193,-3,0,102,104,0,14,52,2,2,7,26,0,112,35,6,158,0.96,0.57,10,7.89,0
5,395,8883,8883,1,131,90,121,15,0,0,38,495,8,8,19,247,-3,0,54,56,11,13,78,2,8,4,26,0,89,45,4,162,1.03,0.64,11,8.73,0
4,120,443,50000,2,60,28,143,37,0,0,30,193,8,8,30,193,-3,0,102,104,0,22,102,2,2,7,34,2,289,223,3,164,1.07,0.6,10,8.33,0
0,0,0,0,0,0,0,0,0,0,0,31,193,8,8,31,193,-3,0,102,104,0,15,52,2,0,5,17,0,411,24,4,0,0,0,10,7.67,0
5,297,50000,50000,1,99,43,60,307,0,0,36,495,8,8,18,247,-3,0,58,65,11,15,26,2,2,15,26,0,209,87,0,166,1.05,0.54,11,8.82,0
0,0,0,0,0,0,0,0,0,0,0,20,193,8,8,20,193,-3,0,107,113,0,7,124,2,3,2,41,0,141,174,1,0,0,0,10,7.48,0
3,326,443,50000,1,163,124,149,10,0,0,30,193,8,8,30,193,-3,0,102,104,0,16,115,2,2,5,38,1,87,34,5,154,0.94,0.59,9,7.18,0
3,328,443,50000,1,164,125,149,11,0,0,41,495,8,8,20,247,-3,0,55,58,10,5,116,2,1,1,38,0,377,461,0,136,0.82,0.64,10,7.86,0
4,382,443,50000,1,127,84,121,7,0,0,30,193,8,8,30,193,-3,0,102,104,0,27,89,2,2,9,29,1,218,222,3,137,0.8,0.61,10,7.54,0
13,259,9002,50000,4,86,74,60,77,12,1,31,193,8,8,31,193,-3,0,102,104,0,7,125,2,3,2,41,2,185,129,1,0,0,0,10,8.63,0
0,0,0,0,0,0,0,0,0,0,0,30,193,8,8,30,193,-3,0,102,104,0,13,26,2,2,13,26,0,225,70,0,168,1.1,0.57,10,7.75,0
3,150,8883,50000,1,75,10,149,11,0,0,37,495,8,8,18,247,-3,0,56,62,11,16,153,2,2,5,51,1,88,22,5,152,0.96,0.63,10,7.6,0
10,460,443,50000,3,153,155,177,305,468,0,25,193,8,8,25,193,-3,0,102,104,0,4,208,3,1,1,69,1,13,0,0,0,0,0,10,8.33,0
0,0,0,0,0,0,0,0,0,0,0,30,193,8,8,30,193,-3,0,102,104,0,4,90,1,1,1,30,0,434,0,0,169,1.16,0.61,10,7.5,0
0,0,0,0,0,0,0,0,0,0,0,36,495,8,8,18,247,-3,0,54,57,8,10,26,2,2,10,26,0,273,81,0,173,1.16,0.57,11,8.18,0
0,0,0,0,0,0,0,0,0,0,0,30,193,8,8,30,193,-3,0,102,104,0,11,179,3,2,3,59,0,121,112,3,0,0,0,9,6.88,0
0,0,0,0,0,0,0,0,0,0,0,30,193,8,8,30,193,-3,0,105,109,0,17,101,2,2,5,33,3,157,22,5,167,1.04,0.58,9,7.43,0
2,165,50000,50000,1,82,0,58,0,0,0,36,495,8,8,18,247,-3,0,54,58,12,6,154,1,2,2,51,0,161,68,1,165,1.05,0.58,10,7.64,0
0,0,0,0,0,0,0,0,0,0,0,31,193,8,8,31,193,-3,0,102,104,0,15,152,3,2,5,50,2,100,0,4,0,0,0,11,8.42,0
4,393,50000,443,1,131,83,60,6,0,0,29,193,8,8,29,193,-3,0,102,104,0,3,127,2,3,1,42,0,0,0,0,160,1,0.63,10,7.56,0
3,327,443,50000,1,163,124,149,10,0,0,26,193,8,8,26,193,-3,0,102,104,0,18,95,2,2,6,31,0,102,32,4,164,1.15,0.64,11,8.72,0
5,378,443,443,1,126,90,121,13,0,0,37,495,8,8,18,247,-3,0,54,57,11,15,78,2,2,5,26,0,74,22,5,0,0,0,9,7.64,0
4,120,443,50000,2,60,28,143,42,0,0,30,193,8,8,30,193,-3,0,102,104,0,14,92,0,0,4,30,0,91,119,5,164,0.98,0.54,10,7.52,0
0,0,0,0,0,0,0,0,0,0,0,31,193,8,8,31,193,-3,0,102,104,0,17,52,2,0,5,17,0,540,30,5,161,1,0.58,10,7.39,0
6,170,50000,50000,3,85,51,58,410,232,0,28,495,8,8,14,247,-3,0,59,66,10,12,90,2,2,4,30,0,81,0,4,0,0,0,10,7.76,0
3,151,443,50000,1,75,11,150,47,0,0,31,193,8,8,31,193,-3,0,102,104,0,16,52,2,0,5,17,0,225,286,3,170,1.14,0.58,9,7.51,0
0,0,0,0,0,0,0,0,0,0,0,25,193,8,8,25,193,-3,0,102,104,0,20,91,2,2,6,30,0,108,85,5,170,1.1,0.57,10,8.48,0
0,0,0,0,0,0,0,0,0,0,0,46,797,5,8,15,265,-3,0,38,40,11,19,52,2,0,6,17,0,306,371,6,0,0,0,10,7.34,0
0,0,0,0,0,0,0,0,0,0,0,35,495,8,8,17,247,-3,0,53,54,12,14,90,2,2,4,30,0,170,25,4,160,0.99,0.6,10,7.76,0
2,172,5228,5228,1,86,0,94,0,0,0,31,193,8,8,31,193,-3,0,102,104,0,7,125,2,3,2,41,2,185,129,1,158,1.02,0.63,9,7.24,0
7,379,443,5228,2,126,67,121,524,218,1,30,193,8,8,30,193,-3,0,102,104,0,19,153,2,2,6,51,0,209,242,5,176,1.15,0.61,10,7.38,0
4,210,50000,443,1,70,7,121,7,0,0,38,495,8,8,19,247,-3,0,54,58,12,19,89,2,2,6,29,0,83,34,4,0,0,0,11,9.12,0
19,430,443,50000,6,143,139,121,22,24,6,30,193,8,8,30,193,-3,0,102,104,0,13,152,3,2,4,50,2,142,112,3,180,1.4,0.68,10,7.49,0
3,327,443,50000,1,163,124,149,11,0,0,30,193,8,8,30,193,-3,0,102,104,0,14,118,2,3,4,39,0,81,2,5,170,1.14,0.62,10,7.92,0
5,259,50000,50000,1,86,51,113,302,0,0,25,495,8,8,12,247,-3,0,56,61,8,10,26,2,2,10,26,0,217,80,0,0,0,0,9,7.09,0
2,80,443,443,1,40,0,143,0,0,0,30,193,8,8,30,193,-3,0,102,104,0,14,52,2,0,4,17,0,295,353,3,184,1.3,0.57,10,8.36,0
0,0,0,0,0,0,0,0,0,0,0,30,193,8,8,30,193,-3,0,105,109,0,17,101,2,2,5,33,3,159,22,5,182,1.28,0.6,8,6.52,0
2,165,50000,50000,1,82,0,58,0,0,0,42,495,8,8,21,247,-3,0,56,60,8,19,52,2,0,6,17,0,239,267,5,0,0,0,10,8.33,0
0,0,0,0,0,0,0,0,0,0,0,31,193,8,8,31,193,-3,0,102,104,0,16,97,2,2,5,32,1,265,0,4,176,1.2,0.58,9,7.19,0
5,409,443,50000,1,136,102,117,74,0,0,30,193,8,8,30,193,-3,0,102,104,0,3,169,3,2,1,56,0,0,0,0,167,1.2,0.64,10,7.57,0
0,0,0,0,0,0,0,0,0,0,0,31,193,8,8,31,193,-3,0,102,104,0,21,90,2,2,10,45,0,186,64,2,0,0,0,9,8.16,0
3,150,8883,50000,1,75,10,149,11,0,0,37,495,8,8,18,247,-3,0,55,59,11,16,116,2,1,5,38,0,75,39,6,182,1.26,0.58,11,8.03,0
23,596,443,9002,7,198,262,64,75,175,3,30,193,8,8,30,193,-3,0,105,109,0,14,128,2,3,4,42,2,250,273,3,204,2.56,1.09,9,7.25,0
0,0,0,0,0,0,0,0,0,0,0,31,193,8,8,31,193,-3,0,102,104,0,15,52,2,0,5,17,0,560,24,4,0,0,0,10,8.17,0
2,165,50000,50000,1,82,0,58,0,0,0,27,495,8,8,13,247,-3,0,54,59,5,8,90,2,2,4,45,0,142,49,3,202,2.18,0.75,10,7.69,0
0,0,0,0,0,0,0,0,0,0,0,31,193,8,8,31,193,-3,0,102,104,0,11,78,2,2,3,26,0,121,112,3,198,1.87,0.74,10,7.51,0
0,0,0,0,0,0,0,0,0,0,0,30,193,8,8,30,193,-3,0,102,104,0,20,91,2,2,6,30,0,118,67,5,0,0,0,11,9.62,0
0,0,0,0,0,0,0,0,0,0,0,32,495,8,8,16,247,-3,0,51,52,15,9,90,1,1,3,30,0,248,207,1,195,1.9,0.76,12,9.83,0
0,0,0,0,0,0,0,0,0,0,0,30,193,8,8,30,193,-3,0,102,104,0,14,97,2,2,4,32,1,182,0,4,190,1.67,0.73,12,10.61,0
8,316,443,443,2,105,96,60,335,45,0,31,193,8,8,31,193,-3,0,102,104,0,3,127,2,3,1,42,0,0,0,0,0,0,0,9,7.06,0
3,327,443,50000,1,163,124,149,10,0,0,29,193,8,8,29,193,-3,0,106,109,0,19,89,2,2,6,29,1,98,50,4,196,1.68,0.64,10,8.94,0
3,150,8883,50000,1,75,10,149,12,0,0,34,495,8,8,17,247,-3,0,61,69,13,18,52,2,0,6,17,0,236,149,4,199,1.86,0.75,10,8.17,0
4,120,443,50000,2,60,28,143,37,0,0,26,193,8,8,26,193,-3,0,102,104,0,3,217,3,1,1,72,0,0,0,0,181,1.35,0.65,10,8.29,0
3,328,443,50000,1,164,125,149,10,0,0,20,193,8,8,20,193,-3,0,107,113,0,16,115,2,3,5,38,1,74,31,5,0,0,0,9,6.88,0
5,204,50000,50000,1,68,40,116,162,0,0,34,495,8,8,17,247,-3,0,57,63,14,14,116,2,2,4,38,0,89,24,5,177,1.21,0.61,10,8.05,0
3,151,443,50000,1,75,11,150,46,0,0,30,193,8,8,30,193,-3,0,102,104,0,11,124,2,3,3,41,0,121,112,3,0,0,0,10,7.43,0
3,327,443,50000,1,163,124,149,10,0,0,31,193,8,8,31,193,-3,0,102,104,0,17,152,3,2,5,50,2,94,22,5,156,0.99,0.64,10,7.84,0
2,165,50000,50000,1,82,0,58,0,0,0,34,495,8,8,17,247,-3,0,55,56,12,21,52,2,0,7,17,0,239,296,6,164,1.13,0.65,8,6.64,0
2,140,443,443,1,70,0,150,0,0,0,31,193,8,8,31,193,-3,0,102,104,0,15,97,2,2,5,32,1,264,0,4,149,0.95,0.63,10,7.65,0
3,327,443,50000,1,163,124,149,10,0,0,26,193,8,8,26,193,-3,0,102,104,0,4,115,2,3,1,38,1,16,0,0,0,0,0,10,7.29,0
11,177,9002,50000,5,88,81,64,15,18,0,26,193,8,8,26,193,-3,0,102,104,0,18,91,2,2,9,45,0,193,130,3,145,0.84,0.62,9,7.77,0
3,150,8883,50000,1,75,10,149,12,0,0,37,495,8,8,18,247,-3,0,54,57,11,7,90,1,1,2,30,0,202,198,1,149,0.92,0.63,10,7.71,0
4,120,443,50000,2,60,28,143,32,0,0,31,193,8,8,31,193,-3,0,102,104,0,19,166,2,2,6,55,2,144,147,4,0,0,0,10,7.49,0
6,423,443,50000,2,141,99,117,92,115,0,24,193,8,8,24,193,-3,0,102,104,0,13,115,2,3,4,38,1,87,0,4,157,0.96,0.59,11,9.07,0
5,297,50000,50000,1,99,43,60,302,0,0,39,495,8,8,19,247,-3,0,55,60,11,14,90,2,2,7,45,0,123,2,6,162,0.98,0.53,10,7.25,0
0,0,0,0,0,0,0,0,0,0,0,30,193,8,8,30,193,-3,0,102,104,0,10,162,2,2,3,54,0,69,30,3,0,0,0,10,7.38,0
0,0,0,0,0,0,0,0,0,0,0,25,193,8,8,25,193,-3,0,102,104,0,13,91,2,2,4,30,0,131,27,4,166,1.01,0.57,9,7.5,0
14,558,443,50000,4,186,223,178,12,5,4,39,495,8,8,19,247,-3,0,55,58,10,14,91,1,1,4,30,0,143,229,2,168,1.12,0.62,10,7.93,0
0,0,0,0,0,0,0,0,0,0,0,30,193,8,8,30,193,-3,0,102,104,0,14,158,2,2,4,52,0,88,24,5,0,0,0,10,7.56,0
4,228,50000,50000,2,114,105,58,245,0,0,32,193,8,8,32,193,-3,0,102,104,0,8,165,3,2,2,55,2,149,137,2,158,0.98,0.57,10,7.76,0
0,0,0,0,0,0,0,0,0,0,0,28,193,8,8,28,193,-3,0,106,109,0,14,116,2,2,4,38,0,89,24,5,150,0.91,0.6,9,7.99,0
3,150,8883,50000,1,75,10,149,10,0,0,38,495,8,8,19,247,-3,0,56,63,12,18,52,2,0,6,17,0,265,261,5,0,0,0,10,8.82,0
4,120,443,50000,2,60,28,143,37,0,0,20,193,8,8,20,193,-3,0,102,105,0,13,98,2,2,4,32,0,116,69,3,159,1,0.62,10,7.52,0
0,0,0,0,0,0,0,0,0,0,0,32,495,5,5,16,247,-3,0,52,52,14,13,52,2,0,4,17,0,97,34,4,188,1.42,0.57,10,8.14,0
0,0,0,0,0,0,0,0,0,0,0,38,495,8,8,19,247,-3,0,54,57,11,7,90,1,1,2,30,0,169,322,1,0,0,0,10,7.55,0
3,156,443,443,1,52,0,104,0,0,0,31,193,8,8,31,193,-3,0,102,104,0,16,98,2,2,5,32,0,315,322,4,160,1.06,0.67,10,7.91,0
0,0,0,0,0,0,0,0,0,0,0,30,193,8,8,30,193,-3,0,102,104,0,18,52,2,0,6,17,0,170,83,4,185,1.51,0.67,10,7.94,0
4,243,50000,5223,1,81,12,60,8,0,0,37,495,8,8,18,247,-3,0,55,58,12,18,52,2,0,6,17,0,321,365,5,0,0,0,9,7.22,0
0,0,0,0,0,0,0,0,0,0,0,30,193,8,8,30,193,-3,0,102,104,0,22,118,2,3,7,39,2,141,125,6,180,1.45,0.74,10,7.53,0
4,172,50000,50000,2,86,65,58,453,0,0,30,193,8,8,30,193,-3,0,102,104,0,18,78,2,2,6,26,0,65,32,7,191,1.63,0.68,9,7.86,0
0,0,0,0,0,0,0,0,0,0,0,30,193,8,8,30,193,-3,0,106,109,0,12,90,2,2,6,45,0,134,39,5,198,1.73,0.61,10,8.04,0
3,150,8883,50000,1,75,10,149,10,0,0,34,495,8,8,17,247,-3,0,55,57,12,13,90,1,1,4,30,0,252,243,2,0,0,0,9,7.37,0
4,120,443,50000,2,60,28,143,31,0,0,20,193,8,8,20,193,-3,0,107,113,0,11,183,3,2,3,61,0,167,0,3,180,1.5,0.72,10,8.39,0
0,0,0,0,0,0,0,0,0,0,0,28,193,8,8,28,193,-3,0,109,115,0,17,78,2,12,5,26,0,64,33,6,0,0,0,10,7.32,0
6,186,50000,50000,3,93,61,58,362,300,0,40,495,8,8,20,247,-3,0,59,67,11,6,166,3,2,2,55,8,136,20,0,184,1.36,0.58,10,8.26,0
3,151,443,50000,1,75,11,150,46,0,0,28,193,8,8,28,193,-3,0,108,114,0,3,171,1,1,1,57,0,0,0,0,176,1.3,0.66,12,8.01,0
0,0,0,0,0,0,0,0,0,0,0,38,495,8,8,19,247,-3,0,63,71,12,15,154,1,2,5,51,0,250,210,4,177,1.28,0.66,11,8.38,0
3,183,443,50000,1,91,17,149,9,0,0,37,495,8,8,18,247,-3,0,57,64,11,7,91,1,1,2,30,0,52,34,1,0,0,0,10,7.68,0
0,0,0,0,0,0,0,0,0,0,0,33,495,8,8,16,247,-3,0,53,56,13,21,107,0,0,7,35,0,304,456,5,167,1.2,0.67,11,7.94,0
0,0,0,0,0,0,0,0,0,0,0,30,193,8,8,30,193,-3,0,102,104,0,13,116,2,1,4,38,0,81,0,4,162,1.03,0.57,9,8.12,0
0,0,0,0,0,0,0,0,0,0,0,31,193,8,8,31,193,-3,0,102,104,0,11,26,2,2,5,13,0,163,86,4,0,0,0,15,8.47,0
3,150,8883,50000,1,75,10,149,10,0,0,38,797,5,8,12,265,-3,0,46,56,6,10,52,2,0,3,17,0,93,30,3,147,0.93,0.65,10,8.47,0
4,120,443,50000,2,60,28,143,37,0,0,30,193,8,8,30,193,-3,0,102,104,0,13,162,2,2,4,54,0,89,24,4,145,0.9,0.62,10,7.29,0
11,412,9002,50000,3,137,91,121,531,225,1,30,193,8,8,30,193,-3,0,102,104,0,17,115,2,3,5,38,0,214,220,4,0,0,0,10,8.31,0
4,164,50000,50000,2,82,60,58,453,0,0,37,495,8,8,18,247,-3,0,55,60,11,12,52,2,2,4,17,0,108,81,4,153,0.9,0.58,14,8.66,0
3,107,443,50000,1,53,10,93,0,0,0,30,193,8,8,30,193,-3,0,105,109,0,15,162,2,2,5,54,0,81,48,5,144,0.87,0.64,11,8.06,0
0,0,0,0,0,0,0,0,0,0,0,30,193,8,8,30,193,-3,0,102,104,0,13,90,2,2,4,30,0,89,25,4,0,0,0,9,6.98,0
0,0,0,0,0,0,0,0,0,0,0,48,797,5,8,16,265,-3,0,47,53,10,15,116,2,1,5,38,0,81,0,5,170,1.09,0.57,10,8.15,0
2,165,50000,50000,1,82,0,58,0,0,0,30,193,8,8,30,193,-3,0,102,104,0,3,179,3,2,1,59,0,0,0,0,179,1.15,0.57,10,7.89,0
4,196,50000,50000,2,98,82,58,243,0,0,26,193,8,8,26,193,-3,0,102,104,0,12,52,2,0,4,17,0,90,27,4,0,0,0,9,7.73,0
0,0,0,0,0,0,0,0,0,0,0,30,193,8,8,30,193,-3,0,102,104,0,15,90,2,2,5,30,0,74,22,5,196,1.54,0.59,10,7.3,0
3,150,8883,50000,1,75,10,149,12,0,0,34,495,8,8,17,247,-3,0,60,74,8,17,91,2,2,5,30,0,128,41,3,191,1.8,0.91,10,7.94,0
4,120,443,50000,2,60,28,143,32,0,0,31,193,8,8,31,193,-3,0,102,104,0,26,52,2,0,8,17,0,105,83,5,0,0,0,9,7.52,0
3,183,443,50000,1,91,17,149,9,0,0,31,193,8,8,31,193,-3,0,102,104,0,14,90,2,2,4,30,0,81,1,5,191,1.75,0.87,10,8.43,0
2,165,50000,50000,1,82,0,58,0,0,0,44,495,8,8,22,247,-3,0,53,55,8,15,52,2,0,5,17,0,81,1,5,182,1.49,0.74,9,7.08,0
0,0,0,0,0,0,0,0,0,0,0,25,193,8,8,25,193,-3,0,102,104,0,11,162,2,2,3,54,0,100,35,3,0,0,0,9,7.49,0
31,582,443,50000,15,291,461,143,41,50,1,29,193,8,8,29,193,-3,0,106,109,0,15,52,2,0,5,17,0,81,0,5,176,1.22,0.67,10,7.6,0
0,0,0,0,0,0,0,0,0,0,0,42,495,8,8,21,247,-3,0,54,56,9,10,90,1,1,3,30,0,43,29,3,171,1.21,0.64,10,7.65,0
7,405,443,50000,2,135,68,173,112,39,1,34,495,8,8,17,247,-3,0,86,100,13,13,164,2,2,4,54,0,107,27,4,156,1.03,0.66,10,8.26,0
8,456,443,443,2,152,137,60,444,464,0,38,495,8,8,19,247,-3,0,63,75,11,19,111,2,3,6,37,0,243,253,5,0,0,0,10,7.76,0
11,177,9002,50000,5,88,81,64,15,18,0,31,193,8,8,31,193,-3,0,102,104,0,15,90,2,2,5,30,0,81,0,5,154,1.05,0.66,11,8.45,0
3,150,8883,50000,1,75,10,149,10,0,0,29,495,8,8,14,247,-3,0,54,58,7,10,52,2,0,3,17,0,81,0,3,161,1.09,0.62,9,7.19,0
10,226,80,50000,3,75,20,173,441,6,1,28,193,8,8,28,193,-3,0,102,104,0,20,152,3,2,6,50,2,368,473,3,0,0,0,10,7.91,0
0,0,0,0,0,0,0,0,0,0,0,29,193,8,8,29,193,-3,0,106,109,0,14,52,2,0,4,17,0,89,24,5,165,1,0.56,9,7.42,0
5,409,443,50000,1,136,103,117,74,0,0,41,495,8,8,20,247,-3,0,54,56,10,17,153,2,2,5,51,1,81,22,5,162,1.02,0.62,10,8.31,0
0,0,0,0,0,0,0,0,0,0,0,29,193,8,8,29,193,-3,0,106,109,0,16,162,2,2,5,54,0,68,44,6,0,0,0,10,7.4,0
5,379,443,50000,1,126,90,121,37,0,0,30,193,8,8,30,193,-3,0,102,104,0,12,52,2,2,4,17,0,90,27,4,178,1.19,0.56,10,7.92,0
0,0,0,0,0,0,0,0,0,0,0,45,797,5,8,15,265,-3,0,36,37,12,19,91,2,2,6,30,0,186,50,5,189,1.39,0.57,9,7.61,0
3,265,50000,443,1,88,0,121,0,0,0,30,193,8,8,30,193,-3,0,102,104,0,15,162,2,2,5,54,0,81,33,5,0,0,0,10,7.82,0
0,0,0,0,0,0,0,0,0,0,0,31,193,8,8,31,193,-3,0,102,104,0,16,90,2,2,5,30,0,75,22,6,172,1.23,0.64,11,8.58,0
0,0,0,0,0,0,0,0,0,0,0,19,193,8,8,19,193,-3,0,108,113,0,10,52,2,0,3,17,0,81,0,3,176,1.19,0.56,10,7.1,0
3,150,8883,50000,1,75,10,149,11,0,0,38,495,8,8,19,247,-3,0,54,57,12,14,90,2,2,4,30,0,81,0,5,0,0,0,10,7.64,0
4,120,443,50000,2,60,28,143,35,0,0,30,193,8,8,30,193,-3,0,102,104,0,25,52,2,0,8,17,0,103,77,5,178,1.2,0.59,10,7.48,0
1,40,0,0,1,40,0,232,0,0,0,31,193,8,8,31,193,-3,0,102,104,0,17,52,2,0,5,17,0,577,22,5,185,1.41,0.66,9,7.98,0
6,424,50000,443,2,141,138,60,309,0,0,37,495,8,8,18,247,-3,0,55,59,11,16,118,2,3,5,39,0,75,39,6,0,0,0,10,7.19,0
0,0,0,0,0,0,0,0,0,0,0,31,193,8,8,31,193,-3,0,102,104,0,14,162,2,2,4,54,0,87,18,5,180,1.32,0.68,10,7.89,0
0,0,0,0,0,0,0,0,0,0,0,30,193,8,8,30,193,-3,0,102,104,0,17,90,2,2,5,30,0,93,12,5,184,1.39,0.62,9,6.92,0
3,327,443,50000,1,163,124,149,10,0,0,36,495,8,8,18,247,-3,0,61,74,12,14,158,2,2,4,52,1,95,0,4,190,1.59,0.75,10,9.26,0
0,0,0,0,0,0,0,0,0,0,0,30,193,8,8,30,193,-3,0,102,104,0,14,162,2,2,4,54,0,88,23,5,0,0,0,9,6.8,0
4,172,50000,50000,2,86,65,58,245,0,0,31,193,8,8,31,193,-3,0,102,104,0,16,52,2,2,5,17,0,760,34,5,178,1.22,0.62,10,8.65,0
3,327,443,50000,1,163,124,149,10,0,0,20,193,8,8,20,193,-3,0,102,105,0,12,150,3,2,4,50,1,84,28,3,0,0,0,10,7.63,0
8,396,443,8883,2,132,75,121,26,7,0,39,495,8,8,19,247,-3,0,56,60,10,16,148,3,2,5,49,1,86,0,5,150,0.88,0.65,9,7.38,0
4,120,443,50000,2,60,28,143,37,0,0,31,193,8,8,31,193,-3,0,102,104,0,20,107,0,0,6,35,0,187,144,4,168,1.06,0.59,9,7.27,0
0,0,0,0,0,0,0,0,0,0,0,35,495,8,8,17,247,-3,0,53,55,12,15,52,2,0,5,17,0,81,0,5,180,1.29,0.63,9,7.7,0
0,0,0,0,0,0,0,0,0,0,0,40,495,8,8,20,247,-3,0,53,55,11,13,52,2,2,4,17,0,97,33,4,0,0,0,10,8.14,0
0,0,0,0,0,0,0,0,0,0,0,30,193,8,8,30,193,-3,0,102,104,0,16,98,2,2,5,32,0,189,131,4,196,1.71,0.74,10,7.6,0
0,0,0,0,0,0,0,0,0,0,0,31,193,8,8,31,193,-3,0,102,104,0,15,90,2,2,5,30,0,81,0,5,195,1.61,0.62,10,7.47,0
0,0,0,0,0,0,0,0,0,0,0,36,495,8,8,18,247,-3,0,56,59,10,16,90,2,2,5,30,0,158,45,3,0,0,0,9,7.52,0
3,165,50000,50000,1,82,0,58,562,0,0,27,193,8,8,27,193,-3,0,102,104,0,14,52,2,0,4,17,0,814,25,4,190,1.57,0.63,13,9.33,0
6,424,50000,443,2,141,138,60,309,0,0,24,193,8,8,24,193,-3,0,102,104,0,11,88,0,0,3,29,1,99,94,3,188,1.51,0.62,10,7.39,0
0,0,0,0,0,0,0,0,0,0,0,31,193,8,8,31,193,-3,0,102,104,0,14,52,2,0,4,17,0,81,36,5,0,0,0,10,8.4,0
3,150,8883,50000,1,75,10,149,11,0,0,42,797,5,8,14,265,-3,0,49,57,11,14,52,2,2,4,17,0,89,57,5,194,1.62,0.64,10,7.33,0
4,120,443,50000,2,60,28,143,30,0,0,30,193,8,8,30,193,-3,0,105,109,0,28,167,2,2,9,55,2,169,165,4,165,1.12,0.65,10,8.01,0
11,177,9002,50000,5,88,81,64,14,18,0,28,193,8,8,28,193,-3,0,106,110,0,13,52,2,2,4,17,0,97,34,4,0,0,0,9,7.62,0
6,170,50000,50000,3,85,51,58,361,300,0,32,495,8,8,16,247,-3,0,56,62,10,14,52,2,0,4,17,0,74,24,5,157,1.04,0.67,10,8.17,0
0,0,0,0,0,0,0,0,0,0,0,29,193,8,8,29,193,-3,0,102,104,0,17,98,2,2,5,32,0,188,124,4,160,1.02,0.61,10,7.35,0
3,151,443,50000,1,75,11,150,46,0,0,30,193,8,8,30,193,-3,0,102,104,0,14,52,2,0,4,17,0,81,0,5,0,0,0,10,8.85,0
0,0,0,0,0,0,0,0,0,0,0,46,495,8,8,23,247,-3,0,54,60,8,14,52,2,0,4,17,0,81,0,5,155,0.99,0.59,11,7.83,0
0,0,0,0,0,0,0,0,0,0,0,31,193,8,8,31,193,-3,0,102,104,0,16,98,2,2,5,32,0,440,484,4,140,0.83,0.59,9,8.03,0
0,0,0,0,0,0,0,0,0,0,0,25,193,8,8,25,193,-3,0,102,104,0,14,52,2,0,4,17,0,74,24,5,0,0,0,9,7.43,0
3,183,443,50000,1,91,17,149,10,0,0,24,193,8,8,24,193,-3,0,106,111,0,12,52,2,0,4,17,0,81,0,4,147,0.88,0.64,10,7.97,0
3,150,8883,50000,1,75,10,149,12,0,0,43,495,8,8,21,247,-3,0,54,57,9,13,52,2,0,4,17,0,81,0,4,165,1.12,0.63,10,7.81,0
4,657,443,443,1,219,9,173,25,0,0,30,193,8,8,30,193,-3,0,102,104,0,19,98,2,2,6,32,0,163,174,5,0,0,0,10,7.7,0
0,0,0,0,0,0,0,0,0,0,0,30,193,8,8,30,193,-3,0,102,104,0,16,52,2,0,5,17,0,75,22,6,177,1.18,0.64,10,7.9,0
8,424,443,443,2,141,122,60,436,218,0,36,495,8,8,18,247,-3,0,54,57,12,17,152,3,2,5,50,2,234,247,3,180,1.4,0.7,10,7.87,0
0,0,0,0,0,0,0,0,0,0,0,30,193,8,8,30,193,-3,0,105,109,0,14,162,2,2,4,54,0,88,22,5,194,1.9,0.87,10,7.96,0
0,0,0,0,0,0,0,0,0,0,0,29,193,8,8,29,193,-3,0,106,109,0,19,94,2,2,6,31,0,223,38,6,0,0,0,9,7.75,0
0,0,0,0,0,0,0,0,0,0,0,39,495,8,8,19,247,-3,0,54,58,11,18,91,2,2,6,30,0,175,9,5,182,1.35,0.62,10,7.95,0
2,165,50000,50000,1,82,0,58,0,0,0,30,193,8,8,30,193,-3,0,102,104,0,7,90,1,1,2,30,0,248,360,1,170,1.16,0.64,9,7.19,0
4,172,50000,50000,2,86,65,58,246,0,0,20,193,8,8,20,193,-3,0,102,105,0,13,52,2,0,4,17,0,57,38,4,0,0,0,10,7.89,0
10,183,9002,9002,5,91,84,64,17,19,0,30,193,8,8,30,193,-3,0,105,109,0,15,90,2,2,5,30,0,81,0,5,157,0.98,0.58,9,7.04,0
3,150,8883,50000,1,75,10,149,11,0,0,36,495,8,8,18,247,-3,0,56,60,11,16,90,2,2,5,30,0,75,51,6,135,0.75,0.62,10,7.96,0
4,120,443,50000,2,60,28,143,32,0,0,40,495,8,8,20,247,-3,0,54,57,11,14,162,2,2,4,54,0,81,35,5,0,0,0,10,8.04,0
10,294,50000,50000,3,98,73,60,291,207,0,30,193,8,8,30,193,-3,0,102,104,0,15,52,2,0,5,17,0,81,0,5,146,0.83,0.57,10,7.98,0
2,165,50000,50000,1,82,0,58,0,0,0,40,495,8,8,20,247,-3,0,55,58,11,14,52,2,0,4,17,0,89,24,5,143,0.75,0.56,11,8.05,0
3,183,443,50000,1,91,17,149,10,0,0,30,193,8,8,30,193,-3,0,102,104,0,19,98,2,2,6,32,0,195,144,5,0,0,0,10,8.65,0
0,0,0,0,0,0,0,0,0,0,0,31,193,8,8,31,193,-3,0,102,104,0,14,52,2,0,4,17,0,88,24,5,151,0.85,0.54,10,8.05,0
0,0,0,0,0,0,0,0,0,0,0,36,495,8,8,18,247,-3,0,59,67,11,10,90,1,1,3,30,0,97,113,3,162,0.97,0.52,11,7.88,0
0,0,0,0,0,0,0,0,0,0,0,21,193,8,8,21,193,-3,0,102,105,0,12,52,2,0,4,17,0,72,48,4,0,0,0,11,8.37,0
4,172,50000,50000,2,86,65,58,453,0,0,34,495,8,8,17,247,-3,0,52,53,13,17,124,2,3,5,41,0,69,42,6,168,1.04,0.55,10,7.96,0
3,327,443,50000,1,163,124,149,10,0,0,31,193,8,8,31,193,-3,0,102,104,0,17,152,3,2,5,50,2,93,40,5,163,1.09,0.57,10,8.34,0
3,150,8883,50000,1,75,10,149,10,0,0,38,495,8,8,19,247,-3,0,54,57,11,14,52,2,0,4,17,0,88,24,5,0,0,0,9,7.01,0
4,120,443,50000,2,60,28,143,37,0,0,36,495,8,8,18,247,-3,0,52,53,13,14,124,2,3,4,41,0,88,23,5,166,1.03,0.55,10,9,0
0,0,0,0,0,0,0,0,0,0,0,30,193,8,8,30,193,-3,0,102,104,0,17,90,2,2,5,30,0,69,29,6,179,1.11,0.53,9,6.95,0
4,164,50000,50000,2,82,60,58,151,0,0,38,495,8,8,19,247,-3,0,57,64,11,12,52,2,2,4,17,0,99,36,4,0,0,0,10,8.08,0
12,205,443,50000,6,102,67,149,29,25,0,30,193,8,8,30,193,-3,0,102,104,0,16,98,2,2,5,32,0,222,133,4,191,1.24,0.45,10,7.95,0
3,151,443,50000,1,75,11,150,46,0,0,24,193,8,8,24,193,-3,0,106,111,0,13,52,2,0,4,17,0,81,0,4,180,1.2,0.51,10,7.73,0
4,303,443,50000,2,151,141,149,26,0,0,34,495,8,8,17,247,-3,0,57,63,10,15,154,3,2,5,51,1,93,24,4,181,1.11,0.46,11,8.33,0
3,227,0,0,1,75,0,174,0,0,0,25,193,8,8,25,193,-3,0,102,104,0,13,153,2,2,4,51,1,86,0,4,0,0,0,11,7.88,0
14,448,443,50000,7,224,317,149,18,11,0,31,193,8,8,31,193,-3,0,102,104,0,14,124,2,3,4,41,0,88,23,5,174,1.06,0.51,9,8.21,0
0,0,0,0,0,0,0,0,0,0,0,30,193,8,8,30,193,-3,0,102,104,0,14,130,2,3,4,43,0,122,87,3,0,0,0,13,10.51,0
3,150,8883,50000,1,75,10,149,12,0,0,42,495,8,8,21,247,-3,0,54,57,10,11,52,2,0,3,17,0,313,90,3,185,1.18,0.48,11,9.06,0
4,120,443,50000,2,60,28,143,31,0,0,25,193,8,8,25,193,-3,0,102,104,0,16,130,2,3,5,43,3,89,21,5,179,1.1,0.53,11,8.14,0
3,190,443,50000,1,95,27,149,11,0,0,26,193,8,8,26,193,-3,0,102,104,0,14,166,2,2,4,55,0,112,38,4,172,1.06,0.54,11,8.85,0
5,297,50000,50000,1,99,43,60,303,0,0,32,495,8,8,16,247,-3,0,54,58,13,14,111,2,3,4,37,0,88,24,5,0,0,0,10,8.14,0
0,0,0,0,0,0,0,0,0,0,0,31,193,8,8,31,193,-3,0,102,104,0,18,98,2,2,6,32,0,178,149,5,169,1.03,0.55,10,9.05,0
0,0,0,0,0,0,0,0,0,0,0,28,193,8,8,28,193,-3,0,109,115,0,14,169,2,2,4,56,0,81,0,5,150,0.96,0.61,10,7.62,0
0,0,0,0,0,0,0,0,0,0,0,39,495,8,8,19,247,-3,0,57,62,10,16,52,2,0,5,17,0,75,22,6,0,0,0,10,8.5,0
0,0,0,0,0,0,0,0,0,0,0,20,193,8,8,20,193,-3,0,102,105,0,14,168,2,2,4,56,0,74,24,5,155,0.92,0.58,9,7.55,0
4,188,50000,50000,2,94,77,58,245,0,0,31,193,8,8,31,193,-3,0,102,104,0,11,124,2,3,3,41,0,91,27,3,165,1.05,0.62,11,8.62,0
0,0,0,0,0,0,0,0,0,0,0,30,193,8,8,30,193,-3,0,102,104,0,17,52,2,0,5,17,0,69,29,6,0,0,0,10,7.71,0
3,150,8883,50000,1,75,10,149,10,0,0,40,495,8,8,20,247,-3,0,55,57,11,15,52,2,0,5,17,0,81,0,5,151,0.96,0.6,11,8.33,0
4,120,443,50000,2,60,28,143,35,0,0,30,193,8,8,30,193,-3,0,102,104,0,14,124,2,3,4,41,0,88,22,5,166,1.01,0.59,11,7.64,0
10,182,9002,9002,5,91,84,64,16,18,0,30,193,8,8,30,193,-3,0,105,109,0,13,52,2,0,4,17,0,97,34,4,0,0,0,10,8.38,0
3,183,443,50000,1,91,17,149,10,0,0,40,495,8,8,20,247,-3,0,54,57,10,14,52,2,0,4,17,0,81,0,5,152,0.93,0.56,9,7.95,0
21,998,443,50000,10,499,454,150,44,56,1,31,193,8,8,31,193,-3,0,102,104,0,17,98,2,2,5,32,0,185,125,4,142,0.82,0.59,9,7.69,0
6,327,443,50000,3,163,101,149,791,329,1,30,193,8,8,30,193,-3,0,102,104,0,18,52,0,0,6,17,0,66,101,7,0,0,0,10,8.11,0
0,0,0,0,0,0,0,0,0,0,0,20,193,8,8,20,193,-3,0,102,105,0,17,90,0,0,5,30,0,30,23,6,153,0.87,0.58,9,7.15,0
1,125,50000,50000,1,125,0,64,0,0,0,40,495,8,8,20,247,-3,0,54,57,11,15,52,2,0,5,17,0,81,0,5,151,0.91,0.6,10,8.91,0
5,158,50000,50000,2,79,60,58,887,609,0,30,193,8,8,30,193,-3,0,102,104,0,15,124,2,3,5,41,0,81,33,5,0,0,0,11,8,0
0,0,0,0,0,0,0,0,0,0,0,31,193,8,8,31,193,-3,0,102,104,0,13,52,2,0,4,17,0,97,34,4,153,0.94,0.58,10,8.4,0
36,805,443,8883,12,268,383,117,22,25,7,35,495,8,8,17,247,-3,0,57,63,12,14,90,2,2,4,30,0,81,0,5,160,0.96,0.59,11,8.12,0
4,120,443,50000,2,60,28,143,30,0,0,31,193,8,8,31,193,-3,0,102,104,0,22,128,2,3,7,42,2,157,114,7,0,0,0,10,8.37,0
2,133,443,443,1,66,0,143,0,0,0,30,193,8,8,30,193,-3,0,102,104,0,19,130,2,3,6,43,3,94,32,6,155,0.99,0.58,10,7.76,0
6,395,443,50000,2,131,99,117,136,88,0,44,495,8,8,22,247,-3,0,53,55,9,14,91,1,1,4,30,0,96,98,1,158,1.02,0.64,10,9.35,0
8,790,443,50000,2,263,287,141,18,17,1,30,193,8,8,30,193,-3,0,102,104,0,18,161,3,2,6,53,0,219,276,5,168,1.1,0.62,9,7.13,0
3,327,443,50000,1,163,124,149,11,0,0,31,193,8,8,31,193,-3,0,102,104,0,12,52,2,0,4,17,0,99,35,4,0,0,0,11,8.06,0
5,395,443,50000,1,131,90,121,34,0,0,25,797,5,8,8,265,-3,0,36,39,8,16,52,2,0,5,17,0,138,112,3,175,1.15,0.6,9,7.78,0
6,329,443,50000,3,164,102,149,640,264,1,30,193,8,8,30,193,-3,0,102,104,0,15,164,2,2,5,54,0,98,0,4,0,0,0,11,8.24,0
0,0,0,0,0,0,0,0,0,0,0,31,193,8,8,31,193,-3,0,101,103,0,16,111,2,3,5,37,0,257,257,4,179,1.34,0.67,10,7.9,0
10,183,9002,9002,5,91,84,64,17,19,0,28,193,8,8,28,193,-3,0,109,115,0,15,52,2,0,5,17,0,81,0,5,158,1.19,0.69,10,8.11,0
7,205,80,8883,2,68,24,124,18,5,0,33,495,8,8,16,247,-3,0,52,52,14,14,116,2,1,4,38,0,88,43,5,154,0.88,0.59,10,7.46,0
4,120,443,50000,2,60,28,143,37,0,0,30,193,8,8,30,193,-3,0,102,104,0,14,124,2,3,4,41,0,88,23,5,0,0,0,10,8.08,0
0,0,0,0,0,0,0,0,0,0,0,31,193,8,8,31,193,-3,0,102,104,0,14,116,2,2,4,38,0,384,34,4,154,0.92,0.61,10,7.99,0
2,165,50000,50000,1,82,0,58,0,0,0,39,797,5,8,13,265,-3,0,37,38,12,14,52,2,0,4,17,0,74,43,5,151,0.89,0.55,9,8.01,0
0,0,0,0,0,0,0,0,0,0,0,26,193,8,8,26,193,-3,0,102,104,0,14,98,2,2,4,32,0,222,180,3,0,0,0,11,9,0
2,135,443,443,1,67,0,150,0,0,0,25,193,8,8,25,193,-3,0,102,104,0,13,52,2,0,4,17,0,81,0,4,133,0.66,0.6,9,7.2,0
2,104,443,443,1,52,0,150,0,0,0,38,495,8,8,19,247,-3,0,57,66,12,16,91,2,2,5,30,0,184,1,4,150,0.92,0.56,10,8.96,0
0,0,0,0,0,0,0,0,0,0,0,30,193,8,8,30,193,-3,0,102,104,0,15,90,2,2,5,30,0,81,49,5,0,0,0,10,7.57,0
4,308,50000,443,1,102,11,121,6,0,0,36,495,8,8,18,247,-3,0,64,72,12,13,78,2,11,4,26,0,97,33,4,153,0.95,0.59,10,8.38,0
0,0,0,0,0,0,0,0,0,0,0,30,193,8,8,30,193,-3,0,105,109,0,14,90,2,2,4,30,0,88,24,5,157,0.97,0.56,10,7.26,0
3,150,8883,50000,1,75,10,149,10,0,0,33,495,8,8,16,247,-3,0,55,58,8,12,52,2,0,4,17,0,81,0,4,0,0,0,10,8.52,0
4,120,443,50000,2,60,28,143,31,0,0,26,193,8,8,26,193,-3,0,102,104,0,22,128,2,3,7,42,2,105,81,5,163,0.98,0.54,9,7.39,0
0,0,0,0,0,0,0,0,0,0,0,30,193,8,8,30,193,-3,0,102,104,0,18,124,2,3,6,41,0,65,45,7,153,0.93,0.6,10,8.12,0
2,165,50000,50000,1,82,0,58,0,0,0,38,495,8,8,19,247,-3,0,55,59,12,14,52,2,0,4,17,0,88,24,5,0,0,0,10,7.81,0
1,40,0,0,1,40,0,232,0,0,0,30,193,8,8,30,193,-3,0,102,104,0,16,98,2,2,5,32,0,209,167,4,162,1.14,0.67,10,8.14,0
0,0,0,0,0,0,0,0,0,0,0,26,193,8,8,26,193,-3,0,102,104,0,12,26,0,2,4,8,0,81,0,4,152,0.99,0.63,10,7.74,0
0,0,0,0,0,0,0,0,0,0,0,32,495,8,8,16,247,-3,0,61,73,11,13,52,2,0,4,17,0,81,0,4,0,0,0,9,7.11,0
0,0,0,0,0,0,0,0,0,0,0,26,193,8,8,26,193,-3,0,102,104,0,13,52,2,0,4,17,0,81,0,4,147,0.88,0.57,11,8.53,0
6,264,50000,443,2,88,62,60,310,0,0,30,193,8,8,30,193,-3,0,102,104,0,12,124,2,3,4,41,0,99,35,4,162,0.92,0.6,10,7.71,0
0,0,0,0,0,0,0,0,0,0,0,30,193,8,8,30,193,-3,0,102,104,0,13,52,2,0,4,17,0,97,34,4,0,0,0,10,8.48,0
3,150,8883,50000,1,75,10,149,11,0,0,40,495,8,8,20,247,-3,0,54,57,11,14,52,2,0,4,17,0,81,36,5,157,1.02,0.65,10,8.67,0
6,351,443,50000,2,117,103,116,32,0,0,29,193,8,8,29,193,-3,0,106,109,0,18,161,3,2,6,53,0,90,23,4,167,1.09,0.61,11,9.75,0
0,0,0,0,0,0,0,0,0,0,0,31,193,8,8,31,193,-3,0,102,104,0,14,116,2,3,4,38,0,81,36,5,147,0.91,0.63,10,7.43,0
5,409,443,50000,1,136,102,117,78,0,0,38,495,8,8,19,247,-3,0,55,58,11,17,158,2,2,5,52,1,88,22,5,0,0,0,10,8.34,0
3,327,443,50000,1,163,124,149,9,0,0,31,193,8,8,31,193,-3,0,102,104,0,15,124,2,3,5,41,0,81,48,5,155,0.98,0.58,9,7.27,0
0,0,0,0,0,0,0,0,0,0,0,20,193,8,8,20,193,-3,0,102,105,0,10,52,2,0,3,17,0,81,0,3,0,0,0,9,7.62,0
3,151,443,50000,1,75,11,150,43,0,0,38,495,8,8,19,247,-3,0,54,57,12,18,91,2,2,6,30,0,174,34,5,165,1.05,0.57,10,7.69,0
2,140,443,443,1,70,0,150,0,0,0,33,495,5,5,16,247,-3,0,53,54,13,3,52,2,0,1,17,0,0,0,0,177,1.42,0.71,11,8.12,0
4,452,50000,443,1,150,82,121,7,0,0,30,193,8,8,30,193,-3,0,105,109,0,15,114,2,2,5,38,1,101,43,4,177,1.32,0.67,10,7.28,0
0,0,0,0,0,0,0,0,0,0,0,30,193,8,8,30,193,-3,0,102,104,0,19,52,2,0,6,17,0,372,343,5,0,0,0,10,7.69,0
3,150,8883,50000,1,75,10,149,10,0,0,35,495,8,8,17,247,-3,0,52,54,12,14,52,2,0,4,17,0,81,0,5,168,1.14,0.64,11,8.03,0
7,241,443,50000,2,80,56,116,49,37,0,30,193,8,8,30,193,-3,0,105,109,0,18,128,2,3,6,42,2,122,52,5,180,1.34,0.65,9,7.89,0
20,930,9002,9002,6,310,283,57,83,230,2,30,193,8,8,30,193,-3,0,102,104,0,15,52,2,0,5,17,0,81,0,5,0,0,0,10,7.89,0
8,307,50000,50000,2,102,93,53,325,40,0,38,495,8,8,19,247,-3,0,55,60,12,16,52,2,0,5,17,0,75,22,6,177,1.31,0.66,11,8.34,0
3,327,443,50000,1,163,124,149,11,0,0,20,193,8,8,20,193,-3,0,102,105,0,6,197,1,3,2,65,1,69,28,0,171,1.14,0.61,10,8.23,0
0,0,0,0,0,0,0,0,0,0,0,31,193,8,8,31,193,-3,0,102,104,0,3,179,3,2,1,59,0,0,0,0,0,0,0,10,7.45,0
0,0,0,0,0,0,0,0,0,0,0,44,495,8,8,22,247,-3,0,53,55,8,15,52,2,0,5,17,0,81,0,5,167,1.07,0.62,11,8.55,0
0,0,0,0,0,0,0,0,0,0,0,31,193,8,8,31,193,-3,0,102,104,0,14,90,2,2,4,30,0,81,36,5,154,0.94,0.59,11,8.61,0
5,409,443,50000,1,136,103,117,106,0,0,30,193,8,8,30,193,-3,0,102,104,0,15,158,2,2,5,52,1,103,23,4,0,0,0,10,8.51,0
3,328,443,50000,1,164,125,149,10,0,0,31,193,8,8,31,193,-3,0,102,104,0,18,115,2,3,6,38,1,82,22,5,148,0.92,0.65,9,6.83,0
3,150,8883,50000,1,75,10,149,10,0,0,39,495,8,8,19,247,-3,0,54,57,10,15,52,2,0,5,17,0,81,0,5,89,0.66,0.68,10,8.25,0
4,120,443,50000,2,60,28,143,37,0,0,31,495,8,8,15,247,-3,0,51,52,14,11,116,2,1,3,38,0,116,135,3,0,0,0,9,7.43,0
0,0,0,0,0,0,0,0,0,0,0,31,193,8,8,31,193,-3,0,102,104,0,4,90,0,0,1,30,0,466,0,0,71,0.4,0.55,11,7.49,0
0,0,0,0,0,0,0,0,0,0,0,37,495,8,8,18,247,-3,0,58,66,11,11,52,2,0,3,17,0,92,30,3,53,0.18,0.4,10,8.16,0
0,0,0,0,0,0,0,0,0,0,0,21,193,8,8,21,193,-3,0,102,105,0,13,52,2,0,4,17,0,81,0,4,0,0,0,9,7.41,0
3,327,443,50000,1,163,124,149,10,0,0,30,193,8,8,30,193,-3,0,102,104,0,8,115,2,3,2,38,1,181,189,1,64,0.32,0.54,10,8.21,0
0,0,0,0,0,0,0,0,0,0,0,32,495,8,8,16,247,-3,0,54,54,14,20,117,2,1,6,39,0,169,45,6,47,0.16,0.38,10,7.42,0
3,328,443,50000,1,164,125,149,9,0,0,30,193,8,8,30,193,-3,0,102,104,0,14,113,2,3,4,37,0,82,1,5,0,0,0,10,8.37,0
6,170,50000,50000,3,85,51,58,869,587,0,32,495,8,8,16,247,-3,0,51,52,15,13,52,2,0,4,17,0,81,0,4,39,0.36,0.56,9,7.15,0
0,0,0,0,0,0,0,0,0,0,0,29,193,8,8,29,193,-3,0,102,104,0,3,173,3,2,1,57,0,0,0,0,65,0.39,0.55,10,8.34,0
9,230,9002,50000,3,76,28,121,11,6,2,33,495,8,8,16,247,-3,0,54,58,9,14,52,2,2,4,17,0,82,1,5,35,0.19,0.42,10,7.54,0
4,120,443,50000,2,60,28,143,33,0,0,26,193,8,8,26,193,-3,0,106,110,0,18,52,2,0,6,17,0,65,33,7,0,0,0,10,8.16,0
10,294,50000,50000,3,98,73,60,300,180,0,31,193,8,8,31,193,-3,0,102,104,0,14,116,2,1,4,38,0,87,80,5,48,0.27,0.49,9,7,0
6,207,50000,50000,3,103,80,58,414,226,0,27,495,8,8,13,247,-3,0,52,52,11,13,52,2,0,4,17,0,81,0,4,0,0,0,9,8.33,0
3,327,443,50000,1,163,124,149,9,0,0,30,193,8,8,30,193,-3,0,102,104,0,24,52,2,0,8,17,0,124,73,4,70,0.36,0.55,10,7.44,0
3,328,443,50000,1,164,125,149,10,0,0,30,193,8,8,30,193,-3,0,105,109,0,7,26,2,2,7,26,0,243,2,0,80,0.52,0.62,11,8.42,0
0,0,0,0,0,0,0,0,0,0,0,28,797,5,8,9,265,-3,0,45,52,10,14,120,2,3,4,40,0,74,23,5,131,0.84,0.79,9,6.74,0
3,151,443,50000,1,75,11,150,41,0,0,30,495,8,8,15,247,-3,0,72,77,11,14,90,2,2,7,45,0,123,2,6,0,0,0,9,8.26,0
0,0,0,0,0,0,0,0,0,0,0,30,193,8,8,30,193,-3,0,102,104,0,3,78,2,7,1,26,0,0,0,0,132,0.93,0.72,10,7.42,0
3,328,443,50000,1,164,125,149,10,0,0,30,193,8,8,30,193,-3,0,105,109,0,3,170,3,3,1,56,0,0,0,0,110,0.65,0.65,9,7.24,0
5,379,443,443,1,126,90,121,13,0,0,37,495,8,8,18,247,-3,0,54,57,11,14,137,2,3,4,45,0,89,24,5,0,0,0,9,8.29,0
4,120,443,50000,2,60,28,143,37,0,0,31,193,8,8,31,193,-3,0,102,104,0,14,52,2,0,4,17,0,88,24,5,80,0.57,0.63,9,7.29,0
0,0,0,0,0,0,0,0,0,0,0,29,193,8,8,29,193,-3,0,106,109,0,12,116,2,1,4,38,0,107,111,4,75,0.55,0.6,10,7.92,0
4,172,50000,50000,2,86,65,58,452,0,0,27,495,8,8,13,247,-3,0,55,60,6,8,26,2,2,8,26,0,244,0,0,0,0,0,9,6.86,0
0,0,0,0,0,0,0,0,0,0,0,30,193,8,8,30,193,-3,0,102,104,0,18,78,2,2,6,26,0,65,32,7,49,0.3,0.52,10,8.08,0
0,0,0,0,0,0,0,0,0,0,0,30,193,8,8,30,193,-3,0,102,104,0,15,98,2,2,5,32,1,407,204,2,78,0.41,0.58,9,7.11,0
0,0,0,0,0,0,0,0,0,0,0,46,495,8,8,23,247,-3,0,53,55,8,10,52,2,0,3,17,0,108,145,3,0,0,0,10,7.76,0
0,0,0,0,0,0,0,0,0,0,0,30,193,8,8,30,193,-3,0,102,104,0,15,90,2,2,5,30,0,629,24,4,99,0.52,0.63,11,8.3,0
5,321,50000,50000,1,107,55,60,100,0,0,31,193,8,8,31,193,-3,0,102,104,0,3,116,2,1,1,38,0,0,0,0,111,0.9,0.71,10,7.66,0
0,0,0,0,0,0,0,0,0,0,0,30,193,8,8,30,193,-3,0,102,104,0,4,173,3,2,1,57,0,0,0,0,0,0,0,10,7.52,0
5,250,8883,8883,1,83,18,121,57,0,0,38,495,8,8,19,247,-3,0,54,57,12,14,52,2,0,4,17,0,81,1,5,75,0.54,0.63,8,7.71,0
4,120,443,50000,2,60,28,143,34,0,0,30,193,8,8,30,193,-3,0,102,104,0,15,52,2,0,5,17,0,74,23,5,86,0.61,0.61,11,7.79,0
0,0,0,0,0,0,0,0,0,0,0,19,193,8,8,19,193,-3,0,108,113,0,18,52,2,0,6,17,0,150,170,3,0,0,0,10,7.51,0
2,165,50000,50000,1,82,0,58,0,0,0,38,495,8,8,19,247,-3,0,54,58,12,17,90,3,3,5,30,0,78,21,5,68,0.26,0.49,10,7.64,0
2,104,443,443,1,52,0,94,0,0,0,30,193,8,8,30,193,-3,0,102,104,0,19,52,2,0,6,17,0,238,276,4,53,0.38,0.6,9,7.42,0
13,563,443,50000,4,187,163,121,533,226,2,31,193,8,8,31,193,-3,0,102,104,0,28,89,2,2,9,29,1,279,330,4,0,0,0,10,8.46,0
3,327,443,50000,1,163,124,149,10,0,0,39,495,8,8,19,247,-3,0,54,57,10,18,115,2,3,6,38,1,75,28,6,59,0.19,0.41,9,7.04,0
3,327,443,50000,1,163,124,149,10,0,0,31,193,8,8,31,193,-3,0,102,104,0,19,89,2,2,6,29,1,99,2,4,59,0.37,0.53,11,9.12,0
8,392,443,443,2,130,107,60,440,228,0,30,193,8,8,30,193,-3,0,102,104,0,6,115,2,3,2,38,1,140,220,1,43,0.09,0.3,9,6.77,0
0,0,0,0,0,0,0,0,0,0,0,31,193,8,8,31,193,-3,0,102,104,0,3,165,3,3,1,55,0,0,0,0,0,0,0,10,8.89,0
4,134,8883,50000,2,67,21,149,10,0,0,38,495,8,8,19,247,-3,0,54,56,11,15,52,2,0,5,17,0,81,1,5,65,0.38,0.54,10,7.96,0
6,349,443,50000,2,116,102,116,31,0,0,31,193,8,8,31,193,-3,0,102,104,0,16,89,2,2,5,29,1,92,2,3,63,0.46,0.56,11,7.88,0
1,60,9002,9002,1,60,0,64,0,0,0,20,193,8,8,20,193,-3,0,102,105,0,6,124,2,3,2,41,0,187,183,1,0,0,0,9,7.08,0
9,293,50000,9002,3,97,87,60,168,6,1,40,495,8,8,20,247,-3,0,53,55,11,18,90,2,2,6,30,0,348,21,5,49,0.22,0.44,10,8.04,0
0,0,0,0,0,0,0,0,0,0,0,30,193,8,8,30,193,-3,0,102,104,0,16,78,2,7,5,26,0,75,38,6,83,0.42,0.56,10,7.23,0
2,67,443,50000,2,67,21,64,0,0,0,31,193,8,8,31,193,-3,0,102,104,0,12,185,3,2,4,61,0,107,78,4,0,0,0,9,7.62,0
0,0,0,0,0,0,0,0,0,0,0,40,797,5,8,13,265,-3,0,36,39,12,23,52,0,0,7,17,0,33,34,9,106,0.56,0.59,9,7.04,0
14,291,443,50000,4,97,50,121,6,2,5,30,193,8,8,30,193,-3,0,102,104,0,13,26,2,2,13,26,0,245,5,0,91,0.45,0.57,10,8.05,0
2,165,50000,50000,1,82,0,58,0,0,0,31,193,8,8,31,193,-3,0,102,104,0,3,116,2,3,1,38,0,0,0,0,0,0,0,11,7.64,0
0,0,0,0,0,0,0,0,0,0,0,30,193,8,8,30,193,-3,0,102,104,0,36,102,2,2,12,34,2,159,242,5,74,0.57,0.58,9,7.92,0
3,150,8883,50000,1,75,10,149,13,0,0,36,495,8,8,18,247,-3,0,56,61,8,14,78,2,2,4,26,0,88,24,5,69,0.46,0.6,10,7.91,0
5,243,443,50000,1,81,20,121,30,0,0,29,193,8,8,29,193,-3,0,106,109,0,16,26,2,2,16,26,0,196,100,0,0,0,0,10,7.51,0
0,0,0,0,0,0,0,0,0,0,0,26,193,8,8,26,193,-3,0,102,104,0,11,78,2,2,3,26,0,91,28,3,61,0.33,0.51,11,8.05,0
5,353,50000,50000,1,117,70,60,302,0,0,40,495,8,8,20,247,-3,0,54,57,10,15,98,2,2,5,32,0,223,270,3,120,0.67,0.61,9,7.18,0
0,0,0,0,0,0,0,0,0,0,0,31,193,8,8,31,193,-3,0,102,104,0,14,116,2,1,4,38,0,74,23,5,0,0,0,10,7.85,0
0,0,0,0,0,0,0,0,0,0,0,32,495,8,8,16,247,-3,0,60,52,14,32,90,2,2,10,30,0,231,262,6,121,0.6,0.59,11,8.1,0
0,0,0,0,0,0,0,0,0,0,0,27,495,8,8,13,247,-3,0,52,52,11,9,124,2,3,3,41,0,134,129,2,94,0.51,0.57,9,7.27,0
0,0,0,0,0,0,0,0,0,0,0,28,193,8,8,28,193,-3,0,102,104,0,23,99,2,2,7,33,2,314,316,5,0,0,0,10,7.85,0
6,428,50000,443,2,142,139,60,105,0,0,30,193,8,8,30,193,-3,0,102,104,0,7,152,3,3,2,50,1,85,158,1,88,0.54,0.61,10,8.45,0
3,327,443,50000,1,163,124,149,10,0,0,31,193,8,8,31,193,-3,0,102,104,0,10,124,2,2,3,41,0,81,0,3,84,0.47,0.63,9,7.17,0
10,594,8883,443,3,198,61,124,22,28,2,34,495,8,8,17,247,-3,0,56,62,12,14,116,2,1,4,38,0,88,24,5,68,0.37,0.55,9,7.2,0
5,219,443,50000,1,73,18,173,21,0,0,31,193,8,8,31,193,-3,0,102,104,0,11,115,3,3,3,38,1,130,66,3,0,0,0,10,7.19,0
0,0,0,0,0,0,0,0,0,0,0,23,193,8,8,23,193,-3,0,102,104,0,10,78,2,2,3,26,0,81,0,3,107,0.68,0.62,13,11.09,0
0,0,0,0,0,0,0,0,0,0,0,37,495,8,8,18,247,-3,0,53,55,9,11,98,2,2,3,32,0,187,158,2,74,0.44,0.57,12,11.68,0
3,327,443,50000,1,163,124,149,10,0,0,29,193,8,8,29,193,-3,0,102,104,0,14,113,2,3,4,37,0,81,36,5,0,0,0,9,6.96,0
0,0,0,0,0,0,0,0,0,0,0,31,193,8,8,31,193,-3,0,102,104,0,22,94,2,2,7,31,0,172,177,6,123,0.65,0.66,10,7.9,0
3,328,443,50000,1,164,125,149,11,0,0,39,495,8,8,19,247,-3,0,53,55,10,11,124,2,3,3,41,0,121,111,3,153,1.09,0.74,10,7.2,0
0,0,0,0,0,0,0,0,0,0,0,33,193,8,8,33,193,-3,0,102,104,0,6,206,3,1,2,68,2,263,127,0,0,0,0,10,7.68,0
6,186,50000,50000,3,93,61,58,227,37,0,39,495,8,8,19,247,-3,0,74,83,10,19,52,2,0,6,17,0,331,261,5,144,0.84,0.71,10,8.3,0
0,0,0,0,0,0,0,0,0,0,0,27,193,8,8,27,193,-3,0,102,104,0,20,52,2,2,6,17,0,153,147,4,158,1.15,0.74,11,8.62,0
3,150,8883,50000,1,75,10,149,10,0,0,51,797,5,8,17,265,-3,0,44,52,8,12,116,2,1,4,38,0,108,57,4,0,0,0,11,7.85,0
4,120,443,50000,2,60,28,143,33,0,0,26,193,8,8,26,193,-3,0,102,104,0,11,52,2,2,5,26,0,96,53,4,150,1.11,0.73,12,8.39,0
0,0,0,0,0,0,0,0,0,0,0,38,495,8,8,19,247,-3,0,52,54,11,16,52,2,0,5,17,0,519,34,5,107,0.67,0.64,10,7.43,0
6,170,50000,50000,3,85,51,58,409,234,0,38,495,8,8,19,247,-3,0,54,57,12,17,98,2,2,5,32,0,199,261,4,0,0,0,10,7.61,0
0,0,0,0,0,0,0,0,0,0,0,30,193,8,8,30,193,-3,0,102,104,0,14,116,2,1,4,38,0,89,24,5,63,0.43,0.59,10,7.67,0
0,0,0,0,0,0,0,0,0,0,0,31,193,8,8,31,193,-3,0,102,104,0,21,90,2,2,7,30,0,242,232,4,34,0.39,0.58,10,7.57,0
4,319,443,50000,1,106,11,116,6,0,0,34,495,8,8,17,247,-3,0,56,61,13,11,91,1,1,3,30,0,167,212,1,0,0,0,10,7.24,0
5,395,443,50000,1,131,90,121,37,0,0,25,193,8,8,25,193,-3,0,102,104,0,18,158,2,2,6,52,1,74,28,6,45,0.19,0.42,9,7.53,0
0,0,0,0,0,0,0,0,0,0,0,31,193,8,8,31,193,-3,0,102,104,0,16,116,2,1,5,38,0,75,22,6,47,0.29,0.51,10,8.07,0
0,0,0,0,0,0,0,0,0,0,0,30,193,8,8,30,193,-3,0,102,104,0,13,98,2,2,4,32,0,161,146,3,0,0,0,10,8.11,0
11,408,443,8883,3,136,79,121,224,342,1,32,495,8,8,16,247,-3,0,54,54,14,13,115,2,3,4,38,0,243,269,2,34,0.26,0.47,11,8.42,0
5,390,443,50000,1,130,93,173,15,0,0,25,193,8,8,25,193,-3,0,102,104,0,20,89,2,2,6,29,1,471,187,4,50,0.2,0.44,10,7.08,0
0,0,0,0,0,0,0,0,0,0,0,31,193,8,8,31,193,-3,0,102,104,0,16,52,2,0,5,17,0,558,0,5,0,0,0,10,7.62,0
4,196,50000,50000,2,98,82,58,488,0,0,35,495,8,8,17,247,-3,0,56,60,9,15,98,2,2,5,32,0,238,282,3,77,0.35,0.53,10,7.92,0
3,327,443,50000,1,163,124,149,10,0,0,26,193,8,8,26,193,-3,0,102,104,0,15,153,2,2,5,51,1,87,0,4,110,0.63,0.64,10,8.06,0
3,327,443,50000,1,163,124,149,10,0,0,30,193,8,8,30,193,-3,0,102,104,0,23,89,2,2,7,29,1,142,137,4,121,0.79,0.68,9,7.47,0
0,0,0,0,0,0,0,0,0,0,0,38,495,8,8,19,247,-3,0,56,63,12,13,122,2,3,4,40,0,141,124,4,0,0,0,10,7.9,0
0,0,0,0,0,0,0,0,0,0,0,30,193,8,8,30,193,-3,0,102,104,0,15,91,2,2,5,30,0,70,31,4,115,0.71,0.61,9,6.94,0
5,409,443,50000,1,136,103,117,74,0,0,30,193,8,8,30,193,-3,0,102,104,0,17,152,3,2,5,50,2,99,2,5,104,0.63,0.6,9,7.85,0
3,327,443,50000,1,163,124,149,10,0,0,31,193,8,8,31,193,-3,0,102,104,0,18,128,2,3,6,42,2,218,219,5,0,0,0,9,7.24,0
3,150,8883,50000,1,75,10,149,11,0,0,27,495,8,8,13,247,-3,0,55,61,6,13,116,2,1,4,38,0,81,0,4,118,0.77,0.62,11,8.17,0
6,349,443,50000,2,116,102,116,27,0,0,27,193,8,8,27,193,-3,0,106,110,0,19,115,2,2,6,38,1,73,36,6,131,0.7,0.66,9,7.55,0
0,0,0,0,0,0,0,0,0,0,0,30,193,8,8,30,193,-3,0,102,104,0,14,116,2,1,4,38,0,89,43,5,0,0,0,11,8.01,0
8,245,9002,50000,2,81,21,60,4,5,2,45,495,8,8,22,247,-3,0,53,54,8,8,153,3,0,2,51,0,149,128,2,169,1.32,0.69,8,6.54,0
0,0,0,0,0,0,0,0,0,0,0,28,193,8,8,28,193,-3,0,109,115,0,14,130,2,3,4,43,0,81,0,5,185,1.57,0.84,10,7.81,0
0,0,0,0,0,0,0,0,0,0,0,31,193,8,8,31,193,-3,0,102,104,0,24,90,2,2,8,30,0,128,123,6,0,0,0,9,7.78,0
0,0,0,0,0,0,0,0,0,0,0,32,495,8,8,16,247,-3,0,52,52,14,17,78,2,2,5,26,0,69,27,6,160,1.14,0.76,10,7.94,0
0,0,0,0,0,0,0,0,0,0,0,31,193,8,8,31,193,-3,0,102,104,0,14,90,2,2,7,45,0,122,0,6,87,0.64,0.67,9,7.78,0
4,196,50000,50000,2,98,82,58,262,0,0,30,193,8,8,30,193,-3,0,102,104,0,13,78,2,2,4,26,0,89,25,4,0,0,0,9,6.8,0
0,0,0,0,0,0,0,0,0,0,0,30,193,8,8,30,193,-3,0,102,104,0,18,98,2,2,6,32,0,111,51,5,91,0.6,0.61,10,8.09,0
3,150,8883,50000,1,75,10,149,10,0,0,36,797,5,8,12,265,-3,0,38,41,6,13,136,2,3,4,45,10,73,24,4,67,0.34,0.52,10,7.63,0
5,243,443,50000,1,81,20,173,31,0,0,30,193,8,8,30,193,-3,0,102,104,0,7,123,0,0,2,41,0,23,24,1,0,0,0,10,7.98,0
0,0,0,0,0,0,0,0,0,0,0,31,193,8,8,31,193,-3,0,102,104,0,14,52,2,0,4,17,0,491,25,4,100,0.5,0.61,10,7.64,0
4,172,50000,50000,2,86,65,58,247,0,0,37,495,8,8,18,247,-3,0,55,59,11,16,98,2,2,5,32,0,129,58,4,127,0.71,0.66,11,7.53,0
0,0,0,0,0,0,0,0,0,0,0,31,193,8,8,31,193,-3,0,102,104,0,16,52,2,0,5,17,0,476,0,5,0,0,0,11,7.65,0
0,0,0,0,0,0,0,0,0,0,0,30,193,8,8,30,193,-3,0,102,104,0,13,116,2,1,4,38,0,89,25,4,176,1.17,0.61,9,7.86,0
0,0,0,0,0,0,0,0,0,0,0,40,495,8,8,20,247,-3,0,54,57,11,3,124,7,7,1,41,0,0,0,0,161,1.12,0.64,9,7.71,0
4,239,443,50000,1,79,7,179,29,0,0,29,193,8,8,29,193,-3,0,106,109,0,15,91,2,2,7,45,0,113,33,6,146,1.01,0.64,10,7.53,0
2,165,50000,50000,1,82,0,58,0,0,0,31,193,8,8,31,193,-3,0,102,104,0,4,90,1,1,1,30,0,379,0,0,0,0,0,10,8.01,0
1,405,443,443,1,405,0,64,0,0,0,19,193,8,8,19,193,-3,0,108,113,0,12,104,2,2,4,34,3,115,0,2,176,1.27,0.61,9,6.73,0
11,282,9002,9002,3,94,56,121,11,12,1,37,495,8,8,18,247,-3,0,54,58,11,3,121,2,1,1,40,0,0,0,0,0,0,0,10,7.58,0
4,120,443,50000,2,60,28,143,35,0,0,31,193,8,8,31,193,-3,0,102,104,0,17,90,2,2,8,45,0,89,55,7,189,1.56,0.76,10,7.41,0
8,294,50000,50000,2,98,76,60,274,71,0,30,193,8,8,30,193,-3,0,102,104,0,14,116,2,1,4,38,0,81,0,5,186,1.72,0.9,10,8.08,0
5,297,50000,50000,1,99,43,60,305,0,0,38,495,8,8,19,247,-3,0,55,59,12,18,170,3,2,6,56,0,64,43,7,143,1.1,0.74,10,7.08,0
0,0,0,0,0,0,0,0,0,0,0,31,495,8,8,15,247,-3,0,51,52,14,16,52,2,0,5,17,0,439,2,5,0,0,0,11,8.34,0
0,0,0,0,0,0,0,0,0,0,0,30,193,8,8,30,193,-3,0,105,109,0,14,141,2,3,4,47,0,89,24,5,104,0.69,0.71,9,7,0
3,327,443,50000,1,163,124,149,9,0,0,47,797,5,8,15,265,-3,0,38,42,10,14,78,2,2,4,26,0,88,23,5,89,0.3,0.51,10,9.16,0
0,0,0,0,0,0,0,0,0,0,0,26,193,8,8,26,193,-3,0,102,104,0,14,90,1,1,7,45,0,413,353,4,0,0,0,9,7.14,0
4,164,50000,50000,2,82,60,58,245,0,0,28,193,8,8,28,193,-3,0,102,104,0,16,52,2,0,5,17,0,424,0,5,79,0.55,0.65,10,7.87,0
0,0,0,0,0,0,0,0,0,0,0,24,193,8,8,24,193,-3,0,106,111,0,12,98,2,2,4,32,0,132,63,2,68,0.37,0.54,10,7.57,0
3,150,8883,50000,1,75,10,149,11,0,0,38,495,8,8,19,247,-3,0,54,57,12,14,116,2,1,4,38,0,81,0,5,0,0,0,10,7.72,0
5,387,443,50000,1,129,92,173,31,0,0,30,193,8,8,30,193,-3,0,102,104,0,15,153,2,2,5,51,1,94,43,4,58,0.4,0.57,9,7.19,0
0,0,0,0,0,0,0,0,0,0,0,32,193,8,8,32,193,-3,0,102,104,0,16,52,2,0,5,17,0,409,0,5,85,0.39,0.57,10,7.82,0
0,0,0,0,0,0,0,0,0,0,0,33,495,8,8,16,247,-3,0,54,57,7,17,98,2,2,5,32,0,268,267,4,0,0,0,9,7.4,0
0,0,0,0,0,0,0,0,0,0,0,26,193,8,8,26,193,-3,0,106,110,0,15,52,2,0,5,17,0,401,36,4,80,0.42,0.57,10,7.36,0
0,0,0,0,0,0,0,0,0,0,0,30,193,8,8,30,193,-3,0,102,104,0,13,26,2,2,13,26,0,244,0,0,93,0.55,0.61,10,7.54,0
3,327,443,50000,1,163,124,149,11,0,0,38,495,8,8,19,247,-3,0,59,69,12,16,78,2,2,5,26,0,74,39,6,0,0,0,8,7.44,0
3,327,443,50000,1,163,124,149,11,0,0,30,193,8,8,30,193,-3,0,102,104,0,14,90,1,1,7,45,0,384,267,4,190,2,1.17,10,8.24,0
6,170,50000,50000,3,85,51,58,626,246,0,30,193,8,8,30,193,-3,0,102,104,0,14,52,2,0,4,17,0,393,25,4,166,1.23,0.78,8,6.89,0
0,0,0,0,0,0,0,0,0,0,0,20,193,8,8,20,193,-3,0,102,105,0,9,26,2,2,9,26,0,244,0,0,0,0,0,10,7.58,0
3,150,8883,50000,1,75,10,149,10,0,0,37,495,8,8,18,247,-3,0,58,67,11,8,125,2,3,2,41,1,35,47,2,195,1.85,0.77,9,6.5,0
4,120,443,50000,2,60,28,143,30,0,0,23,193,8,8,23,193,-3,0,102,104,0,9,116,2,2,3,38,0,108,41,2,200,2.01,0.71,11,8.17,0
0,0,0,0,0,0,0,0,0,0,0,39,193,8,8,39,193,-3,0,102,103,0,18,116,2,1,6,38,0,81,0,7,0,0,0,9,6.72,0
6,180,50000,50000,3,90,58,58,362,299,0,37,495,8,8,18,247,-3,0,55,60,11,13,162,2,2,4,54,0,80,34,4,186,1.72,0.89,10,7.72,0
0,0,0,0,0,0,0,0,0,0,0,35,495,8,8,17,247,-3,0,57,61,13,13,52,2,0,4,17,0,381,54,4,174,1.41,0.78,10,7.68,0
0,0,0,0,0,0,0,0,0,0,0,28,193,8,8,28,193,-3,0,106,109,0,4,26,2,2,4,26,0,896,1129,0,176,1.33,0.72,10,8.34,0
0,0,0,0,0,0,0,0,0,0,0,29,495,8,8,14,247,-3,0,58,63,10,4,116,2,1,1,38,0,811,0,0,0,0,0,11,8.41,0
3,183,443,50000,1,91,17,149,10,0,0,28,193,8,8,28,193,-3,0,102,104,0,9,90,1,1,3,30,0,488,545,1,154,1.23,0.93,10,7.5,0
3,151,443,50000,1,75,11,150,46,0,0,26,193,8,8,26,193,-3,0,102,104,0,3,116,2,2,1,38,0,0,0,0,0,0,0,11,8.13,0
0,0,0,0,0,0,0,0,0,0,0,30,193,8,8,30,193,-3,0,102,104,0,6,98,2,2,2,32,0,178,115,0,144,0.79,0.68,10,7.35,0
3,150,8883,50000,1,75,10,149,10,0,0,39,495,8,8,19,247,-3,0,56,59,11,6,52,2,0,2,17,0,383,57,0,175,1.61,1.08,11,8.03,0
8,348,443,50000,2,116,86,116,172,219,0,30,193,8,8,30,193,-3,0,102,104,0,17,89,0,0,5,29,0,315,407,1,119,0.99,0.74,10,7.14,0
0,0,0,0,0,0,0,0,0,0,0,26,193,8,8,26,193,-3,0,102,104,0,16,53,2,0,5,17,1,334,34,5,0,0,0,10,7.48,0
9,257,9002,50000,3,85,67,60,309,6,1,38,495,8,8,19,247,-3,0,53,55,11,12,124,2,2,4,41,0,99,52,4,89,0.42,0.58,10,7.32,0
0,0,0,0,0,0,0,0,0,0,0,31,193,8,8,31,193,-3,0,102,104,0,13,52,2,0,4,17,0,354,91,4,107,0.75,0.77,10,7.62,0
0,0,0,0,0,0,0,0,0,0,0,30,193,8,8,30,193,-3,0,102,104,0,12,113,2,2,4,37,0,137,61,3,0,0,0,10,8.02,0
3,328,443,50000,1,164,125,149,9,0,0,39,495,8,8,19,247,-3,0,57,65,11,27,52,2,0,9,17,0,33,46,10,62,0.25,0.51,10,8.03,0
0,0,0,0,0,0,0,0,0,0,0,30,193,8,8,30,193,-3,0,101,103,0,15,153,3,2,5,51,2,93,8,3,70,0.38,0.55,11,8.58,0
4,164,50000,50000,2,82,60,58,245,0,0,25,193,8,8,25,193,-3,0,102,104,0,8,52,2,0,2,17,0,114,44,2,0,0,0,11,8.31,0
2,165,50000,50000,1,82,0,58,0,0,0,27,193,8,8,27,193,-3,0,106,110,0,15,124,2,3,5,41,0,81,0,5,82,0.36,0.53,10,6.99,0
3,150,8883,50000,1,75,10,149,11,0,0,33,495,8,8,16,247,-3,0,54,56,8,4,130,2,3,1,43,3,74,0,0,109,0.77,0.63,11,8.41,0
4,120,443,50000,2,60,28,143,173,0,0,30,193,8,8,30,193,-3,0,105,109,0,10,26,2,2,10,26,0,326,173,0,0,0,0,9,7.11,0
0,0,0,0,0,0,0,0,0,0,0,30,193,8,8,30,193,-3,0,102,104,0,11,116,2,1,3,38,0,122,115,3,73,0.42,0.58,10,7.72,0
4,393,50000,443,1,131,83,60,7,0,0,38,495,8,8,19,247,-3,0,53,54,12,12,152,3,2,4,50,2,158,74,2,100,0.65,0.64,10,7.56,0
3,327,443,50000,1,163,124,149,10,0,0,30,193,8,8,30,193,-3,0,102,104,0,11,78,2,2,3,26,0,112,86,3,0,0,0,10,7.54,0
31,582,443,50000,15,291,461,145,43,53,1,31,193,8,8,31,193,-3,0,102,104,0,11,52,2,2,5,26,0,135,40,4,128,0.82,0.69,10,8.09,0
0,0,0,0,0,0,0,0,0,0,0,37,495,8,8,18,247,-3,0,57,60,10,14,78,2,2,4,26,0,88,23,5,163,1.09,0.72,10,7.61,0
2,117,443,443,1,58,0,145,0,0,0,21,193,8,8,21,193,-3,0,102,105,0,12,154,1,2,4,51,0,188,108,2,0,0,0,10,7.81,0
4,397,50000,443,1,132,84,60,7,0,0,30,193,8,8,30,193,-3,0,102,104,0,15,115,2,3,5,38,1,205,211,3,181,1.55,0.86,10,8.01,0
0,0,0,0,0,0,0,0,0,0,0,31,193,8,8,31,193,-3,0,102,104,0,14,100,2,2,4,33,3,106,25,4,168,1.23,0.71,11,7.86,0
23,326,443,9002,7,108,105,64,17,16,3,34,495,8,8,17,247,-3,0,54,56,13,16,52,2,0,5,17,0,192,0,5,0,0,0,9,7.18,0
14,273,80,50000,4,91,84,176,19,12,2,30,193,8,8,30,193,-3,0,102,104,0,12,26,2,2,12,26,0,266,73,0,166,1.23,0.75,11,9.12,0
0,0,0,0,0,0,0,0,0,0,0,31,193,8,8,31,193,-3,0,102,104,0,14,116,2,1,4,38,0,89,25,5,104,0.56,0.61,10,8.08,0
4,172,50000,50000,2,86,65,58,150,0,0,37,495,8,8,18,247,-3,0,54,57,11,6,145,1,1,2,48,0,1028,33,0,109,0.67,0.71,10,7.7,0
0,0,0,0,0,0,0,0,0,0,0,31,193,8,8,31,193,-3,0,102,104,0,16,52,2,0,5,17,0,178,0,5,0,0,0,10,8.25,0
0,0,0,0,0,0,0,0,0,0,0,30,193,8,8,30,193,-3,0,102,104,0,13,26,2,2,13,26,0,245,0,0,153,0.94,0.68,9,6.81,0
0,0,0,0,0,0,0,0,0,0,0,40,495,8,8,20,247,-3,0,56,61,10,12,78,2,2,4,26,0,89,24,4,185,1.44,0.74,9,7.17,0
2,140,443,443,1,70,0,150,0,0,0,20,193,8,8,20,193,-3,0,102,105,0,6,129,1,0,2,43,0,200,10,0,0,0,0,9,7.75,0
5,227,443,50000,1,75,19,121,38,0,0,31,193,8,8,31,193,-3,0,102,104,0,13,78,2,2,4,26,0,97,51,4,205,3.71,2.13,10,7.48,0
2,165,50000,50000,1,82,0,58,0,0,0,30,193,8,8,30,193,-3,0,102,104,0,20,104,2,2,6,34,3,129,63,4,179,1.41,0.75,10,7.37,0
3,150,8883,50000,1,75,10,149,11,0,0,33,495,8,8,16,247,-3,0,52,52,14,7,52,2,0,2,17,0,203,320,1,0,0,0,10,7.97,0
4,120,443,50000,2,60,28,143,37,0,0,30,193,8,8,30,193,-3,0,102,104,0,14,26,2,2,14,26,0,226,67,0,197,2.04,0.86,10,7.52,0
0,0,0,0,0,0,0,0,0,0,0,31,193,8,8,31,193,-3,0,102,104,0,15,52,2,0,5,17,0,167,25,4,205,3.72,3.26,9,7.14,0
5,394,50000,443,1,131,114,64,73,0,0,39,495,8,8,19,247,-3,0,54,56,10,11,127,0,0,3,42,1,60,81,3,0,0,0,10,7.56,0
16,946,443,50000,5,315,283,140,550,232,3,27,193,8,8,27,193,-3,0,102,104,0,14,78,2,2,4,26,0,81,0,5,207,3.66,1.56,10,9.3,0
0,0,0,0,0,0,0,0,0,0,0,16,193,8,8,16,193,-3,0,102,106,0,11,26,1,1,5,13,0,274,62,0,132,1.43,0.61,9,7.95,0
1,52,443,443,1,52,0,64,0,0,0,35,495,8,8,17,247,-3,0,53,54,12,18,116,1,2,6,38,0,211,51,4,127,1.42,0.73,9,7.91,0
5,160,443,50000,1,53,18,114,24,0,0,31,193,8,8,31,193,-2,0,102,104,0,14,155,1,1,4,51,0,88,24,5,135,2.98,3.25,9,7.08,0
0,0,0,0,0,0,0,0,0,0,0,36,669,8,8,12,223,-4,0,45,47,12,26,52,1,0,8,17,0,160,7,5,116,1.18,0.71,9,8.36,0
0,0,0,0,0,0,0,0,0,0,0,31,193,8,8,31,193,-3,0,102,104,0,21,26,1,1,10,13,0,257,41,0,131,1.48,0.63,9,7.1,0
0,0,0,0,0,0,0,0,0,0,0,43,797,5,8,14,265,-3,0,38,41,11,25,94,1,1,8,31,0,182,62,5,131,1.53,0.63,11,8.41,0
0,0,0,0,0,0,0,0,0,0,0,31,193,8,8,31,193,-3,0,102,104,0,26,90,1,1,8,30,0,170,24,5,120,1.29,0.71,9,8.14,0
7,542,50000,443,2,180,68,64,187,2,0,30,193,8,8,30,193,-2,0,102,104,0,13,78,1,4,4,26,0,89,25,4,117,1.15,0.61,11,8.5,0
0,0,0,0,0,0,0,0,0,0,0,37,495,8,8,18,247,-3,0,56,61,12,14,120,1,3,4,40,0,89,24,5,109,1.1,0.59,10,7.75,0
0,0,0,0,0,0,0,0,0,0,0,20,193,8,8,20,193,-3,0,102,105,0,14,181,3,1,4,60,3,163,1,4,93,1.2,0.62,10,8.42,0
0,0,0,0,0,0,0,0,0,0,0,30,193,8,8,30,193,-3,0,102,104,0,20,26,1,1,10,13,0,245,3,0,117,1.12,0.62,9,7.27,0
0,0,0,0,0,0,0,0,0,0,0,40,495,8,8,20,247,-3,0,55,60,10,28,52,1,0,9,17,0,156,21,5,119,1.15,0.67,10,8.06,0
4,120,443,50000,2,60,28,144,31,0,0,29,193,8,8,29,193,-3,0,106,109,0,14,158,1,1,4,52,0,87,21,5,117,1.19,0.61,9,7.28,0
0,0,0,0,0,0,0,0,0,0,0,31,193,8,8,31,193,-3,0,102,104,0,15,113,1,2,5,37,0,81,0,5,122,1.21,0.62,9,7.67,0
0,0,0,0,0,0,0,0,0,0,0,30,193,8,8,30,193,-3,0,102,104,0,29,91,1,1,9,30,0,271,12,4,131,1.55,0.65,11,8.29,0
4,155,443,50000,2,77,36,150,10,0,0,33,495,8,8,16,247,-3,0,52,52,14,15,91,2,2,5,30,0,74,37,5,135,1.52,0.57,10,7.83,0
0,0,0,0,0,0,0,0,0,0,0,30,193,8,8,30,193,-3,0,102,104,0,25,26,1,1,12,13,0,255,39,0,135,1.95,0.93,8,7.9,0
2,165,50000,50000,1,82,0,58,0,0,0,31,193,8,8,31,193,-3,0,102,104,0,18,117,1,2,6,39,0,194,11,5,133,1.56,0.66,10,7.49,0
0,0,0,0,0,0,0,0,0,0,0,27,495,8,8,13,247,-3,0,56,62,6,17,90,1,1,5,30,0,162,0,3,100,1.48,0.63,9,7.78,0
0,0,0,0,0,0,0,0,0,0,0,28,193,8,8,28,193,-3,0,109,115,0,13,120,1,3,4,40,0,97,33,4,126,1.43,0.64,9,7.32,0
0,0,0,0,0,0,0,0,0,0,0,31,193,8,8,31,193,-3,0,102,104,0,26,26,1,1,13,13,0,244,1,0,119,1.35,0.8,10,8.59,0
12,213,80,50000,6,106,112,153,19,20,1,37,495,8,8,18,247,-3,0,54,58,11,27,52,1,0,9,17,0,163,43,5,131,1.56,0.69,11,7.61,0
6,232,50000,50000,2,77,53,114,188,0,0,34,669,8,8,11,223,-4,0,35,34,13,18,136,2,2,6,45,4,469,108,4,133,1.56,0.67,10,8.08,0
0,0,0,0,0,0,0,0,0,0,0,37,495,8,8,18,247,-3,0,55,58,11,14,87,1,1,4,29,0,88,24,5,137,1.66,0.62,9,7.09,0
0,0,0,0,0,0,0,0,0,0,0,26,193,8,8,26,193,-3,0,102,104,0,22,26,1,1,11,13,0,273,58,1,130,1.45,0.67,10,8.25,0
3,183,443,50000,1,91,17,150,10,0,0,32,495,5,5,16,247,-3,0,54,57,9,20,52,1,0,6,17,0,190,110,4,128,1.62,0.88,8,7.49,0
0,0,0,0,0,0,0,0,0,0,0,31,193,8,8,31,193,-3,0,102,104,0,11,169,3,1,3,56,0,114,138,3,125,1.55,0.74,10,7.87,0
0,0,0,0,0,0,0,0,0,0,0,38,495,8,8,19,247,-3,0,52,54,11,18,124,1,3,6,41,2,197,189,5,128,1.48,0.68,9,7.3,0
0,0,0,0,0,0,0,0,0,0,0,29,495,8,8,14,247,-3,0,57,63,10,16,26,1,1,8,13,0,247,5,0,100,1.73,0.73,10,8.67,0
11,177,9002,50000,5,88,81,64,15,18,0,30,193,8,8,30,193,-3,0,102,104,0,16,126,1,3,5,42,3,78,22,5,140,1.99,0.74,10,8.01,0
0,0,0,0,0,0,0,0,0,0,0,29,193,8,8,29,193,-3,0,102,104,0,15,143,3,0,5,47,0,74,22,5,140,2.24,0.9,9,7.41,0
5,159,443,50000,2,79,8,150,221,143,1,32,495,8,8,16,247,-3,0,58,67,9,23,52,1,0,7,17,0,182,65,4,141,2.12,0.8,10,7.77,0
4,120,443,50000,2,60,28,144,35,0,0,30,193,8,8,30,193,-2,0,102,104,0,24,26,1,1,12,13,0,268,51,1,145,2.21,0.68,9,7.34,0
0,0,0,0,0,0,0,0,0,0,0,31,193,8,8,31,193,-3,0,102,104,0,12,180,3,1,4,60,8,123,112,3,139,1.87,0.7,11,8.92,0
0,0,0,0,0,0,0,0,0,0,0,34,669,8,8,11,223,-4,0,40,34,13,30,90,0,0,10,30,0,243,50,3,129,1.46,0.7,9,7.66,0
5,267,443,443,1,89,27,61,14,0,0,39,495,8,8,19,247,-3,0,54,56,11,16,120,1,3,5,40,0,75,20,6,133,1.78,0.74,11,8.41,0
0,0,0,0,0,0,0,0,0,0,0,29,193,8,8,29,193,-3,0,106,109,0,9,167,3,1,3,55,2,226,102,2,137,1.79,0.73,9,7.15,0
8,260,50000,50000,2,86,58,60,247,25,0,31,193,8,8,31,193,-2,0,102,104,0,27,52,0,0,9,17,0,40,35,11,128,1.47,0.68,11,8.39,0
0,0,0,0,0,0,0,0,0,0,0,26,495,8,8,13,247,-3,0,56,63,7,22,91,1,1,7,30,0,173,28,4,101,1.68,0.67,9,7.53,0
10,183,9002,9002,5,91,84,64,16,18,0,31,193,8,8,31,193,-3,0,102,104,0,13,116,1,2,4,38,0,73,24,4,130,1.6,0.71,10,8.41,0
0,0,0,0,0,0,0,0,0,0,0,30,193,8,8,30,193,-3,0,102,104,0,3,204,3,2,1,68,0,0,0,0,130,1.48,0.61,9,7.03,0
0,0,0,0,0,0,0,0,0,0,0,42,495,8,8,21,247,-3,0,53,56,10,28,52,1,0,9,17,0,157,17,5,121,1.25,0.67,10,8.74,0
4,225,50000,50000,1,75,9,114,24,0,0,29,193,8,8,29,193,-2,0,106,109,0,24,91,1,1,8,30,0,286,48,2,136,1.61,0.65,9,6.83,0
7,272,50000,50000,2,90,76,60,202,1,0,30,193,8,8,30,193,-3,0,105,109,0,11,162,3,1,3,54,0,110,119,3,130,1.42,0.59,12,8.78,0
0,0,0,0,0,0,0,0,0,0,0,30,193,8,8,30,193,-3,0,102,104,0,12,116,1,1,4,38,0,108,40,4,139,1.83,0.76,10,8.25,0
0,0,0,0,0,0,0,0,0,0,0,37,495,8,8,18,247,-3,0,56,62,12,14,155,1,1,4,51,0,89,24,5,139,1.87,0.66,9,6.89,0
3,183,443,50000,1,91,17,150,9,0,0,30,193,8,8,30,193,-3,0,102,104,0,13,167,3,1,4,55,2,188,78,4,141,1.93,0.66,10,8.44,0
3,118,443,50000,1,59,13,64,15,0,0,20,193,8,8,20,193,-3,0,102,105,0,26,98,0,0,8,32,2,200,260,9,90,1.37,0.75,9,7.18,0
11,461,443,50000,3,153,157,120,104,125,2,38,495,8,8,19,247,-3,0,58,67,12,25,26,1,1,12,13,0,256,38,0,119,1.22,0.69,10,7.97,0
33,681,443,50000,16,340,542,142,148,246,1,30,193,8,8,30,193,-2,0,102,104,0,15,125,1,3,5,41,2,77,42,4,132,1.44,0.57,10,7.98,0
1,748,443,443,1,748,0,64,0,0,0,31,193,8,8,31,193,-2,0,102,104,0,14,143,3,0,4,47,0,73,23,5,136,1.55,0.61,11,8.1,0
0,0,0,0,0,0,0,0,0,0,0,40,495,8,8,20,247,-3,0,57,62,8,15,87,2,2,5,29,0,75,22,5,134,1.82,0.77,9,7.24,0
7,460,50000,443,2,153,182,64,245,20,0,31,193,8,8,31,193,-2,0,102,104,0,25,26,1,1,12,13,0,244,0,0,136,1.92,0.72,11,8.7,0
0,0,0,0,0,0,0,0,0,0,0,30,193,8,8,30,193,-3,0,102,104,0,11,162,3,1,3,54,0,121,147,3,120,1.32,0.7,9,7.56,0
4,98,443,50000,2,49,13,142,2024,0,0,31,193,8,8,31,193,-3,0,102,104,0,30,90,1,1,10,30,0,236,52,4,122,1.23,0.63,9,8.61,0
0,0,0,0,0,0,0,0,0,0,0,34,495,5,5,17,247,-3,0,56,61,13,21,94,0,0,7,31,0,49,36,8,107,1.19,0.7,9,7.87,0
0,0,0,0,0,0,0,0,0,0,0,31,193,8,8,31,193,-3,0,102,104,0,12,155,1,1,4,51,0,107,111,4,101,0.87,0.66,10,8.04,0
2,165,50000,50000,1,82,0,58,0,0,0,20,193,8,8,20,193,-3,0,102,105,0,14,183,3,1,4,61,3,388,32,4,67,0.76,0.6,11,8.7,0
4,155,443,50000,2,77,36,150,28,0,0,36,495,8,8,18,247,-3,0,58,63,11,28,91,2,2,9,30,0,263,16,3,96,0.82,0.62,10,7.71,0
0,0,0,0,0,0,0,0,0,0,0,31,193,8,8,31,193,-3,0,102,104,0,15,120,1,3,5,40,0,74,21,5,100,0.85,0.61,10,8.01,0
0,0,0,0,0,0,0,0,0,0,0,30,193,8,8,30,193,-3,0,102,104,0,3,207,3,2,1,69,0,0,0,0,97,0.88,0.6,10,7.75,0
1,85,443,443,1,85,0,64,0,0,0,38,495,8,8,19,247,-3,0,54,57,12,27,52,1,0,9,17,0,165,43,5,93,0.87,0.64,10,8.16,0
4,225,50000,50000,1,75,9,114,31,0,0,30,193,8,8,30,193,-2,0,102,104,0,26,89,1,1,8,29,0,874,1,4,94,0.81,0.61,10,7.69,0
0,0,0,0,0,0,0,0,0,0,0,26,193,8,8,26,193,-3,0,102,104,0,13,120,1,3,4,40,0,434,111,4,90,0.78,0.66,10,8.77,0
0,0,0,0,0,0,0,0,0,0,0,27,193,8,8,27,193,-3,0,102,104,0,27,26,1,1,13,13,0,234,34,0,98,0.8,0.65,9,7.76,0
0,0,0,0,0,0,0,0,0,0,0,41,495,8,8,20,247,-3,0,54,56,10,14,116,1,2,4,38,0,89,42,5,110,0.97,0.58,10,8.28,0
0,0,0,0,0,0,0,0,0,0,0,25,193,8,8,25,193,-3,0,102,104,0,7,173,3,1,2,57,0,81,0,1,86,1,0.57,10,7.86,0
5,204,50000,50000,1,68,40,60,163,0,0,31,193,8,8,31,193,-3,0,102,104,0,19,132,1,3,6,44,5,185,207,5,106,1.03,0.65,10,7.77,0
0,0,0,0,0,0,0,0,0,0,0,42,797,5,8,14,265,-3,0,36,37,12,26,26,1,1,13,13,0,245,2,0,122,1.25,0.62,9,7.23,0
3,183,443,50000,1,91,17,150,10,0,0,27,193,8,8,27,193,-3,0,102,104,0,15,126,1,3,5,42,3,85,50,4,120,1.16,0.65,12,9.27,0
1,40,0,0,1,40,0,233,0,0,0,24,193,8,8,24,193,-3,0,106,111,0,3,207,3,2,1,69,0,0,0,0,125,1.47,0.79,10,7.79,0
0,0,0,0,0,0,0,0,0,0,0,33,495,8,8,16,247,-3,0,52,52,14,26,52,1,0,8,17,0,157,19,5,138,1.84,0.63,10,8.07,0
4,120,443,50000,2,60,28,144,40,0,0,30,193,8,8,30,193,-3,0,102,104,0,24,26,1,1,12,13,0,256,40,1,134,1.57,0.58,10,7.39,0
0,0,0,0,0,0,0,0,0,0,0,31,193,8,8,31,193,-3,0,102,104,0,3,155,2,2,1,51,0,0,0,0,127,1.42,0.66,10,8.41,0
3,330,443,50000,1,165,126,150,9,0,0,30,193,8,8,30,193,-3,0,102,104,0,13,158,1,1,4,52,0,210,27,4,119,1.33,0.73,10,7.47,0
0,0,0,0,0,0,0,0,0,0,0,39,495,8,8,19,247,-3,0,55,59,11,4,158,2,2,1,52,0,311,0,0,123,1.3,0.66,10,8.4,0
0,0,0,0,0,0,0,0,0,0,0,10,193,8,8,10,193,-3,0,102,108,0,9,26,1,1,4,13,0,284,76,0,77,0.93,0.62,10,7.92,0
2,165,50000,50000,1,82,0,58,0,0,0,44,495,8,8,22,247,-3,0,57,53,20,13,167,3,1,4,55,1,107,178,4,109,0.98,0.59,9,7.68,0
0,0,0,0,0,0,0,0,0,0,0,34,495,8,8,17,247,-2,0,54,56,12,27,91,1,1,9,30,0,281,39,3,97,0.85,0.6,9,7.04,0
0,0,0,0,0,0,0,0,0,0,0,31,193,8,8,31,193,-3,0,102,104,0,23,182,3,1,7,60,5,151,59,4,105,0.92,0.6,9,6.95,0
11,177,9002,50000,5,88,81,64,15,18,0,30,193,8,8,30,193,-3,0,102,104,0,14,143,3,0,4,47,0,73,23,5,96,0.86,0.64,10,8.43,0
4,120,443,50000,2,60,28,144,31,0,0,38,495,8,8,19,247,-3,0,56,62,12,15,116,1,2,5,38,0,82,1,5,91,0.78,0.59,9,7.34,0
8,278,50000,50000,2,92,67,60,235,3,0,25,193,8,8,25,193,-3,0,102,104,0,24,26,1,1,12,13,0,244,1,0,96,0.71,0.58,10,8.93,0
0,0,0,0,0,0,0,0,0,0,0,31,193,8,8,31,193,-3,0,102,104,0,11,120,1,3,3,40,0,121,147,3,101,0.95,0.63,9,7.69,0
0,0,0,0,0,0,0,0,0,0,0,29,193,8,8,29,193,-3,0,106,109,0,27,87,1,1,9,29,0,162,0,5,91,0.86,0.71,11,8.68,0
3,183,443,50000,1,91,17,150,11,0,0,34,495,8,8,17,247,-3,0,55,58,9,18,94,0,0,6,31,0,43,35,7,77,1.05,0.68,9,7.11,0
0,0,0,0,0,0,0,0,0,0,0,29,193,8,8,29,193,-3,0,106,109,0,12,163,1,1,4,54,2,163,0,3,93,0.85,0.67,10,8.45,0
0,0,0,0,0,0,0,0,0,0,0,31,193,8,8,31,193,-3,0,102,104,0,19,124,1,3,6,41,2,232,255,6,103,0.9,0.61,9,6.95,0
0,0,0,0,0,0,0,0,0,0,0,38,495,8,8,19,247,-3,0,57,62,11,26,52,1,0,8,17,0,164,2,5,104,0.91,0.64,11,8.48,0
10,183,9002,9002,5,91,84,64,16,18,0,25,193,8,8,25,193,-3,0,102,104,0,16,126,1,3,5,42,3,77,40,5,111,0.94,0.63,8,6.62,0
23,382,443,50000,11,191,286,149,16,10,0,26,193,8,8,26,193,-3,0,102,104,0,3,169,3,7,1,56,0,0,0,0,112,1.07,0.65,11,7.98,0
0,0,0,0,0,0,0,0,0,0,0,34,495,8,8,17,247,-3,0,59,67,14,26,52,1,0,8,17,0,157,18,5,129,1.36,0.59,8,7.1,0
9,195,443,50000,3,65,9,179,38,4,2,30,193,8,8,30,193,-3,0,102,104,0,27,90,1,1,9,30,0,162,1,5,141,1.98,0.68,9,7.53,0
0,0,0,0,0,0,0,0,0,0,0,31,193,8,8,31,193,-3,0,102,104,0,12,120,1,3,4,40,0,107,111,4,140,2.25,0.78,11,8.59,0
0,0,0,0,0,0,0,0,0,0,0,30,193,8,8,30,193,-3,0,102,104,0,22,89,1,1,7,29,0,411,209,3,142,2.55,0.82,9,7.26,0
0,0,0,0,0,0,0,0,0,0,0,37,797,5,8,12,265,-3,0,35,36,8,11,120,1,3,3,40,0,71,25,3,106,2.46,0.84,10,8.19,0
0,0,0,0,0,0,0,0,0,0,0,31,193,8,8,31,193,-3,0,102,104,0,11,167,3,1,3,55,2,220,99,3,143,4.69,1.38,8,6.86,0
11,202,50000,50000,3,67,36,118,232,25,1,30,193,8,8,30,193,-3,0,102,104,0,18,120,1,3,6,40,0,396,28,6,143,3.32,0.7,10,8.1,0
0,0,0,0,0,0,0,0,0,0,0,39,495,8,8,19,247,-3,0,58,64,10,28,91,2,2,9,30,0,267,9,3,142,2.59,0.88,10,7.71,0
0,0,0,0,0,0,0,0,0,0,0,30,193,8,8,30,193,-3,0,102,104,0,14,113,1,2,4,37,0,74,23,5,124,1.46,0.71,10,8.15,0
4,155,443,50000,2,77,36,150,9,0,0,49,669,8,8,16,223,-4,0,43,47,11,13,143,3,0,4,47,0,73,25,4,127,1.51,0.63,10,7.79,0
3,141,443,50000,1,70,14,144,0,0,0,37,495,8,8,18,247,-3,0,56,61,11,23,52,1,0,7,17,0,165,48,4,124,1.37,0.71,10,8.43,0
3,205,50000,50000,1,68,0,114,0,0,0,31,193,8,8,31,193,-3,0,102,104,0,13,116,1,2,4,38,0,81,0,4,128,1.7,0.81,10,8.57,0
0,0,0,0,0,0,0,0,0,0,0,29,193,8,8,29,193,-3,0,106,109,0,12,120,1,3,4,40,0,107,111,4,132,1.49,0.69,10,7.88,0
0,0,0,0,0,0,0,0,0,0,0,34,495,8,8,17,247,-3,0,57,63,14,28,89,1,1,9,29,0,337,126,4,127,1.36,0.68,10,8.07,0
0,0,0,0,0,0,0,0,0,0,0,20,193,8,8,20,193,-3,0,102,105,0,13,120,1,3,4,40,0,82,36,4,90,1.12,0.59,11,8.15,0
0,0,0,0,0,0,0,0,0,0,0,31,193,8,8,31,193,-3,0,102,104,0,12,167,3,1,4,55,2,192,83,3,116,1.11,0.62,9,7.97,0
0,0,0,0,0,0,0,0,0,0,0,30,193,8,8,30,193,-3,0,102,104,0,17,117,1,3,5,39,0,58,36,6,110,1.11,0.7,10,7.64,0
4,391,443,50000,2,195,7,150,39,0,0,39,495,8,8,19,247,-3,0,54,57,11,26,26,1,1,13,13,0,245,3,0,133,1.79,0.82,10,8.24,0
0,0,0,0,0,0,0,0,0,0,0,30,193,8,8,30,193,-3,0,102,104,0,33,52,1,0,11,17,0,130,72,7,129,1.42,0.67,9,7.14,0
0,0,0,0,0,0,0,0,0,0,0,31,193,8,8,31,193,-3,0,102,104,0,17,161,1,1,5,53,3,315,21,5,121,1.28,0.71,10,8.85,0
4,120,443,50000,2,60,28,144,33,0,0,37,495,8,8,18,247,-3,0,56,61,11,28,52,1,0,9,17,0,156,17,5,119,1.18,0.64,9,8.24,0
6,262,50000,50000,2,87,67,60,234,0,0,31,193,8,8,31,193,-3,0,102,104,0,34,91,1,1,11,30,0,126,61,7,104,0.95,0.66,11,8.6,0
0,0,0,0,0,0,0,0,0,0,0,34,495,8,8,17,247,-3,0,54,58,13,14,120,1,3,4,40,0,81,1,5,101,0.91,0.63,9,7.4,0
0,0,0,0,0,0,0,0,0,0,0,25,193,8,8,25,193,-3,0,102,104,0,30,90,1,1,10,30,0,230,29,4,87,0.82,0.64,11,8.51,0
4,155,443,50000,2,77,36,150,10,0,0,33,495,8,8,16,247,-3,0,53,56,9,12,120,1,3,4,40,0,72,26,4,74,0.97,0.59,9,7.39,0
0,0,0,0,0,0,0,0,0,0,0,30,193,8,8,30,193,-3,0,102,104,0,22,165,3,1,7,55,6,148,146,5,93,0.71,0.65,10,8.13,0
2,165,50000,50000,1,82,0,58,0,0,0,29,193,8,8,29,193,-3,0,109,114,0,18,117,1,3,6,39,0,65,32,7,93,0.86,0.61,10,7.93,0
3,331,443,50000,1,165,127,150,9,0,0,43,495,8,8,21,247,-3,0,55,59,8,16,115,1,3,5,38,2,434,24,4,110,1.11,0.68,10,7.99,0
0,0,0,0,0,0,0,0,0,0,0,31,193,8,8,31,193,-3,0,102,104,0,16,156,1,1,5,52,0,622,0,5,121,1.19,0.64,10,8.16,0
0,0,0,0,0,0,0,0,0,0,0,25,193,8,8,25,193,-3,0,102,104,0,13,111,1,1,4,37,0,90,45,4,124,1.34,0.74,8,7.13,0
12,213,80,50000,6,106,112,152,11,12,1,34,495,8,8,17,247,-3,0,55,58,14,16,150,3,1,5,50,0,75,39,6,120,1.51,0.84,10,8.53,0
4,183,0,0,1,61,9,171,23,0,0,30,193,8,8,30,193,-3,0,102,104,0,23,26,1,1,11,13,0,271,56,1,119,1.24,0.66,11,8.71,0
8,147,443,50000,4,73,0,150,894,588,0,38,495,8,8,19,247,-3,0,53,54,12,14,133,1,3,4,44,0,89,24,5,118,1.18,0.63,12,11,0
0,0,0,0,0,0,0,0,0,0,0,28,495,8,8,14,247,-3,0,52,54,11,19,90,1,1,6,30,0,280,70,1,86,1.1,0.61,11,8.87,0
2,147,443,443,1,73,0,150,0,0,0,40,797,5,8,13,265,-3,0,39,45,12,15,116,1,2,5,38,0,81,0,5,98,0.9,0.61,12,9.8,0
0,0,0,0,0,0,0,0,0,0,0,30,193,8,8,30,193,-3,0,102,104,0,26,26,1,1,13,13,0,244,68,1,107,0.94,0.66,9,7.25,0
5,263,50000,50000,1,87,47,121,130,0,0,25,193,8,8,25,193,-3,0,102,104,0,25,52,1,0,8,17,0,164,45,5,122,1.21,0.62,10,8.7,0
0,0,0,0,0,0,0,0,0,0,0,38,495,8,8,19,247,-3,0,54,56,7,25,26,1,1,12,13,0,255,37,0,112,1.14,0.72,9,7.44,0
0,0,0,0,0,0,0,0,0,0,0,30,193,8,8,30,193,-3,0,102,104,0,21,159,1,1,7,53,2,92,80,5,123,1.26,0.69,10,8.41,0
64,429,443,9002,21,143,61,64,24,25,23,31,193,8,8,31,193,-3,0,102,104,0,12,158,1,1,4,52,0,99,36,4,123,1.34,0.7,11,9.09,0
0,0,0,0,0,0,0,0,0,0,0,36,495,8,8,18,247,-3,0,57,61,11,26,52,1,0,8,17,0,181,36,3,136,1.98,1.28,11,10.62,0
4,120,443,50000,2,60,28,144,31,0,0,31,193,8,8,31,193,-3,0,102,104,0,25,26,1,1,12,13,0,255,36,0,135,1.89,0.97,12,9.48,0
4,155,443,50000,2,77,36,150,10,0,0,30,193,8,8,30,193,-2,0,102,104,0,14,120,1,3,4,40,0,87,21,5,135,2.14,1.36,11,8.35,0
0,0,0,0,0,0,0,0,0,0,0,21,193,8,8,21,193,-3,0,102,104,0,18,87,2,2,6,29,0,174,30,3,92,1.45,0.68,10,7.88,0
0,0,0,0,0,0,0,0,0,0,0,36,495,8,8,18,247,-3,0,57,64,12,7,116,2,2,2,38,0,68,34,1,123,1.31,0.72,10,7.79,0
0,0,0,0,0,0,0,0,0,0,0,30,193,8,8,30,193,-3,0,102,104,0,27,94,1,1,9,31,0,163,45,5,107,1.04,0.65,10,8.93,0
2,165,50000,50000,1,82,0,58,0,0,0,31,193,8,8,31,193,-3,0,102,104,0,14,78,1,9,4,26,0,88,24,5,123,1.14,0.55,9,7.64,0
0,0,0,0,0,0,0,0,0,0,0,40,495,8,8,20,247,-3,0,54,56,10,29,91,1,1,9,30,0,271,45,4,109,1.02,0.58,12,8.96,0
0,0,0,0,0,0,0,0,0,0,0,31,193,8,8,31,193,-3,0,102,104,0,16,87,2,2,5,29,0,68,27,6,97,0.82,0.65,10,7.3,0
10,183,9002,9002,5,91,84,64,16,17,0,32,495,8,8,16,247,-3,0,56,52,14,22,90,1,1,7,30,0,162,0,4,103,0.92,0.58,11,8.97,0
4,120,443,50000,2,60,28,144,41,0,0,40,495,8,8,20,247,-3,0,55,58,11,26,52,1,0,8,17,0,164,46,5,122,1.32,0.77,9,7.57,0
7,260,50000,50000,2,86,56,60,365,283,0,29,193,8,8,29,193,-2,0,106,109,0,24,26,1,1,12,13,0,256,38,1,124,1.3,0.68,11,8.96,0
0,0,0,0,0,0,0,0,0,0,0,21,193,8,8,21,193,-3,0,102,105,0,11,155,1,1,3,51,0,91,27,3,99,1.51,0.64,10,7.7,0
7,265,443,50000,2,88,27,118,147,109,1,30,193,8,8,30,193,-3,0,102,104,0,27,91,1,1,9,30,0,162,3,5,130,1.92,0.99,10,8.42,0
0,0,0,0,0,0,0,0,0,0,0,37,495,8,8,18,247,-3,0,55,59,12,19,90,2,2,6,30,0,188,30,5,125,1.48,0.77,11,8.06,0
0,0,0,0,0,0,0,0,0,0,0,30,193,8,8,30,193,-3,0,102,104,0,21,94,1,1,7,31,0,164,52,4,129,1.47,0.67,9,7.91,0
0,0,0,0,0,0,0,0,0,0,0,30,193,8,8,30,193,-2,0,102,104,0,22,52,1,0,7,17,0,154,23,4,117,1.16,0.65,10,7.62,0
0,0,0,0,0,0,0,0,0,0,0,41,495,8,8,20,247,-3,0,55,60,10,24,27,1,1,12,13,2,266,73,0,121,1.3,0.63,10,8.08,0
0,0,0,0,0,0,0,0,0,0,0,30,193,8,8,30,193,-2,0,102,104,0,14,78,1,1,4,26,0,89,24,5,115,1.09,0.63,10,7.78,0
0,0,0,0,0,0,0,0,0,0,0,30,193,8,8,30,193,-3,0,105,109,0,15,126,1,3,5,42,3,168,23,4,114,1.14,0.6,10,8.99,0
4,120,443,50000,2,60,28,144,31,0,0,38,495,8,8,19,247,-3,0,56,59,10,17,136,3,0,5,45,0,231,15,5,101,0.91,0.66,9,8.34,0
0,0,0,0,0,0,0,0,0,0,0,31,193,8,8,31,193,-3,0,102,104,0,26,52,1,0,8,17,0,170,24,5,100,0.91,0.61,11,8.53,0
6,154,443,50000,3,77,8,150,348,57,1,19,193,8,8,19,193,-3,0,108,113,0,10,120,1,3,3,40,0,91,26,3,83,1.05,0.58,10,8.75,0
3,183,443,50000,1,91,17,150,9,0,0,31,193,8,8,31,193,-3,0,102,104,0,13,113,1,2,4,37,0,81,0,4,119,1.03,0.57,10,7.72,0
0,0,0,0,0,0,0,0,0,0,0,40,495,8,8,20,247,-3,0,53,55,10,18,116,1,2,6,38,0,181,67,4,106,1.02,0.64,10,8.64,0
0,0,0,0,0,0,0,0,0,0,0,30,193,8,8,30,193,-2,0,105,109,0,15,149,3,0,5,49,0,81,33,5,116,1.33,0.78,10,7.65,0
9,301,50000,50000,3,100,87,60,284,75,0,30,193,8,8,30,193,-3,0,102,104,0,16,52,1,0,5,17,0,75,17,6,122,1.19,0.62,10,8.93,0
0,0,0,0,0,0,0,0,0,0,0,40,797,5,8,13,265,-3,0,38,42,11,29,91,1,1,9,30,0,265,33,4,122,1.22,0.59,10,7.37,0
0,0,0,0,0,0,0,0,0,0,0,31,193,8,8,31,193,-3,0,102,104,0,12,116,1,2,4,38,0,81,0,4,105,0.98,0.66,10,9.02,0
0,0,0,0,0,0,0,0,0,0,0,25,193,8,8,25,193,-3,0,102,104,0,15,155,1,1,5,51,0,81,0,5,115,1.04,0.59,10,7.73,0
1,81,0,0,1,81,0,225,0,0,0,39,495,8,8,19,247,-3,0,54,56,11,26,52,1,0,8,17,0,156,19,5,116,1.18,0.63,10,8.04,0
3,100,443,50000,1,50,14,144,0,0,0,24,193,8,8,24,193,-3,0,106,111,0,15,52,10,10,5,17,0,166,66,2,96,1.35,0.61,10,8.74,0
2,165,50000,50000,1,82,0,58,0,0,0,31,193,8,8,31,193,-3,0,102,104,0,14,120,1,3,4,40,0,88,22,5,120,1.25,0.69,10,7.66,0
3,183,443,50000,1,91,17,150,10,0,0,30,193,8,8,30,193,-3,0,102,104,0,28,88,1,1,9,29,0,322,0,5,134,1.59,0.68,10,7.91,0
0,0,0,0,0,0,0,0,0,0,0,37,495,8,8,18,247,-3,0,57,63,11,17,117,1,2,5,39,0,196,42,4,140,1.86,0.8,10,7.8,0
0,0,0,0,0,0,0,0,0,0,0,30,193,8,8,30,193,-3,0,102,104,0,12,120,1,3,4,40,0,90,25,4,140,1.87,0.72,10,8.31,0
13,273,80,443,4,91,74,123,7,8,2,26,193,8,8,26,193,-3,0,102,104,0,27,52,1,0,9,17,0,156,17,5,136,1.79,0.73,9,7.99,0
1,60,443,443,1,60,0,64,0,0,0,41,797,5,8,13,265,-3,0,39,43,10,23,52,1,1,7,17,0,204,44,4,138,2.26,1.16,10,9.39,0
0,0,0,0,0,0,0,0,0,0,0,31,193,8,8,31,193,-3,0,102,104,0,16,172,3,1,5,57,3,163,0,5,141,2.01,0.74,8,7.33,0
32,631,443,50000,16,315,456,141,163,209,1,30,193,8,8,30,193,-3,0,102,104,0,14,155,1,1,4,51,0,81,0,5,136,1.74,0.76,11,8.83,0
5,158,443,50000,1,52,18,169,63,0,0,37,495,8,8,18,247,-3,0,57,63,12,28,52,1,0,9,17,0,156,17,5,141,2.17,0.8,10,7.24,0
7,285,50000,50000,2,95,83,60,282,20,0,25,193,8,8,25,193,-3,0,102,104,0,18,26,1,1,9,13,0,244,2,0,106,2.22,0.73,11,9.22,0
4,391,443,50000,2,195,7,150,38,0,0,25,193,8,8,25,193,-3,0,102,104,0,13,120,1,3,4,40,0,88,21,4,137,1.61,0.59,9,7.3,0
0,0,0,0,0,0,0,0,0,0,0,31,193,8,8,31,193,-3,0,102,104,0,25,90,1,1,8,30,0,163,0,5,135,1.66,0.69,10,8.26,0
4,306,443,50000,2,153,143,150,10,0,0,39,495,8,8,19,247,-3,0,54,57,10,15,115,1,3,5,38,1,442,34,4,131,1.38,0.58,11,8.33,0
0,0,0,0,0,0,0,0,0,0,0,31,193,8,8,31,193,-3,0,102,104,0,14,120,1,3,4,40,0,88,22,5,123,1.39,0.7,10,8.29,0
2,165,50000,50000,1,82,0,58,0,0,0,30,193,8,8,30,193,-3,0,102,104,0,26,26,1,1,13,13,0,244,2,0,123,1.34,0.67,9,7.43,0
0,0,0,0,0,0,0,0,0,0,0,36,495,8,8,18,247,-3,0,56,61,12,15,117,1,2,5,39,0,221,66,2,119,1.22,0.69,10,8.13,0
0,0,0,0,0,0,0,0,0,0,0,30,193,8,8,30,193,-3,0,102,104,0,23,175,1,1,7,58,5,503,25,4,122,1.25,0.62,9,8.5,0
11,177,9002,50000,5,88,81,64,15,18,0,31,193,8,8,31,193,-3,0,102,104,0,22,26,1,1,11,13,0,244,0,0,132,1.45,0.61,10,7.77,0
4,120,443,50000,2,60,28,144,36,0,0,38,495,8,8,19,247,-3,0,55,58,11,25,30,1,1,12,15,8,255,37,0,124,1.31,0.7,10,8.1,0
0,0,0,0,0,0,0,0,0,0,0,21,193,8,8,21,193,-3,0,102,105,0,23,52,1,0,7,17,0,156,21,4,93,1.38,0.75,10,8.52,0
6,275,50000,50000,2,91,5,121,223,46,0,29,193,8,8,29,193,-2,0,106,109,0,13,120,1,3,4,40,0,97,50,4,133,1.59,0.7,12,8.61,0
2,147,443,443,1,73,0,150,0,0,0,30,193,8,8,30,193,-2,0,102,104,0,15,116,1,2,5,38,0,81,0,5,133,1.74,0.77,9,7.59,0
3,183,443,50000,1,91,17,150,10,0,0,41,797,5,8,13,265,-3,0,36,38,12,23,89,1,1,7,29,0,389,29,4,131,1.5,0.66,12,9.45,0
0,0,0,0,0,0,0,0,0,0,0,30,193,8,8,30,193,-3,0,102,104,0,6,91,2,2,2,30,0,115,1,0,125,1.36,0.65,9,7.19,0
7,285,50000,50000,2,95,83,60,233,2,0,31,193,8,8,31,193,-3,0,102,104,0,26,26,1,1,13,13,0,244,2,0,93,0.77,0.63,10,8.84,0
0,0,0,0,0,0,0,0,0,0,0,37,495,8,8,18,247,-3,0,54,57,11,28,52,1,0,9,17,0,164,47,4,113,1.11,0.62,9,8.09,0
0,0,0,0,0,0,0,0,0,0,0,31,193,8,8,31,193,-3,0,102,104,0,17,140,3,0,5,46,0,70,28,6,89,0.81,0.66,11,8.68,0
10,183,9002,9002,5,91,84,64,17,18,0,30,193,8,8,30,193,-3,0,102,104,0,5,130,1,3,1,43,1,1,0,0,102,0.91,0.61,10,7.67,0
0,0,0,0,0,0,0,0,0,0,0,29,495,8,8,14,247,-3,0,53,55,6,22,52,1,0,7,17,0,171,27,4,72,0.88,0.61,9,7.82,0
14,339,443,50000,4,113,16,121,55,5,1,30,193,8,8,30,193,-3,0,102,104,0,24,52,1,0,8,17,0,155,17,4,100,0.97,0.66,11,8.7,0
0,0,0,0,0,0,0,0,0,0,0,31,193,8,8,31,193,-3,0,102,104,0,26,94,1,1,8,31,0,170,69,5,117,1.07,0.59,10,7.76,0
0,0,0,0,0,0,0,0,0,0,0,30,193,8,8,30,193,-3,0,102,104,0,26,52,1,0,8,17,0,156,19,5,109,0.97,0.64,10,8.1,0
0,0,0,0,0,0,0,0,0,0,0,42,495,8,8,21,247,-3,0,54,58,10,17,116,1,1,5,38,0,169,64,4,114,1.1,0.62,10,8.27,0
0,0,0,0,0,0,0,0,0,0,0,30,193,8,8,30,193,-3,0,102,104,0,15,113,1,2,5,37,0,89,22,4,117,1.14,0.63,11,9.26,0
2,165,50000,50000,1,82,0,58,0,0,0,31,193,8,8,31,193,-3,0,102,104,0,25,26,0,1,8,8,0,177,48,5,122,1.18,0.56,9,7.08,0
12,279,443,50000,6,139,11,150,52,0,0,36,495,8,8,18,247,-3,0,56,61,11,19,117,1,2,6,39,0,206,35,3,105,1.05,0.64,10,9.1,0
0,0,0,0,0,0,0,0,0,0,0,25,193,8,8,25,193,-3,0,102,104,0,25,107,1,1,8,35,0,162,3,5,87,0.67,0.61,10,7.32,0
0,0,0,0,0,0,0,0,0,0,0,31,193,8,8,31,193,-3,0,102,104,0,15,116,1,2,5,38,0,89,24,4,101,0.83,0.59,10,8.74,0
4,155,443,50000,2,77,36,150,10,0,0,33,495,8,8,16,247,-3,0,55,59,8,16,26,1,1,8,13,0,244,0,0,74,0.85,0.63,9,7.11,0
6,288,50000,50000,2,96,79,117,221,0,0,31,193,8,8,31,193,-3,0,102,104,0,14,113,1,2,4,37,0,88,24,5,93,0.82,0.58,11,9.09,0
2,165,50000,50000,1,82,0,58,0,0,0,36,495,8,8,18,247,-3,0,52,54,12,25,94,1,1,8,31,0,176,66,5,108,0.93,0.61,9,7.22,0
0,0,0,0,0,0,0,0,0,0,0,31,193,8,8,31,193,-3,0,102,104,0,29,52,1,0,9,17,0,157,19,5,107,0.92,0.62,11,9.24,0
0,0,0,0,0,0,0,0,0,0,0,38,495,8,8,19,247,-3,0,54,58,11,24,90,1,1,8,30,0,171,25,4,117,1.06,0.58,10,7.98,0
0,0,0,0,0,0,0,0,0,0,0,25,193,8,8,25,193,-3,0,106,110,0,18,158,1,1,6,52,0,222,86,4,103,0.93,0.66,11,8.62,0
23,382,443,50000,11,191,286,149,17,10,0,30,193,8,8,30,193,-3,0,102,104,0,26,26,1,1,13,13,0,244,0,0,115,1.09,0.62,9,7.23,0
0,0,0,0,0,0,0,0,0,0,0,33,495,8,8,16,247,-3,0,52,52,14,28,52,1,0,9,17,0,158,50,6,128,1.53,0.73,10,8.31,0
0,0,0,0,0,0,0,0,0,0,0,30,193,8,8,30,193,-3,0,102,104,0,29,100,1,1,9,33,3,240,52,5,143,1.91,0.7,10,8.17,0
0,0,0,0,0,0,0,0,0,0,0,25,193,8,8,25,193,-3,0,102,104,0,4,172,3,1,1,57,1,1,0,0,102,1.78,0.75,9,7.43,0
8,792,443,50000,2,264,307,175,174,156,1,39,495,8,8,19,247,-3,0,55,58,11,26,26,1,1,13,13,0,244,0,0,136,2.5,1.21,10,8.56,0
0,0,0,0,0,0,0,0,0,0,0,25,193,8,8,25,193,-3,0,102,104,0,16,87,2,2,5,29,0,75,15,6,141,2.43,1.04,10,7.74,0
0,0,0,0,0,0,0,0,0,0,0,26,193,8,8,26,193,-3,0,102,104,0,14,149,3,0,4,49,0,80,33,5,142,1.92,0.65,10,8.35,0
0,0,0,0,0,0,0,0,0,0,0,30,193,8,8,30,193,-3,0,102,104,0,28,52,1,0,9,17,0,163,19,5,135,1.7,0.69,9,7.34,0
0,0,0,0,0,0,0,0,0,0,0,42,495,8,8,21,247,-3,0,53,55,10,24,90,2,2,8,30,0,425,321,2,131,1.73,0.84,10,8.28,0
0,0,0,0,0,0,0,0,0,0,0,30,193,8,8,30,193,-3,0,102,104,0,11,155,1,1,3,51,0,114,40,3,122,1.3,0.67,9,7.59,0
8,260,50000,50000,2,86,58,60,311,111,0,30,193,8,8,30,193,-3,0,105,109,0,23,26,0,1,7,8,0,181,54,4,110,1.15,0.71,10,9.13,0
0,0,0,0,0,0,0,0,0,0,0,38,495,8,8,19,247,-3,0,54,57,11,6,91,0,0,2,30,0,100,21,1,114,1.04,0.62,10,8.09,0
0,0,0,0,0,0,0,0,0,0,0,31,193,8,8,31,193,-3,0,102,104,0,22,26,1,1,11,13,0,246,76,1,115,1.06,0.61,9,8.34,0
0,0,0,0,0,0,0,0,0,0,0,20,193,8,8,20,193,-3,0,102,105,0,3,175,3,1,1,58,0,0,0,0,73,0.82,0.6,9,7.3,0
6,196,443,50000,2,65,30,117,15,0,0,44,495,8,8,22,247,-3,0,55,58,9,25,90,1,1,8,30,0,162,0,5,95,0.79,0.62,10,8.09,0
4,120,443,50000,2,60,28,144,41,0,0,29,193,8,8,29,193,-3,0,106,109,0,18,113,1,2,6,37,0,82,0,5,105,0.86,0.58,11,8.3,0
2,165,50000,50000,1,82,0,58,0,0,0,31,193,8,8,31,193,-3,0,102,104,0,26,94,1,1,8,31,0,169,58,5,105,0.91,0.63,10,7.89,0
0,0,0,0,0,0,0,0,0,0,0,30,193,8,8,30,193,-3,0,102,104,0,25,52,1,0,8,17,0,179,85,5,107,1.01,0.53,10,7.88,0
0,0,0,0,0,0,0,0,0,0,0,39,495,8,8,19,247,-3,0,54,57,10,20,26,1,1,10,13,0,244,0,0,110,0.98,0.58,10,7.83,0
0,0,0,0,0,0,0,0,0,0,0,30,193,8,8,30,193,-3,0,102,104,0,13,133,1,3,4,44,0,97,33,4,111,1.07,0.69,10,8.11,0
0,0,0,0,0,0,0,0,0,0,0,30,193,8,8,30,193,-3,0,102,104,0,26,89,2,2,8,29,0,573,456,4,92,0.81,0.61,8,7.56,0
0,0,0,0,0,0,0,0,0,0,0,38,495,8,8,19,247,-3,0,56,63,12,14,78,1,5,4,26,0,88,24,5,98,0.85,0.6,11,8.33,0
0,0,0,0,0,0,0,0,0,0,0,29,193,8,8,29,193,-3,0,106,109,0,23,26,1,1,11,13,0,256,39,0,110,0.98,0.63,9,6.87,0
11,177,9002,50000,5,88,81,64,15,19,0,23,495,8,8,11,247,-3,0,56,52,9,7,174,3,1,2,58,3,124,64,0,77,0.96,0.68,10,8.52,0
0,0,0,0,0,0,0,0,0,0,0,34,495,8,8,17,247,-3,0,55,59,13,21,26,1,1,10,13,0,257,41,0,89,0.68,0.62,9,7.16,0
6,240,50000,443,2,80,56,64,151,0,0,31,193,8,8,31,193,-3,0,102,104,0,11,78,1,12,3,26,0,91,28,3,98,0.77,0.61,11,8.87,0
0,0,0,0,0,0,0,0,0,0,0,30,193,8,8,30,193,-3,0,102,104,0,13,155,1,1,4,51,0,96,48,4,99,0.89,0.6,9,7.71,0
0,0,0,0,0,0,0,0,0,0,0,31,193,8,8,31,193,-3,0,102,104,0,27,52,1,0,9,17,0,163,41,5,87,0.75,0.65,9,7.66,0
0,0,0,0,0,0,0,0,0,0,0,36,495,8,8,18,247,-3,0,55,58,12,29,90,1,1,9,30,0,308,92,3,97,0.79,0.56,9,7.29,0
9,175,5223,50000,4,87,14,60,144,116,0,31,193,8,8,31,193,-3,0,102,104,0,13,120,1,3,4,40,0,97,33,4,98,0.89,0.67,9,7.75,0
2,165,50000,50000,1,82,0,58,0,0,0,25,193,8,8,25,193,-3,0,102,104,0,24,26,1,1,12,13,0,244,2,0,108,0.94,0.63,10,8.32,0
0,0,0,0,0,0,0,0,0,0,0,34,495,8,8,17,247,-3,0,55,58,9,17,117,1,2,5,39,0,193,27,4,130,1.48,0.69,8,6.78,0
0,0,0,0,0,0,0,0,0,0,0,25,193,8,8,25,193,-3,0,102,104,0,19,87,2,2,6,29,0,162,0,3,91,1.33,0.67,10,8.5,0
10,183,9002,9002,5,91,84,64,17,18,0,29,193,8,8,29,193,-3,0,106,109,0,11,78,1,13,3,26,0,111,41,3,130,1.36,0.63,8,7.08,0
1,85,443,443,1,85,0,64,0,0,0,39,495,8,8,19,247,-3,0,56,63,11,26,52,1,1,8,17,0,162,0,5,132,1.62,0.72,10,8.23,0
5,243,443,50000,1,81,20,175,31,0,0,30,193,8,8,30,193,-3,0,102,104,0,27,52,1,0,9,17,0,163,40,5,125,1.24,0.56,10,7.92,0
6,270,50000,50000,2,90,71,60,265,0,0,31,193,8,8,31,193,-3,0,102,104,0,13,155,1,1,4,51,0,97,50,4,109,1.08,0.65,10,8.29,0
6,196,50000,50000,3,98,62,58,359,434,0,30,193,8,8,30,193,-3,0,102,104,0,25,52,1,0,8,17,0,162,34,5,101,0.91,0.68,9,6.98,0
0,0,0,0,0,0,0,0,0,0,0,36,495,8,8,18,247,-3,0,54,56,8,21,26,1,1,10,13,0,316,149,1,104,0.96,0.62,10,7.87,0
0,0,0,0,0,0,0,0,0,0,0,30,193,8,8,30,193,-3,0,102,104,0,13,120,1,3,4,40,0,89,24,4,99,0.86,0.58,8,7.35,0
6,262,50000,50000,2,87,67,60,165,0,0,30,193,8,8,30,193,-3,0,105,109,0,28,91,1,1,9,30,0,282,36,3,94,0.85,0.61,10,8.08,0
0,0,0,0,0,0,0,0,0,0,0,38,495,8,8,19,247,-3,0,54,56,11,12,113,1,2,4,37,0,108,41,4,110,1.12,0.66,9,7.13,0
0,0,0,0,0,0,0,0,0,0,0,24,193,8,8,24,193,-3,0,106,111,0,13,26,0,0,6,13,0,275,62,1,87,1.12,0.58,9,8.11,0
0,0,0,0,0,0,0,0,0,0,0,31,193,8,8,31,193,-3,0,102,104,0,18,78,1,7,6,26,0,70,50,7,105,1.01,0.65,9,7.09,0
0,0,0,0,0,0,0,0,0,0,0,34,495,8,8,17,247,-3,0,54,58,11,19,90,1,1,6,30,0,186,39,3,101,1.01,0.65,9,7.44,0
5,243,443,50000,1,81,20,121,28,0,0,26,193,8,8,26,193,-3,0,102,104,0,23,52,1,0,7,17,0,156,18,5,112,1.01,0.58,10,8.08,0
0,0,0,0,0,0,0,0,0,0,0,30,193,8,8,30,193,-3,0,102,104,0,16,157,1,1,5,52,1,101,66,4,112,1.08,0.71,9,7.45,0
0,0,0,0,0,0,0,0,0,0,0,30,193,8,8,30,193,-3,0,105,109,0,12,63,1,0,4,21,11,109,57,4,102,0.92,0.63,10,7.8,0
42,290,443,50000,21,145,11,150,76,166,0,34,495,8,8,17,247,-3,0,56,61,13,28,91,1,1,9,30,0,263,8,3,97,0.86,0.65,9,7,0
62,305,443,50000,31,152,3,150,47,62,0,31,193,8,8,31,193,-3,0,102,104,0,12,158,1,1,4,52,0,106,38,4,104,0.94,0.63,12,11.39,0
2,165,50000,50000,1,82,0,58,0,0,0,36,669,8,8,12,223,-4,0,37,38,12,23,26,1,1,11,13,0,280,124,2,117,1.11,0.6,12,9.94,0
20,954,443,50000,10,477,396,60,10,10,1,35,495,8,8,17,247,-3,0,56,60,13,22,116,1,2,7,38,0,162,48,4,134,1.61,0.66,12,9.73,0
0,0,0,0,0,0,0,0,0,0,0,20,193,8,8,20,193,-3,0,102,105,0,16,26,1,1,8,13,0,242,4,0,86,1.19,0.75,9,7.63,0
0,0,0,0,0,0,0,0,0,0,0,32,495,5,5,16,247,-3,0,53,52,14,13,78,1,5,4,26,0,97,33,4,143,2.09,0.72,11,8.05,0
0,0,0,0,0,0,0,0,0,0,0,39,495,8,8,19,247,-3,0,55,58,11,26,26,1,1,13,13,0,244,0,0,142,2.82,1.14,8,6.63,0
5,182,50000,50000,1,60,29,117,91,0,0,29,193,8,8,29,193,-3,0,106,109,0,15,116,1,2,5,38,0,81,0,5,145,3.04,1.16,11,8.6,0
54,411,443,50000,18,137,5,60,11,11,24,31,193,8,8,31,193,-3,0,102,104,0,11,120,1,3,3,40,0,111,85,3,139,2.2,0.86,9,6.98,0
4,308,443,50000,2,154,0,149,127,0,0,30,193,8,8,30,193,-3,0,102,104,0,6,113,2,2,2,37,0,0,0,1,139,1.92,0.72,13,10.19,0
0,0,0,0,0,0,0,0,0,0,0,34,495,8,8,17,247,-3,0,58,65,14,23,52,1,0,7,17,0,203,87,4,139,1.9,0.74,10,8.93,0
0,0,0,0,0,0,0,0,0,0,0,30,193,8,8,30,193,-3,0,102,104,0,14,120,1,3,4,40,0,88,23,5,132,1.64,0.71,10,7.89,0
11,220,80,50000,3,73,34,121,10,3,2,30,193,8,8,30,193,-3,0,105,109,0,12,126,1,1,4,42,0,108,57,4,117,1.24,0.64,10,8.01,0
0,0,0,0,0,0,0,0,0,0,0,32,495,8,8,16,247,-3,0,54,58,4,8,113,1,2,2,37,0,114,72,2,83,1.05,0.68,9,7,0
0,0,0,0,0,0,0,0,0,0,0,31,193,8,8,31,193,-3,0,102,104,0,25,26,1,1,12,13,0,256,37,0,102,1.04,0.57,10,7.74,0
0,0,0,0,0,0,0,0,0,0,0,30,193,8,8,30,193,-3,0,102,104,0,17,124,1,3,5,41,2,163,1,5,93,0.77,0.62,9,7.19,0
0,0,0,0,0,0,0,0,0,0,0,33,495,8,8,16,247,-3,0,52,52,14,23,26,1,1,11,13,0,256,38,0,102,0.93,0.56,10,8.09,0
8,203,443,50000,2,67,18,175,192,71,0,30,193,8,8,30,193,-3,0,102,104,0,15,116,1,2,5,38,0,81,0,5,94,0.78,0.64,9,7.79,0
2,147,443,443,1,73,0,150,0,0,0,31,193,8,8,31,193,-3,0,102,104,0,23,164,3,1,7,54,3,191,225,6,99,0.82,0.62,10,8.23,0
4,391,443,50000,2,195,7,149,38,0,0,30,193,8,8,30,193,-3,0,102,104,0,17,120,1,3,5,40,0,70,29,6,97,0.79,0.63,10,7.77,0
4,307,443,50000,2,153,143,149,10,0,0,37,797,5,8,12,265,-3,0,39,37,13,18,132,2,2,6,44,0,176,29,5,97,0.81,0.6,9,8.59,0
0,0,0,0,0,0,0,0,0,0,0,30,193,8,8,30,193,-3,0,102,104,0,12,155,3,1,4,51,1,94,29,3,104,0.83,0.62,10,8.47,0
8,286,50000,50000,2,95,70,60,244,106,0,20,193,8,8,20,193,-3,0,102,105,0,19,90,1,1,6,30,0,164,3,3,80,1.08,0.65,10,8.36,0
0,0,0,0,0,0,0,0,0,0,0,38,495,8,8,19,247,-3,0,55,59,11,14,117,1,3,4,39,0,81,36,5,89,0.75,0.63,9,6.92,0
0,0,0,0,0,0,0,0,0,0,0,30,193,8,8,30,193,-3,0,102,104,0,53,113,1,1,17,37,5,203,110,10,81,0.71,0.63,11,8.56,0
0,0,0,0,0,0,0,0,0,0,0,31,193,8,8,31,193,-3,0,102,104,0,15,120,1,3,5,40,0,81,0,5,87,0.73,0.61,9,7.29,0
11,177,9002,50000,5,88,81,64,15,18,0,37,495,8,8,18,247,-3,0,60,72,11,25,26,1,1,12,13,0,256,37,0,92,0.79,0.62,10,7.89,0
4,120,443,50000,2,60,28,144,38,0,0,31,193,8,8,31,193,-3,0,102,104,0,16,124,1,3,5,41,6,77,22,5,92,0.67,0.57,9,7.44,0
2,165,50000,50000,1,82,0,58,0,0,0,30,193,8,8,30,193,-3,0,102,104,0,17,153,1,1,5,51,0,319,21,5,93,0.81,0.63,10,7.84,0
0,0,0,0,0,0,0,0,0,0,0,26,193,8,8,26,193,-3,0,102,104,0,11,78,1,1,3,26,0,102,37,3,97,0.78,0.59,8,7.91,0
0,0,0,0,0,0,0,0,0,0,0,30,495,5,5,15,247,-3,0,54,56,11,23,26,1,1,11,13,0,257,41,0,94,0.83,0.66,9,7.1,0
3,183,443,50000,1,91,17,149,10,0,0,31,193,8,8,31,193,-3,0,102,104,0,28,52,1,0,9,17,0,156,18,5,107,0.93,0.63,10,8.17,0
0,0,0,0,0,0,0,0,0,0,0,25,193,8,8,25,193,-3,0,102,104,0,20,165,3,1,6,55,7,156,48,5,78,0.96,0.63,8,7.15,0
0,0,0,0,0,0,0,0,0,0,0,35,495,8,8,17,247,-3,0,56,61,12,47,106,0,0,15,35,4,62,71,16,98,0.89,0.65,11,8.24,0
0,0,0,0,0,0,0,0,0,0,0,30,193,8,8,30,193,-3,0,102,104,0,24,87,1,1,8,29,0,171,26,4,92,0.85,0.61,9,7.11,0
11,177,9002,50000,5,88,81,64,14,18,0,26,193,8,8,26,193,-3,0,102,104,0,34,126,1,3,11,42,2,89,78,7,100,0.86,0.62,10,7.77,0
0,0,0,0,0,0,0,0,0,0,0,31,495,8,8,15,247,-3,0,58,65,12,49,99,1,1,16,33,2,167,136,8,109,0.95,0.65,9,7.52,0
6,224,50000,443,2,74,49,64,218,0,0,30,193,8,8,30,193,-3,0,102,104,0,25,52,1,0,8,17,0,164,44,5,118,1.16,0.68,11,8.51,0
12,279,443,50000,6,139,11,149,48,9,0,31,193,8,8,31,193,-3,0,102,104,0,26,26,1,1,13,13,0,244,1,0,124,1.49,0.86,10,7.68,0
0,0,0,0,0,0,0,0,0,0,0,29,193,8,8,29,193,-3,0,106,109,0,15,118,1,3,5,39,2,207,319,3,134,1.47,0.61,9,8.52,0
0,0,0,0,0,0,0,0,0,0,0,39,495,8,8,19,247,-3,0,56,61,11,10,207,3,2,3,69,3,144,58,1,136,1.7,0.69,10,7.22,0
0,0,0,0,0,0,0,0,0,0,0,30,193,8,8,30,193,-3,0,102,104,0,15,120,1,3,5,40,0,75,21,5,129,1.38,0.64,9,7.58,0
2,165,50000,50000,1,82,0,58,0,0,0,21,193,8,8,21,193,-3,0,102,105,0,15,26,1,1,7,13,0,302,109,0,100,1.48,0.64,10,7.56,0
0,0,0,0,0,0,0,0,0,0,0,37,495,8,8,18,247,-3,0,53,56,11,13,117,1,2,4,39,0,231,127,3,131,1.46,0.66,10,8.02,0
12,279,443,50000,6,139,11,149,53,0,0,30,193,8,8,30,193,-3,0,102,104,0,25,90,1,1,8,30,0,660,26,4,129,1.73,0.8,9,7.42,0
0,0,0,0,0,0,0,0,0,0,0,31,193,8,8,31,193,-3,0,102,104,0,15,113,1,2,5,37,0,81,0,5,143,2.22,0.76,9,7.37,0
4,155,443,50000,2,77,36,149,9,0,0,30,193,8,8,30,193,-3,0,102,104,0,13,167,3,1,4,55,2,110,112,4,140,2.27,1.07,10,7.69,0
7,205,443,50000,2,68,18,117,219,99,0,31,193,8,8,31,193,-3,0,102,104,0,18,124,1,3,6,41,2,237,247,5,139,2.09,0.79,9,6.88,0