timestamp,src,dest,freq,subtype,avg_sz,avg_rssi,std_rssi,avg_del,std_del
1549751933,8c:0d:76:64:69:31,ff:ff:ff:ff:ff:ff,15,8,193.00,-3.00,0.00,102413.50,106279.66
1549751936,8c:0d:76:64:69:31,ff:ff:ff:ff:ff:ff,26,8,193.00,-3.00,0.00,102393.48,104505.96
1549751936,8c:0d:76:64:69:31,90:70:65:2d:f5:af,7,5,302.00,-3.00,0.00,10255.00,18396.64
1549751939,8c:0d:76:64:69:31,ff:ff:ff:ff:ff:ff,30,8,193.00,-3.00,0.00,102406.31,104220.88
1549751942,8c:0d:76:64:69:31,ff:ff:ff:ff:ff:ff,30,8,193.00,-3.00,0.00,102393.76,104215.42
1549751945,8c:0d:76:64:69:31,ff:ff:ff:ff:ff:ff,31,8,193.00,-3.00,0.00,102394.80,104146.08
1549751948,8c:0d:76:64:69:31,ff:ff:ff:ff:ff:ff,30,8,193.00,-3.00,0.00,102402.76,104220.07
1549751948,8c:0d:76:64:69:31,90:70:65:2d:f5:af,7,5,302.00,-3.00,0.00,9410.50,13374.31
1549751951,8c:0d:76:64:69:31,ff:ff:ff:ff:ff:ff,26,8,193.00,-3.00,0.00,102398.40,104514.48
1549751954,8c:0d:76:64:69:31,ff:ff:ff:ff:ff:ff,29,8,193.00,-3.00,0.00,102406.18,104291.23
1549751957,8c:0d:76:64:69:31,ff:ff:ff:ff:ff:ff,31,8,193.00,-3.00,0.00,102399.93,104153.77
1549751957,8c:0d:76:64:69:31,90:70:65:2d:f5:af,12,5,302.00,-3.00,0.00,8281.00,14617.78
1549751960,8c:0d:76:64:69:31,ff:ff:ff:ff:ff:ff,30,8,193.00,-3.00,0.00,102405.07,104219.73
1549751963,8c:0d:76:64:69:31,ff:ff:ff:ff:ff:ff,26,8,193.00,-3.00,0.00,102416.28,104528.44
1549751966,8c:0d:76:64:69:31,ff:ff:ff:ff:ff:ff,30,8,193.00,-3.00,0.00,102403.14,104246.29
1549751966,8c:0d:76:64:69:31,90:70:65:2d:f5:af,12,5,302.00,-3.00,0.00,6960.09,10180.46
1549751969,8c:0d:76:64:69:31,ff:ff:ff:ff:ff:ff,30,8,193.00,-3.00,0.00,105935.79,109577.00
1549751972,8c:0d:76:64:69:31,ff:ff:ff:ff:ff:ff,30,8,193.00,-3.00,0.00,102399.07,104243.42
1549751975,8c:0d:76:64:69:31,ff:ff:ff:ff:ff:ff,25,8,193.00,-3.00,0.00,102397.38,104599.95
1549751978,8c:0d:76:64:69:31,ff:ff:ff:ff:ff:ff,31,8,193.00,-3.00,0.00,102399.67,104151.11
1549751978,8c:0d:76:64:69:31,90:70:65:2d:f5:af,7,5,302.00,-3.00,0.00,14201.50,27750.59
1549751981,8c:0d:76:64:69:31,ff:ff:ff:ff:ff:ff,30,8,193.00,-3.00,0.00,102398.17,104214.19
1549751981,8c:0d:76:64:69:31,c0:a6:00:e7:3a:ea,1,5,302.00,-3.00,0.00,0.00,0.00
1549751984,8c:0d:76:64:69:31,ff:ff:ff:ff:ff:ff,29,8,193.00,-3.00,0.00,109720.11,114927.67
1549751987,8c:0d:76:64:69:31,ff:ff:ff:ff:ff:ff,30,8,193.00,-3.00,0.00,102414.93,104273.07
1549751987,8c:0d:76:64:69:31,90:70:65:2d:f5:af,1,5,302.00,-3.00,0.00,0.00,0.00
1549751990,8c:0d:76:64:69:31,ff:ff:ff:ff:ff:ff,31,8,193.00,-3.00,0.00,102399.60,104183.85
1549751993,8c:0d:76:64:69:31,ff:ff:ff:ff:ff:ff,20,8,193.00,-3.00,0.00,102401.47,105209.58
1549751996,8c:0d:76:64:69:31,ff:ff:ff:ff:ff:ff,29,8,193.00,-3.00,0.00,102406.46,104328.96
1549751999,8c:0d:76:64:69:31,90:70:65:2d:f5:af,4,5,302.00,-3.00,0.00,10532.00,14417.17
1549751999,8c:0d:76:64:69:31,ff:ff:ff:ff:ff:ff,30,8,193.00,-3.00,0.00,102402.14,104215.59
1549752002,8c:0d:76:64:69:31,ff:ff:ff:ff:ff:ff,31,8,193.00,-3.00,0.00,102399.83,104152.75
1549752005,8c:0d:76:64:69:31,ff:ff:ff:ff:ff:ff,29,8,193.00,-3.00,0.00,106062.25,109728.61
1549752008,8c:0d:76:64:69:31,ff:ff:ff:ff:ff:ff,30,8,193.00,-3.00,0.00,102395.07,104223.50
1549752008,8c:0d:76:64:69:31,90:70:65:2d:f5:af,3,5,302.00,-3.00,0.00,14635.00,25716.61
1549752011,8c:0d:76:64:69:31,ff:ff:ff:ff:ff:ff,31,8,193.00,-3.00,0.00,102406.97,104263.30
1549752014,8c:0d:76:64:69:31,ff:ff:ff:ff:ff:ff,30,8,193.00,-3.00,0.00,102423.17,104239.19
1549752017,8c:0d:76:64:69:31,ff:ff:ff:ff:ff:ff,31,8,193.00,-3.00,0.00,102400.10,104204.75
1549752017,8c:0d:76:64:69:31,90:70:65:2d:f5:af,5,5,302.00,-3.00,0.00,4598.00,5553.85
1549752020,8c:0d:76:64:69:31,ff:ff:ff:ff:ff:ff,30,8,193.00,-3.00,0.00,102408.86,104224.24
1549752023,8c:0d:76:64:69:31,ff:ff:ff:ff:ff:ff,21,8,193.00,-3.00,0.00,102393.20,105056.80
1549752026,8c:0d:76:64:69:31,ff:ff:ff:ff:ff:ff,29,8,193.00,-3.00,0.00,106057.25,109730.45
1549752026,8c:0d:76:64:69:31,90:70:65:2d:f5:af,9,5,302.00,-3.00,0.00,7839.75,12009.06
1549752029,8c:0d:76:64:69:31,ff:ff:ff:ff:ff:ff,31,8,193.00,-3.00,0.00,102393.67,104144.69
1549752032,8c:0d:76:64:69:31,ff:ff:ff:ff:ff:ff,30,8,193.00,-3.00,0.00,102390.24,104204.51
1549752035,8c:0d:76:64:69:31,ff:ff:ff:ff:ff:ff,31,8,193.00,-3.00,0.00,102399.80,104152.78
1549752038,8c:0d:76:64:69:31,ff:ff:ff:ff:ff:ff,30,8,193.00,-3.00,0.00,102406.03,104222.61
1549752038,8c:0d:76:64:69:31,90:70:65:2d:f5:af,8,5,302.00,-3.00,0.00,6423.71,9716.93
1549752041,8c:0d:76:64:69:31,ff:ff:ff:ff:ff:ff,30,8,193.00,-3.00,0.00,102400.45,104213.08
1549752044,8c:0d:76:64:69:31,ff:ff:ff:ff:ff:ff,31,8,193.00,-3.00,0.00,102393.97,104144.82
1549752047,8c:0d:76:64:69:31,ff:ff:ff:ff:ff:ff,29,8,193.00,-3.00,0.00,106057.32,109723.23
1549752047,8c:0d:76:64:69:31,90:70:65:2d:f5:af,7,5,302.00,-3.00,0.00,11191.67,21368.25
1549752050,8c:0d:76:64:69:31,ff:ff:ff:ff:ff:ff,20,8,193.00,-3.00,0.00,107794.00,113218.79
1549752053,8c:0d:76:64:69:31,ff:ff:ff:ff:ff:ff,30,8,193.00,-3.00,0.00,102334.55,104156.44
1549752056,8c:0d:76:64:69:31,ff:ff:ff:ff:ff:ff,31,8,193.00,-3.00,0.00,102395.53,104147.11
1549752056,8c:0d:76:64:69:31,90:70:65:2d:f5:af,10,5,302.00,-3.00,0.00,8128.33,13357.34
1549752059,8c:0d:76:64:69:31,ff:ff:ff:ff:ff:ff,30,8,193.00,-3.00,0.00,102521.72,104342.04
1549752062,8c:0d:76:64:69:31,ff:ff:ff:ff:ff:ff,31,8,193.00,-3.00,0.00,102422.87,104175.26
1549752065,8c:0d:76:64:69:31,ff:ff:ff:ff:ff:ff,30,8,193.00,-3.00,0.00,102396.38,104210.16
1549752068,8c:0d:76:64:69:31,ff:ff:ff:ff:ff:ff,30,8,193.00,-3.00,0.00,105931.17,109471.56
1549752068,8c:0d:76:64:69:31,90:70:65:2d:f5:af,7,5,302.00,-3.00,0.00,8891.17,16125.63
1549752071,8c:0d:76:64:69:31,ff:ff:ff:ff:ff:ff,25,8,193.00,-3.00,0.00,102396.17,104599.31
1549752074,8c:0d:76:64:69:31,ff:ff:ff:ff:ff:ff,30,8,193.00,-3.00,0.00,102401.14,104237.27
1549752077,8c:0d:76:64:69:31,ff:ff:ff:ff:ff:ff,26,8,193.00,-3.00,0.00,102398.00,104511.79
1549752077,8c:0d:76:64:69:31,90:70:65:2d:f5:af,10,5,302.00,-3.00,0.00,6597.78,10240.19
1549752080,8c:0d:76:64:69:31,ff:ff:ff:ff:ff:ff,30,8,193.00,-3.00,0.00,102541.41,104359.75
1549752083,8c:0d:76:64:69:31,ff:ff:ff:ff:ff:ff,30,8,193.00,-3.00,0.00,105924.00,109467.36
1549752086,8c:0d:76:64:69:31,ff:ff:ff:ff:ff:ff,30,8,193.00,-3.00,0.00,102397.83,104212.58
1549752086,8c:0d:76:64:69:31,90:70:65:2d:f5:af,6,5,302.00,-3.00,0.00,7918.20,13927.99
1549752089,8c:0d:76:64:69:31,ff:ff:ff:ff:ff:ff,31,8,193.00,-3.00,0.00,102406.23,104157.02
1549752092,8c:0d:76:64:69:31,ff:ff:ff:ff:ff:ff,29,8,193.00,-3.00,0.00,102393.64,104291.18
1549752095,8c:0d:76:64:69:31,ff:ff:ff:ff:ff:ff,26,8,193.00,-3.00,0.00,102396.24,104512.72
1549752098,8c:0d:76:64:69:31,ff:ff:ff:ff:ff:ff,30,8,193.00,-3.00,0.00,102405.07,104226.50
1549752098,8c:0d:76:64:69:31,90:70:65:2d:f5:af,7,5,302.00,-3.00,0.00,7241.00,10712.99
1549752101,8c:0d:76:64:69:31,ff:ff:ff:ff:ff:ff,30,8,193.00,-3.00,0.00,102403.34,104216.03
1549752104,8c:0d:76:64:69:31,ff:ff:ff:ff:ff:ff,31,8,193.00,-3.00,0.00,102401.43,104152.44
1549752107,8c:0d:76:64:69:31,ff:ff:ff:ff:ff:ff,24,8,193.00,-3.00,0.00,106848.43,111315.90
1549752107,8c:0d:76:64:69:31,90:70:65:2d:f5:af,4,5,302.00,-3.00,0.00,12573.67,22107.66
1549752110,8c:0d:76:64:69:31,ff:ff:ff:ff:ff:ff,31,8,193.00,-3.00,0.00,102395.43,104147.49
1549752113,8c:0d:76:64:69:31,ff:ff:ff:ff:ff:ff,25,8,193.00,-3.00,0.00,102404.08,104610.00
1549752116,8c:0d:76:64:69:31,ff:ff:ff:ff:ff:ff,31,8,193.00,-3.00,0.00,102404.30,104156.59
1549752116,8c:0d:76:64:69:31,c0:a6:00:e7:3a:ea,9,5,302.00,-3.00,0.00,4373.75,5883.97
1549752116,8c:0d:76:64:69:31,90:70:65:2d:f5:af,6,5,302.00,-3.00,0.00,9220.60,13519.38
1549752119,8c:0d:76:64:69:31,ff:ff:ff:ff:ff:ff,30,8,193.00,-3.00,0.00,102542.97,104361.04
1549752119,8c:0d:76:64:69:31,d0:d2:b0:0c:4e:5f,5,5,302.00,-3.00,0.00,4120.50,5171.08
1549752122,8c:0d:76:64:69:31,ff:ff:ff:ff:ff:ff,31,8,193.00,-3.00,0.00,102394.23,104180.09
1549752125,8c:0d:76:64:69:31,ff:ff:ff:ff:ff:ff,30,8,193.00,-3.00,0.00,102398.59,104225.15
1549752128,8c:0d:76:64:69:31,ff:ff:ff:ff:ff:ff,31,8,193.00,-3.00,0.00,102412.63,104164.99
1549752128,8c:0d:76:64:69:31,90:70:65:2d:f5:af,7,5,302.00,-3.00,0.00,7891.00,13421.17
1549752131,8c:0d:76:64:69:31,ff:ff:ff:ff:ff:ff,30,8,193.00,-3.00,0.00,102398.66,104212.69
1549752134,8c:0d:76:64:69:31,ff:ff:ff:ff:ff:ff,30,8,193.00,-3.00,0.00,102399.21,104212.28
1549752137,8c:0d:76:64:69:31,ff:ff:ff:ff:ff:ff,21,8,193.00,-3.00,0.00,102403.65,105081.51
1549752137,8c:0d:76:64:69:31,90:70:65:2d:f5:af,4,5,302.00,-3.00,0.00,10523.33,18025.83
1549752140,8c:0d:76:64:69:31,ff:ff:ff:ff:ff:ff,30,8,193.00,-3.00,0.00,102396.48,104213.11
1549752143,8c:0d:76:64:69:31,ff:ff:ff:ff:ff:ff,30,8,193.00,-3.00,0.00,105930.10,109470.92
1549752146,8c:0d:76:64:69:31,ff:ff:ff:ff:ff:ff,29,8,193.00,-3.00,0.00,106014.14,109676.76
1549752146,8c:0d:76:64:69:31,90:70:65:2d:f5:af,13,5,302.00,-3.00,0.00,7249.58,11124.82
1549752149,8c:0d:76:64:69:31,ff:ff:ff:ff:ff:ff,31,8,193.00,-3.00,0.00,102401.10,104152.66
1549752152,8c:0d:76:64:69:31,ff:ff:ff:ff:ff:ff,30,8,193.00,-3.00,0.00,102405.28,104596.94
1549752155,8c:0d:76:64:69:31,ff:ff:ff:ff:ff:ff,31,8,193.00,-3.00,0.00,102403.73,104156.46
1549752158,8c:0d:76:64:69:31,ff:ff:ff:ff:ff:ff,30,8,193.00,-3.00,0.00,102393.62,104210.15
1549752158,8c:0d:76:64:69:31,90:70:65:2d:f5:af,7,5,302.00,-3.00,0.00,9938.00,15724.27
1549752161,8c:0d:76:64:69:31,ff:ff:ff:ff:ff:ff,30,8,193.00,-3.00,0.00,105942.41,109488.85
1549752164,8c:0d:76:64:69:31,ff:ff:ff:ff:ff:ff,31,8,193.00,-3.00,0.00,102420.77,104171.77
1549752167,8c:0d:76:64:69:31,ff:ff:ff:ff:ff:ff,19,8,193.00,-3.00,0.00,102409.61,105383.21
1549752167,8c:0d:76:64:69:31,90:70:65:2d:f5:af,8,5,302.00,-3.00,0.00,7334.86,13588.63
1549752170,8c:0d:76:64:69:31,ff:ff:ff:ff:ff:ff,31,8,193.00,-3.00,0.00,102427.23,104217.24
1549752173,8c:0d:76:64:69:31,ff:ff:ff:ff:ff:ff,30,8,193.00,-3.00,0.00,102407.34,104221.75
1549752176,8c:0d:76:64:69:31,ff:ff:ff:ff:ff:ff,31,8,193.00,-3.00,0.00,102397.40,104158.85
1549752176,8c:0d:76:64:69:31,90:70:65:2d:f5:af,1,5,302.00,-3.00,0.00,0.00,0.00
1549752179,8c:0d:76:64:69:31,ff:ff:ff:ff:ff:ff,30,8,193.00,-3.00,0.00,102401.69,104216.02
1549752182,8c:0d:76:64:69:31,ff:ff:ff:ff:ff:ff,31,8,193.00,-3.00,0.00,102315.37,104106.82
1549752185,8c:0d:76:64:69:31,ff:ff:ff:ff:ff:ff,29,8,193.00,-3.00,0.00,106053.71,109723.74
1549752188,8c:0d:76:64:69:31,ff:ff:ff:ff:ff:ff,30,8,193.00,-3.00,0.00,105932.17,109483.82
1549752188,8c:0d:76:64:69:31,90:70:65:2d:f5:af,4,5,302.00,-3.00,0.00,17297.00,30074.43
1549752191,8c:0d:76:64:69:31,ff:ff:ff:ff:ff:ff,26,8,193.00,-3.00,0.00,102399.24,104511.36
1549752194,8c:0d:76:64:69:31,ff:ff:ff:ff:ff:ff,20,8,193.00,-3.00,0.00,107783.32,113204.43
1549752197,8c:0d:76:64:69:31,ff:ff:ff:ff:ff:ff,31,8,193.00,-3.00,0.00,102407.30,104158.71
1549752197,8c:0d:76:64:69:31,90:70:65:2d:f5:af,3,5,302.00,-3.00,0.00,13096.00,22696.61
1549752200,8c:0d:76:64:69:31,ff:ff:ff:ff:ff:ff,30,8,193.00,-3.00,0.00,102404.31,104218.19
1549752203,8c:0d:76:64:69:31,ff:ff:ff:ff:ff:ff,31,8,193.00,-3.00,0.00,102399.97,104152.70
1549752206,8c:0d:76:64:69:31,ff:ff:ff:ff:ff:ff,29,8,193.00,-3.00,0.00,106056.29,109730.63
1549752206,8c:0d:76:64:69:31,90:70:65:2d:f5:af,5,5,302.00,-3.00,0.00,4064.00,4789.74
1549752209,8c:0d:76:64:69:31,ff:ff:ff:ff:ff:ff,31,8,193.00,-3.00,0.00,102405.73,104156.54
1549752212,8c:0d:76:64:69:31,ff:ff:ff:ff:ff:ff,26,8,193.00,-3.00,0.00,102404.56,104519.20
1549752215,8c:0d:76:64:69:31,ff:ff:ff:ff:ff:ff,26,8,193.00,-3.00,0.00,102405.60,104520.55
1549752218,8c:0d:76:64:69:31,ff:ff:ff:ff:ff:ff,30,8,193.00,-3.00,0.00,102405.03,104218.40
1549752218,8c:0d:76:64:69:31,90:70:65:2d:f5:af,7,5,302.00,-3.00,0.00,6772.33,11006.37
1549752221,8c:0d:76:64:69:31,ff:ff:ff:ff:ff:ff,31,8,193.00,-3.00,0.00,102402.50,104155.84
1549752224,8c:0d:76:64:69:31,ff:ff:ff:ff:ff:ff,24,8,193.00,-3.00,0.00,102229.13,104530.92
1549752227,8c:0d:76:64:69:31,ff:ff:ff:ff:ff:ff,31,8,193.00,-3.00,0.00,102399.80,104152.64
1549752227,8c:0d:76:64:69:31,90:70:65:2d:f5:af,8,5,302.00,-3.00,0.00,8652.57,17110.79
1549752230,8c:0d:76:64:69:31,ff:ff:ff:ff:ff:ff,30,8,193.00,-3.00,0.00,102401.45,104215.27
1549752233,8c:0d:76:64:69:31,ff:ff:ff:ff:ff:ff,25,8,193.00,-3.00,0.00,102435.46,104642.47
1549752236,8c:0d:76:64:69:31,ff:ff:ff:ff:ff:ff,30,8,193.00,-3.00,0.00,105925.93,109479.25
1549752236,8c:0d:76:64:69:31,90:70:65:2d:f5:af,9,5,302.00,-3.00,0.00,6721.50,8437.10
1549752239,8c:0d:76:64:69:31,ff:ff:ff:ff:ff:ff,30,8,193.00,-3.00,0.00,102402.93,104217.84
1549752242,8c:0d:76:64:69:31,ff:ff:ff:ff:ff:ff,32,8,193.00,-3.00,0.00,102413.94,104107.45
1549752245,8c:0d:76:64:69:31,ff:ff:ff:ff:ff:ff,28,8,193.00,-3.00,0.00,106195.15,109997.86
1549752248,8c:0d:76:64:69:31,ff:ff:ff:ff:ff:ff,31,8,193.00,-3.00,0.00,102399.70,104152.16
1549752248,8c:0d:76:64:69:31,90:70:65:2d:f5:af,7,5,302.00,-3.00,0.00,11352.50,22711.14
1549752251,8c:0d:76:64:69:31,ff:ff:ff:ff:ff:ff,20,8,193.00,-3.00,0.00,102386.63,105198.83
1549752254,8c:0d:76:64:69:31,c0:a6:00:e7:3a:ea,2,5,302.00,-3.00,0.00,2851.00,0.00
1549752254,8c:0d:76:64:69:31,ff:ff:ff:ff:ff:ff,30,8,193.00,-3.00,0.00,102397.83,104212.35
1549752257,8c:0d:76:64:69:31,ff:ff:ff:ff:ff:ff,30,8,193.00,-3.00,0.00,102403.31,104219.17
1549752257,8c:0d:76:64:69:31,90:70:65:2d:f5:af,8,5,302.00,-3.00,0.00,7784.86,11281.21
1549752260,8c:0d:76:64:69:31,ff:ff:ff:ff:ff:ff,31,8,193.00,-3.00,0.00,102394.90,104145.54
1549752263,8c:0d:76:64:69:31,ff:ff:ff:ff:ff:ff,30,8,193.00,-3.00,0.00,102397.41,104212.69
1549752266,8c:0d:76:64:69:31,ff:ff:ff:ff:ff:ff,31,8,193.00,-3.00,0.00,102370.27,104126.27
1549752266,8c:0d:76:64:69:31,90:70:65:2d:f5:af,6,5,302.00,-3.00,0.00,8097.40,13418.64
1549752269,8c:0d:76:64:69:31,ff:ff:ff:ff:ff:ff,30,8,193.00,-3.00,0.00,102395.28,104208.30
1549752272,8c:0d:76:64:69:31,ff:ff:ff:ff:ff:ff,30,8,193.00,-3.00,0.00,102456.66,104282.81
1549752275,8c:0d:76:64:69:31,ff:ff:ff:ff:ff:ff,30,8,193.00,-3.00,0.00,106078.31,109621.81
1549752278,8c:0d:76:64:69:31,ff:ff:ff:ff:ff:ff,29,8,193.00,-3.00,0.00,106062.32,109754.89
1549752278,8c:0d:76:64:69:31,90:70:65:2d:f5:af,5,5,302.00,-3.00,0.00,4825.00,5745.36
1549752281,8c:0d:76:64:69:31,ff:ff:ff:ff:ff:ff,20,8,193.00,-3.00,0.00,107823.11,113283.50
1549752284,8c:0d:76:64:69:31,ff:ff:ff:ff:ff:ff,28,8,193.00,-3.00,0.00,109972.44,115364.37
1549752287,8c:0d:76:64:69:31,ff:ff:ff:ff:ff:ff,31,8,193.00,-3.00,0.00,102552.60,104314.37
1549752287,8c:0d:76:64:69:31,90:70:65:2d:f5:af,9,5,302.00,-3.00,0.00,16307.12,30123.05
1549752290,8c:0d:76:64:69:31,ff:ff:ff:ff:ff:ff,28,8,193.00,-3.00,0.00,108834.44,114242.65
1549752293,8c:0d:76:64:69:31,ff:ff:ff:ff:ff:ff,31,8,193.00,-3.00,0.00,102400.63,104157.85
1549752293,8c:0d:76:64:69:31,80:d2:1d:36:7a:87,7,5,302.00,-3.00,0.00,24471.67,38875.80
1549752296,8c:0d:76:64:69:31,ff:ff:ff:ff:ff:ff,30,8,193.00,-3.00,0.00,102397.93,104210.51
1549752296,8c:0d:76:64:69:31,90:70:65:2d:f5:af,7,5,302.00,-3.00,0.00,12325.00,24733.06
1549752299,8c:0d:76:64:69:31,ff:ff:ff:ff:ff:ff,30,8,193.00,-3.00,0.00,105936.97,109483.41
1549752299,8c:0d:76:64:69:31,d0:d2:b0:0c:4e:5f,3,5,302.00,-3.00,0.00,2968.50,4198.09
1549752302,8c:0d:76:64:69:31,ff:ff:ff:ff:ff:ff,30,8,193.00,-3.00,0.00,102363.69,104175.88
1549752305,8c:0d:76:64:69:31,ff:ff:ff:ff:ff:ff,31,8,193.00,-3.03,0.18,102395.23,104476.97
1549752308,8c:0d:76:64:69:31,90:70:65:2d:f5:af,13,5,302.00,-3.00,0.00,6995.58,9565.23
1549752308,8c:0d:76:64:69:31,80:d2:1d:36:7a:87,5,5,302.00,-3.00,0.00,32937.00,54115.53
1549752308,8c:0d:76:64:69:31,ff:ff:ff:ff:ff:ff,20,8,193.00,-3.00,0.00,102409.58,105217.45
1549752311,8c:0d:76:64:69:31,ff:ff:ff:ff:ff:ff,30,8,193.00,-3.00,0.00,102400.69,104217.84
1549752314,8c:0d:76:64:69:31,ff:ff:ff:ff:ff:ff,30,8,193.00,-3.00,0.00,102358.55,104172.38
1549752317,8c:0d:76:64:69:31,ff:ff:ff:ff:ff:ff,30,8,193.00,-3.00,0.00,102393.41,104478.19
1549752317,8c:0d:76:64:69:31,90:70:65:2d:f5:af,7,5,302.00,-3.00,0.00,8746.67,16541.72
1549752320,8c:0d:76:64:69:31,ff:ff:ff:ff:ff:ff,30,8,193.00,-3.00,0.00,105873.66,109437.62
1549752323,8c:0d:76:64:69:31,ff:ff:ff:ff:ff:ff,30,8,193.00,-3.00,0.00,102395.52,104211.36
1549752326,8c:0d:76:64:69:31,ff:ff:ff:ff:ff:ff,31,8,193.00,-3.00,0.00,102399.50,104153.81
1549752326,8c:0d:76:64:69:31,90:70:65:2d:f5:af,11,5,302.00,-3.36,1.21,9099.90,15446.28
1549752326,8c:0d:76:64:69:31,80:d2:1d:36:7a:87,6,5,302.00,-3.00,0.00,31023.20,42134.43
1549752329,8c:0d:76:64:69:31,ff:ff:ff:ff:ff:ff,30,8,193.00,-3.00,0.00,102394.86,104207.75
1549752332,8c:0d:76:64:69:31,ff:ff:ff:ff:ff:ff,26,8,193.00,-3.00,0.00,102397.20,104508.76
1549752335,8c:0d:76:64:69:31,ff:ff:ff:ff:ff:ff,30,8,193.00,-3.00,0.00,102396.55,104209.17
1549752338,8c:0d:76:64:69:31,ff:ff:ff:ff:ff:ff,25,8,193.00,-3.00,0.00,102399.88,104618.04
1549752338,8c:0d:76:64:69:31,90:70:65:2d:f5:af,9,5,302.00,-3.00,0.00,19342.50,44035.04
1549752341,8c:0d:76:64:69:31,ff:ff:ff:ff:ff:ff,31,8,193.00,-3.00,0.00,102397.23,104153.52
1549752344,8c:0d:76:64:69:31,ff:ff:ff:ff:ff:ff,31,8,193.00,-3.00,0.00,102407.97,104161.17
1549752347,8c:0d:76:64:69:31,ff:ff:ff:ff:ff:ff,30,8,193.00,-3.00,0.00,102391.10,104205.64
1549752347,8c:0d:76:64:69:31,90:70:65:2d:f5:af,14,5,302.00,-3.00,0.00,5762.08,7407.22
1549752350,8c:0d:76:64:69:31,ff:ff:ff:ff:ff:ff,25,8,193.00,-3.00,0.00,102397.75,104600.94
1549752353,8c:0d:76:64:69:31,ff:ff:ff:ff:ff:ff,29,8,193.00,-3.00,0.00,106051.96,109692.79
1549752356,8c:0d:76:64:69:31,ff:ff:ff:ff:ff:ff,30,8,193.00,-3.00,0.00,102399.59,104216.46
1549752356,8c:0d:76:64:69:31,90:70:65:2d:f5:af,12,5,302.00,-3.00,0.00,6178.18,8315.81
1549752359,8c:0d:76:64:69:31,ff:ff:ff:ff:ff:ff,30,8,193.00,-3.00,0.00,102406.86,104221.31
1549752359,8c:0d:76:64:69:31,80:d2:1d:36:7a:87,4,5,302.00,-3.00,0.00,70900.67,97498.22
1549752362,8c:0d:76:64:69:31,ff:ff:ff:ff:ff:ff,30,8,193.00,-3.00,0.00,102397.62,104212.29
1549752362,8c:0d:76:64:69:31,80:d2:1d:36:7a:87,8,5,302.00,-3.00,0.00,24579.86,47596.37
1549752365,8c:0d:76:64:69:31,ff:ff:ff:ff:ff:ff,31,8,193.00,-3.00,0.00,102403.47,104158.42
1549752368,8c:0d:76:64:69:31,ff:ff:ff:ff:ff:ff,22,8,193.00,-3.00,0.00,102391.33,104920.54
1549752368,8c:0d:76:64:69:31,90:70:65:2d:f5:af,7,5,302.00,-3.00,0.00,7630.33,12920.55
1549752371,8c:0d:76:64:69:31,ff:ff:ff:ff:ff:ff,28,8,193.00,-3.00,0.00,102407.30,104359.54
1549752374,8c:0d:76:64:69:31,ff:ff:ff:ff:ff:ff,29,8,193.00,-3.00,0.00,106060.32,109772.74
1549752377,8c:0d:76:64:69:31,ff:ff:ff:ff:ff:ff,31,8,193.00,-3.00,0.00,102421.60,104176.26
1549752377,8c:0d:76:64:69:31,90:70:65:2d:f5:af,10,5,302.00,-3.00,0.00,6714.67,8825.25
1549752380,8c:0d:76:64:69:31,ff:ff:ff:ff:ff:ff,29,8,193.00,-3.00,0.00,106063.21,109673.58
1549752383,8c:0d:76:64:69:31,ff:ff:ff:ff:ff:ff,30,8,193.00,-3.00,0.00,102403.38,104225.50
1549752386,8c:0d:76:64:69:31,ff:ff:ff:ff:ff:ff,31,8,193.00,-3.00,0.00,102399.13,104154.24
1549752386,8c:0d:76:64:69:31,c0:a6:00:e7:3a:ea,1,5,302.00,-3.00,0.00,0.00,0.00
1549752386,8c:0d:76:64:69:31,90:70:65:2d:f5:af,13,5,302.00,-3.00,0.00,6608.92,8232.85
1549752389,8c:0d:76:64:69:31,ff:ff:ff:ff:ff:ff,30,8,193.00,-3.00,0.00,102397.93,104217.49
1549752392,8c:0d:76:64:69:31,ff:ff:ff:ff:ff:ff,31,8,193.00,-3.03,0.18,102392.87,104145.71
1549752395,8c:0d:76:64:69:31,ff:ff:ff:ff:ff:ff,19,8,193.00,-3.00,0.00,108080.72,113796.18
1549752398,8c:0d:76:64:69:31,ff:ff:ff:ff:ff:ff,31,8,193.00,-3.00,0.00,102400.17,104151.05
1549752398,8c:0d:76:64:69:31,90:70:65:2d:f5:af,7,5,302.00,-3.00,0.00,6971.83,11719.38
1549752401,8c:0d:76:64:69:31,ff:ff:ff:ff:ff:ff,30,8,193.00,-3.00,0.00,102407.45,104221.59
1549752404,8c:0d:76:64:69:31,ff:ff:ff:ff:ff:ff,31,8,193.00,-3.00,0.00,102393.67,104156.62
1549752407,8c:0d:76:64:69:31,ff:ff:ff:ff:ff:ff,30,8,193.00,-3.00,0.00,102388.17,104202.74
1549752407,8c:0d:76:64:69:31,90:70:65:2d:f5:af,7,5,302.00,-3.00,0.00,8875.00,15566.13
1549752410,8c:0d:76:64:69:31,ff:ff:ff:ff:ff:ff,31,8,193.00,-3.00,0.00,102414.03,104167.49
1549752413,8c:0d:76:64:69:31,ff:ff:ff:ff:ff:ff,30,8,193.00,-3.00,0.00,102403.38,104217.02
1549752416,8c:0d:76:64:69:31,ff:ff:ff:ff:ff:ff,30,8,193.00,-3.00,0.00,105905.55,109446.62
1549752416,8c:0d:76:64:69:31,90:70:65:2d:f5:af,6,5,302.00,-3.00,0.00,18605.20,40271.12
1549752419,8c:0d:76:64:69:31,ff:ff:ff:ff:ff:ff,30,8,193.00,-3.00,0.00,102403.17,104215.90
1549752422,8c:0d:76:64:69:31,ff:ff:ff:ff:ff:ff,31,8,193.00,-3.00,0.00,102385.67,104139.07
1549752425,8c:0d:76:64:69:31,ff:ff:ff:ff:ff:ff,20,8,193.00,-3.00,0.00,102437.84,105245.20
1549752428,8c:0d:76:64:69:31,ff:ff:ff:ff:ff:ff,30,8,193.00,-3.00,0.00,102435.52,104249.62
1549752428,8c:0d:76:64:69:31,90:70:65:2d:f5:af,9,5,302.00,-3.00,0.00,10204.88,17697.12
1549752431,8c:0d:76:64:69:31,ff:ff:ff:ff:ff:ff,31,8,193.00,-3.00,0.00,102393.47,104200.24
1549752434,8c:0d:76:64:69:31,ff:ff:ff:ff:ff:ff,30,8,193.00,-3.00,0.00,102391.55,104219.40
1549752434,8c:0d:76:64:69:31,d0:d2:b0:0c:4e:5f,5,5,302.00,-3.00,0.00,5396.75,7145.69
1549752437,8c:0d:76:64:69:31,ff:ff:ff:ff:ff:ff,31,8,193.00,-3.03,0.18,102392.93,104146.73
1549752437,8c:0d:76:64:69:31,90:70:65:2d:f5:af,9,5,302.00,-3.11,0.33,5397.62,7659.50
1549752440,8c:0d:76:64:69:31,ff:ff:ff:ff:ff:ff,30,8,193.00,-3.00,0.00,102402.76,104215.55
1549752443,8c:0d:76:64:69:31,ff:ff:ff:ff:ff:ff,31,8,193.00,-3.00,0.00,102394.97,104145.81
1549752446,8c:0d:76:64:69:31,ff:ff:ff:ff:ff:ff,28,8,193.00,-3.00,0.00,106183.78,110317.96
1549752446,8c:0d:76:64:69:31,90:70:65:2d:f5:af,8,5,302.00,-3.00,0.00,6493.43,8461.65
1549752449,8c:0d:76:64:69:31,ff:ff:ff:ff:ff:ff,27,8,193.00,-3.00,0.00,102339.88,104373.11
1549752452,8c:0d:76:64:69:31,ff:ff:ff:ff:ff:ff,24,8,193.00,-3.00,0.00,102397.26,104705.97
1549752455,8c:0d:76:64:69:31,ff:ff:ff:ff:ff:ff,31,8,193.00,-3.03,0.18,102406.80,104157.89
1549752458,8c:0d:76:64:69:31,ff:ff:ff:ff:ff:ff,30,8,193.00,-3.00,0.00,102377.62,104197.02
1549752458,8c:0d:76:64:69:31,80:d2:1d:36:7a:87,5,5,302.00,-3.00,0.00,39325.75,58436.96
1549752458,8c:0d:76:64:69:31,90:70:65:2d:f5:af,7,5,302.00,-3.14,0.38,6959.17,11099.99
1549752461,8c:0d:76:64:69:31,ff:ff:ff:ff:ff:ff,30,8,193.00,-3.00,0.00,105932.69,109478.85
1549752464,8c:0d:76:64:69:31,ff:ff:ff:ff:ff:ff,28,8,193.00,-3.00,0.00,106196.15,110006.06
1549752467,8c:0d:76:64:69:31,ff:ff:ff:ff:ff:ff,26,8,193.00,-3.00,0.00,102396.80,104520.48
1549752467,8c:0d:76:64:69:31,90:70:65:2d:f5:af,6,5,302.00,-3.00,0.00,11775.60,21034.70
1549752470,8c:0d:76:64:69:31,ff:ff:ff:ff:ff:ff,29,8,193.00,-3.00,0.00,102398.04,104277.46
1549752473,8c:0d:76:64:69:31,ff:ff:ff:ff:ff:ff,30,8,193.00,-3.00,0.00,102403.79,104217.87
1549752476,8c:0d:76:64:69:31,ff:ff:ff:ff:ff:ff,31,8,193.00,-3.00,0.00,102399.80,104152.40
1549752476,8c:0d:76:64:69:31,90:70:65:2d:f5:af,15,5,302.00,-3.00,0.00,7247.14,16052.30
1549752479,8c:0d:76:64:69:31,ff:ff:ff:ff:ff:ff,31,8,193.00,-3.00,0.00,102401.33,104162.77
1549752482,8c:0d:76:64:69:31,ff:ff:ff:ff:ff:ff,25,8,193.00,-3.00,0.00,102394.62,104598.16
1549752485,8c:0d:76:64:69:31,ff:ff:ff:ff:ff:ff,24,8,193.00,-3.00,0.00,106851.83,111313.59
1549752488,8c:0d:76:64:69:31,ff:ff:ff:ff:ff:ff,31,8,193.00,-3.00,0.00,102401.97,104154.74
1549752488,8c:0d:76:64:69:31,90:70:65:2d:f5:af,12,5,302.00,-3.00,0.00,7527.09,11057.83
1549752491,8c:0d:76:64:69:31,ff:ff:ff:ff:ff:ff,30,8,193.00,-3.00,0.00,102409.03,104221.79
1549752494,8c:0d:76:64:69:31,ff:ff:ff:ff:ff:ff,30,8,193.00,-3.00,0.00,102414.62,104227.82
1549752497,8c:0d:76:64:69:31,ff:ff:ff:ff:ff:ff,30,8,193.00,-3.00,0.00,102401.76,104219.01
1549752497,8c:0d:76:64:69:31,90:70:65:2d:f5:af,6,5,302.00,-3.00,0.00,7312.00,11794.42
1549752500,8c:0d:76:64:69:31,ff:ff:ff:ff:ff:ff,30,8,193.00,-3.00,0.00,105937.31,109478.70
1549752503,8c:0d:76:64:69:31,ff:ff:ff:ff:ff:ff,29,8,193.00,-3.00,0.00,106088.36,109752.96
1549752506,8c:0d:76:64:69:31,ff:ff:ff:ff:ff:ff,31,8,193.00,-3.00,0.00,102402.80,104158.80
1549752506,8c:0d:76:64:69:31,90:70:65:2d:f5:af,8,5,302.00,-3.00,0.00,7801.43,13899.73
1549752509,8c:0d:76:64:69:31,ff:ff:ff:ff:ff:ff,30,8,193.00,-3.00,0.00,102399.10,104215.80
1549752512,8c:0d:76:64:69:31,ff:ff:ff:ff:ff:ff,20,8,193.00,-3.00,0.00,102404.79,105217.48
1549752515,8c:0d:76:64:69:31,ff:ff:ff:ff:ff:ff,30,8,193.00,-3.00,0.00,105928.34,109492.23
1549752518,8c:0d:76:64:69:31,ff:ff:ff:ff:ff:ff,29,8,193.00,-3.00,0.00,106055.29,109724.76
1549752518,8c:0d:76:64:69:31,90:70:65:2d:f5:af,7,5,302.00,-3.00,0.00,7653.67,12773.55
1549752521,8c:0d:76:64:69:31,ff:ff:ff:ff:ff:ff,31,8,193.00,-3.00,0.00,102397.97,104148.74
1549752521,8c:0d:76:64:69:31,c0:a6:00:e7:3a:ea,9,5,302.00,-3.00,0.00,7342.75,10868.35
1549752524,8c:0d:76:64:69:31,ff:ff:ff:ff:ff:ff,30,8,193.00,-3.00,0.00,102402.03,104216.46
1549752527,8c:0d:76:64:69:31,ff:ff:ff:ff:ff:ff,31,8,193.00,-3.00,0.00,102401.57,104153.81
1549752527,8c:0d:76:64:69:31,90:70:65:2d:f5:af,9,5,302.00,-3.00,0.00,8413.38,12041.27
1549752530,8c:0d:76:64:69:31,ff:ff:ff:ff:ff:ff,30,8,193.00,-3.00,0.00,102401.69,104221.20
1549752533,8c:0d:76:64:69:31,ff:ff:ff:ff:ff:ff,31,8,193.00,-3.00,0.00,102404.70,104279.40
1549752536,8c:0d:76:64:69:31,ff:ff:ff:ff:ff:ff,29,8,193.00,-3.00,0.00,106067.96,109772.12
1549752536,8c:0d:76:64:69:31,90:70:65:2d:f5:af,7,5,302.00,-3.00,0.00,12334.67,25507.76
1549752539,8c:0d:76:64:69:31,ff:ff:ff:ff:ff:ff,21,8,193.00,-3.00,0.00,102399.95,105060.56
1549752542,8c:0d:76:64:69:31,ff:ff:ff:ff:ff:ff,30,8,193.00,-3.00,0.00,102369.93,104183.29
1549752542,8c:0d:76:64:69:31,c0:a6:00:e7:3a:ea,4,5,302.00,-3.00,0.00,3196.00,3929.01
1549752545,8c:0d:76:64:69:31,ff:ff:ff:ff:ff:ff,31,8,193.00,-3.00,0.00,102399.03,104149.69
1549752548,8c:0d:76:64:69:31,ff:ff:ff:ff:ff:ff,30,8,193.00,-3.00,0.00,102410.59,104224.55
1549752548,8c:0d:76:64:69:31,90:70:65:2d:f5:af,8,5,302.00,-3.00,0.00,7033.14,11835.21
1549752551,8c:0d:76:64:69:31,ff:ff:ff:ff:ff:ff,31,8,193.00,-3.00,0.00,102397.53,104149.43
1549752551,8c:0d:76:64:69:31,d0:d2:b0:0c:4e:5f,5,5,302.00,-3.00,0.00,3223.50,3732.00
1549752554,8c:0d:76:64:69:31,ff:ff:ff:ff:ff:ff,30,8,193.00,-3.00,0.00,102395.41,104209.35
1549752557,8c:0d:76:64:69:31,ff:ff:ff:ff:ff:ff,30,8,193.00,-3.00,0.00,105931.07,109462.03
1549752557,8c:0d:76:64:69:31,90:70:65:2d:f5:af,8,5,302.00,-3.00,0.00,10163.14,19569.31
1549752560,8c:0d:76:64:69:31,ff:ff:ff:ff:ff:ff,30,8,193.00,-3.00,0.00,102398.41,104222.14
1549752563,8c:0d:76:64:69:31,ff:ff:ff:ff:ff:ff,24,8,193.00,-3.00,0.00,106846.91,111323.62
1549752566,8c:0d:76:64:69:31,ff:ff:ff:ff:ff:ff,27,8,193.00,-3.00,0.00,106329.92,110200.68
1549752566,8c:0d:76:64:69:31,90:70:65:2d:f5:af,7,5,302.00,-3.00,0.00,9461.50,17561.39
1549752569,8c:0d:76:64:69:31,ff:ff:ff:ff:ff:ff,25,8,193.00,-3.00,0.00,102449.62,104658.05
1549752572,8c:0d:76:64:69:31,ff:ff:ff:ff:ff:ff,31,8,193.00,-3.00,0.00,102401.23,104158.55
1549752575,8c:0d:76:64:69:31,ff:ff:ff:ff:ff:ff,30,8,193.00,-3.00,0.00,102401.28,104223.83
1549752578,8c:0d:76:64:69:31,ff:ff:ff:ff:ff:ff,31,8,193.00,-3.00,0.00,102408.00,104167.45
1549752578,8c:0d:76:64:69:31,90:70:65:2d:f5:af,11,5,302.00,-3.00,0.00,7820.30,11464.21
1549752581,8c:0d:76:64:69:31,ff:ff:ff:ff:ff:ff,25,8,193.00,-3.00,0.00,102408.04,104611.32
1549752584,8c:0d:76:64:69:31,ff:ff:ff:ff:ff:ff,26,8,193.00,-3.00,0.00,102425.48,104539.14
1549752587,8c:0d:76:64:69:31,ff:ff:ff:ff:ff:ff,29,8,193.00,-3.00,0.00,102394.21,104273.67
1549752587,8c:0d:76:64:69:31,90:70:65:2d:f5:af,3,5,302.00,-3.00,0.00,7904.00,12796.66
1549752590,8c:0d:76:64:69:31,ff:ff:ff:ff:ff:ff,31,8,193.00,-3.03,0.18,102604.33,104364.51
1549752593,8c:0d:76:64:69:31,ff:ff:ff:ff:ff:ff,28,8,193.00,-3.00,0.00,109855.89,115223.15
1549752596,8c:0d:76:64:69:31,ff:ff:ff:ff:ff:ff,30,8,193.00,-3.00,0.00,105763.48,109311.80
1549752596,8c:0d:76:64:69:31,90:70:65:2d:f5:af,9,5,302.00,-3.00,0.00,10124.12,15311.38
1549752599,8c:0d:76:64:69:31,ff:ff:ff:ff:ff:ff,20,8,193.00,-3.00,0.00,102390.21,105196.23
1549752602,8c:0d:76:64:69:31,ff:ff:ff:ff:ff:ff,31,8,193.00,-3.00,0.00,102387.23,104137.73
1549752605,8c:0d:76:64:69:31,ff:ff:ff:ff:ff:ff,30,8,193.00,-3.00,0.00,102357.14,104172.07
1549752608,8c:0d:76:64:69:31,ff:ff:ff:ff:ff:ff,31,8,193.00,-3.00,0.00,102408.27,104161.61
1549752608,8c:0d:76:64:69:31,90:70:65:2d:f5:af,9,5,302.00,-3.00,0.00,8103.00,11948.71
1549752611,8c:0d:76:64:69:31,ff:ff:ff:ff:ff:ff,30,8,193.00,-3.00,0.00,102404.59,104217.56
1549752614,8c:0d:76:64:69:31,ff:ff:ff:ff:ff:ff,30,8,193.00,-3.00,0.00,105930.34,109481.08
1549752617,8c:0d:76:64:69:31,ff:ff:ff:ff:ff:ff,30,8,193.00,-3.00,0.00,102324.66,104145.07
1549752617,8c:0d:76:64:69:31,90:70:65:2d:f5:af,10,5,302.00,-3.00,0.00,7388.89,10246.31
1549752620,8c:0d:76:64:69:31,ff:ff:ff:ff:ff:ff,31,8,193.00,-3.00,0.00,102395.40,104147.69
1549752623,8c:0d:76:64:69:31,ff:ff:ff:ff:ff:ff,30,8,193.00,-3.00,0.00,102404.28,104219.32
1549752626,8c:0d:76:64:69:31,ff:ff:ff:ff:ff:ff,20,8,193.00,-3.00,0.00,102404.37,105210.62
1549752629,8c:0d:76:64:69:31,ff:ff:ff:ff:ff:ff,31,8,193.00,-3.00,0.00,102552.37,104309.78
1549752629,8c:0d:76:64:69:31,90:70:65:2d:f5:af,9,5,302.00,-3.00,0.00,7775.25,11706.13
1549752632,8c:0d:76:64:69:31,ff:ff:ff:ff:ff:ff,30,8,193.00,-3.00,0.00,102385.00,104198.16
1549752635,8c:0d:76:64:69:31,ff:ff:ff:ff:ff:ff,31,8,193.00,-3.00,0.00,102397.57,104151.59
1549752638,8c:0d:76:64:69:31,ff:ff:ff:ff:ff:ff,30,8,193.00,-3.00,0.00,102401.17,104341.34
1549752638,8c:0d:76:64:69:31,90:70:65:2d:f5:af,5,5,302.00,-3.00,0.00,13288.25,23246.07
1549752641,8c:0d:76:64:69:31,ff:ff:ff:ff:ff:ff,31,8,193.00,-3.00,0.00,102402.90,104157.84
1549752644,8c:0d:76:64:69:31,ff:ff:ff:ff:ff:ff,30,8,193.00,-3.00,0.00,102392.83,104206.60
1549752647,8c:0d:76:64:69:31,ff:ff:ff:ff:ff:ff,31,8,193.00,-3.00,0.00,102399.50,104150.25
1549752647,8c:0d:76:64:69:31,90:70:65:2d:f5:af,13,5,302.00,-3.00,0.00,5232.00,6499.61
1549752650,8c:0d:76:64:69:31,ff:ff:ff:ff:ff:ff,30,8,193.00,-3.00,0.00,102397.97,104218.18
1549752653,8c:0d:76:64:69:31,ff:ff:ff:ff:ff:ff,31,8,193.00,-3.00,0.00,102399.00,104155.27
1549752656,8c:0d:76:64:69:31,ff:ff:ff:ff:ff:ff,20,8,193.00,-3.00,0.00,102403.89,105210.23
1549752656,8c:0d:76:64:69:31,c0:a6:00:e7:3a:ea,4,5,302.00,-3.00,0.00,7722.33,12604.37
1549752656,8c:0d:76:64:69:31,90:70:65:2d:f5:af,1,5,302.00,-3.00,0.00,0.00,0.00
1549752659,8c:0d:76:64:69:31,ff:ff:ff:ff:ff:ff,30,8,193.00,-3.00,0.00,102393.55,104252.67
1549752662,8c:0d:76:64:69:31,ff:ff:ff:ff:ff:ff,31,8,193.00,-3.00,0.00,101939.57,103716.22
1549752665,8c:0d:76:64:69:31,ff:ff:ff:ff:ff:ff,28,8,193.00,-3.00,0.00,109976.81,115366.48
1549752668,8c:0d:76:64:69:31,ff:ff:ff:ff:ff:ff,31,8,193.00,-3.00,0.00,102400.33,104161.75
1549752668,8c:0d:76:64:69:31,90:70:65:2d:f5:af,2,5,302.00,-3.00,0.00,3741.00,0.00
1549752671,8c:0d:76:64:69:31,ff:ff:ff:ff:ff:ff,30,8,193.00,-3.00,0.00,102398.14,104210.73
1549752674,8c:0d:76:64:69:31,ff:ff:ff:ff:ff:ff,31,8,193.00,-3.00,0.00,102394.63,104154.40
1549752677,8c:0d:76:64:69:31,ff:ff:ff:ff:ff:ff,30,8,193.00,-3.00,0.00,102391.41,104204.23
1549752677,8c:0d:76:64:69:31,c0:a6:00:e7:3a:ea,2,5,302.00,-3.00,0.00,3235.00,0.00
1549752677,8c:0d:76:64:69:31,90:70:65:2d:f5:af,7,5,302.00,-3.00,0.00,7766.33,12793.04
1549752680,8c:0d:76:64:69:31,ff:ff:ff:ff:ff:ff,26,8,193.00,-3.00,0.00,102392.52,104504.77
1549752683,8c:0d:76:64:69:31,ff:ff:ff:ff:ff:ff,25,8,193.00,-3.00,0.00,102400.75,104607.89
1549752686,8c:0d:76:64:69:31,ff:ff:ff:ff:ff:ff,31,8,193.00,-3.00,0.00,102402.50,104153.20
1549752686,8c:0d:76:64:69:31,90:70:65:2d:f5:af,7,5,302.00,-3.00,0.00,13655.83,28777.69
1549752689,8c:0d:76:64:69:31,ff:ff:ff:ff:ff:ff,30,8,193.00,-3.07,0.37,102396.59,104498.89
1549752692,8c:0d:76:64:69:31,ff:ff:ff:ff:ff:ff,30,8,193.00,-3.00,0.00,102397.07,104210.66
1549752692,8c:0d:76:64:69:31,80:d2:1d:36:7a:87,6,5,302.00,-3.00,0.00,27271.20,40306.56
1549752695,8c:0d:76:64:69:31,ff:ff:ff:ff:ff:ff,30,8,193.00,-3.00,0.00,105949.21,109489.76
1549752698,8c:0d:76:64:69:31,ff:ff:ff:ff:ff:ff,25,8,193.00,-3.00,0.00,102409.67,104612.60
1549752698,8c:0d:76:64:69:31,90:70:65:2d:f5:af,8,5,302.00,-3.00,0.00,8327.57,13031.62
1549752701,8c:0d:76:64:69:31,ff:ff:ff:ff:ff:ff,26,8,193.00,-3.00,0.00,102540.72,104656.88
1549752704,8c:0d:76:64:69:31,ff:ff:ff:ff:ff:ff,30,8,193.00,-3.00,0.00,102403.45,104216.54
1549752707,8c:0d:76:64:69:31,ff:ff:ff:ff:ff:ff,31,8,193.00,-3.00,0.00,102404.93,104155.66
1549752707,8c:0d:76:64:69:31,90:70:65:2d:f5:af,7,5,302.00,-3.00,0.00,8416.33,14046.34
1549752710,8c:0d:76:64:69:31,ff:ff:ff:ff:ff:ff,30,8,193.00,-3.00,0.00,102341.38,104157.50
1549752713,8c:0d:76:64:69:31,ff:ff:ff:ff:ff:ff,26,8,193.00,-3.00,0.00,102404.28,104518.24
1549752716,8c:0d:76:64:69:31,ff:ff:ff:ff:ff:ff,27,8,193.00,-3.00,0.00,102402.31,104430.72
1549752716,8c:0d:76:64:69:31,90:70:65:2d:f5:af,5,5,302.00,-3.00,0.00,21856.00,43488.54
1549752719,8c:0d:76:64:69:31,ff:ff:ff:ff:ff:ff,26,8,193.00,-3.00,0.00,102400.16,104511.83
1549752722,8c:0d:76:64:69:31,ff:ff:ff:ff:ff:ff,30,8,193.00,-3.00,0.00,102397.93,104212.30
1549752725,8c:0d:76:64:69:31,ff:ff:ff:ff:ff:ff,30,8,193.00,-3.00,0.00,102395.45,104211.46
1549752728,8c:0d:76:64:69:31,ff:ff:ff:ff:ff:ff,31,8,193.00,-3.00,0.00,102398.83,104151.73
1549752728,8c:0d:76:64:69:31,90:70:65:2d:f5:af,9,5,302.00,-3.00,0.00,7718.50,11500.98
1549752731,8c:0d:76:64:69:31,ff:ff:ff:ff:ff:ff,29,8,193.00,-3.00,0.00,106060.79,109723.53
1549752734,8c:0d:76:64:69:31,ff:ff:ff:ff:ff:ff,31,8,193.00,-3.00,0.00,102393.57,104144.10
1549752737,8c:0d:76:64:69:31,ff:ff:ff:ff:ff:ff,30,8,193.00,-3.00,0.00,102404.86,104219.50
1549752737,8c:0d:76:64:69:31,90:70:65:2d:f5:af,8,5,302.00,-3.00,0.00,8468.71,13673.56
1549752740,8c:0d:76:64:69:31,ff:ff:ff:ff:ff:ff,31,8,193.00,-3.00,0.00,102400.07,104153.63
1549752743,8c:0d:76:64:69:31,ff:ff:ff:ff:ff:ff,20,8,193.00,-3.00,0.00,102491.16,105301.17
1549752746,8c:0d:76:64:69:31,ff:ff:ff:ff:ff:ff,31,8,193.00,-3.00,0.00,102409.47,104161.46
1549752746,8c:0d:76:64:69:31,90:70:65:2d:f5:af,7,5,302.00,-3.00,0.00,7024.67,11587.21
1549752749,8c:0d:76:64:69:31,90:70:65:2d:f5:af,3,5,302.00,-3.00,0.00,4037.00,5816.66
1549752749,8c:0d:76:64:69:31,ff:ff:ff:ff:ff:ff,30,8,193.00,-3.00,0.00,102420.86,104233.89
1549752752,8c:0d:76:64:69:31,ff:ff:ff:ff:ff:ff,30,8,193.00,-3.00,0.00,105929.07,109471.89
1549752755,8c:0d:76:64:69:31,ff:ff:ff:ff:ff:ff,30,8,193.00,-3.00,0.00,102401.59,104214.33
1549752758,8c:0d:76:64:69:31,ff:ff:ff:ff:ff:ff,30,8,193.00,-3.00,0.00,102376.90,104193.28
1549752758,8c:0d:76:64:69:31,90:70:65:2d:f5:af,5,5,302.00,-3.00,0.00,3873.25,4626.57
1549752761,8c:0d:76:64:69:31,ff:ff:ff:ff:ff:ff,30,8,193.00,-3.00,0.00,105932.10,109443.01
1549752764,8c:0d:76:64:69:31,ff:ff:ff:ff:ff:ff,30,8,193.00,-3.00,0.00,102401.66,104214.52
1549752767,8c:0d:76:64:69:31,ff:ff:ff:ff:ff:ff,31,8,193.00,-3.00,0.00,102403.30,104158.82
1549752767,8c:0d:76:64:69:31,90:70:65:2d:f5:af,7,5,302.00,-3.00,0.00,9261.83,16661.04
1549752770,8c:0d:76:64:69:31,ff:ff:ff:ff:ff:ff,20,8,193.00,-3.00,0.00,102407.37,105214.84
1549752773,8c:0d:76:64:69:31,ff:ff:ff:ff:ff:ff,31,8,193.00,-3.00,0.00,102406.77,104159.34
1549752776,8c:0d:76:64:69:31,ff:ff:ff:ff:ff:ff,30,8,193.00,-3.00,0.00,102375.79,104189.93
1549752776,8c:0d:76:64:69:31,90:70:65:2d:f5:af,14,5,302.00,-3.00,0.00,5086.15,6702.93
1549752779,8c:0d:76:64:69:31,ff:ff:ff:ff:ff:ff,31,8,193.00,-3.00,0.00,102398.97,104149.65
1549752782,8c:0d:76:64:69:31,ff:ff:ff:ff:ff:ff,30,8,193.00,-3.00,0.00,102372.93,104191.57
1549752785,8c:0d:76:64:69:31,ff:ff:ff:ff:ff:ff,31,8,193.00,-3.00,0.00,102430.30,104182.13
1549752788,8c:0d:76:64:69:31,ff:ff:ff:ff:ff:ff,30,8,193.00,-3.00,0.00,102399.55,104212.71
1549752788,8c:0d:76:64:69:31,90:70:65:2d:f5:af,9,5,302.00,-3.00,0.00,7638.88,11873.36
1549752791,8c:0d:76:64:69:31,ff:ff:ff:ff:ff:ff,30,8,193.00,-3.00,0.00,102402.62,104216.68
1549752791,8c:0d:76:64:69:31,c0:a6:00:e7:3a:ea,1,5,302.00,-3.00,0.00,0.00,0.00
1549752794,8c:0d:76:64:69:31,ff:ff:ff:ff:ff:ff,31,8,193.00,-3.00,0.00,102473.30,104225.97
1549752797,8c:0d:76:64:69:31,ff:ff:ff:ff:ff:ff,30,8,193.00,-3.00,0.00,102390.38,104204.21
1549752797,8c:0d:76:64:69:31,90:70:65:2d:f5:af,7,5,302.00,-3.00,0.00,14291.00,29918.11
1549752800,8c:0d:76:64:69:31,ff:ff:ff:ff:ff:ff,21,8,193.00,-3.00,0.00,102526.50,105192.04
1549752803,8c:0d:76:64:69:31,ff:ff:ff:ff:ff:ff,30,8,193.00,-3.00,0.00,102390.41,104203.19
1549752806,8c:0d:76:64:69:31,ff:ff:ff:ff:ff:ff,30,8,193.00,-3.00,0.00,105934.10,109475.97
1549752806,8c:0d:76:64:69:31,90:70:65:2d:f5:af,2,5,302.00,-3.00,0.00,3842.00,0.00
1549752809,8c:0d:76:64:69:31,ff:ff:ff:ff:ff:ff,30,8,193.00,-3.00,0.00,102367.93,104181.29
1549752812,8c:0d:76:64:69:31,ff:ff:ff:ff:ff:ff,31,8,193.00,-3.00,0.00,102370.23,104126.14
1549752812,8c:0d:76:64:69:31,c0:a6:00:e7:3a:ea,1,5,302.00,-3.00,0.00,0.00,0.00
1549752815,8c:0d:76:64:69:31,ff:ff:ff:ff:ff:ff,29,8,193.00,-3.00,0.00,102492.39,104375.86
1549752818,8c:0d:76:64:69:31,ff:ff:ff:ff:ff:ff,26,8,193.00,-3.00,0.00,102399.84,104512.67
1549752818,8c:0d:76:64:69:31,90:70:65:2d:f5:af,7,5,302.00,-3.00,0.00,7727.67,13813.26
1549752821,8c:0d:76:64:69:31,ff:ff:ff:ff:ff:ff,26,8,193.00,-3.00,0.00,106511.20,110621.82
1549752824,8c:0d:76:64:69:31,ff:ff:ff:ff:ff:ff,31,8,193.00,-3.00,0.00,102397.67,104149.46
1549752827,8c:0d:76:64:69:31,ff:ff:ff:ff:ff:ff,25,8,193.00,-3.00,0.00,102404.33,104608.10
1549752827,8c:0d:76:64:69:31,90:70:65:2d:f5:af,2,5,302.00,-3.00,0.00,3503.00,0.00
1549752830,8c:0d:76:64:69:31,ff:ff:ff:ff:ff:ff,30,8,193.00,-3.00,0.00,102396.45,104210.68
1549752833,8c:0d:76:64:69:31,ff:ff:ff:ff:ff:ff,30,8,193.00,-3.00,0.00,105935.21,109661.95
1549752836,8c:0d:76:64:69:31,ff:ff:ff:ff:ff:ff,24,8,193.00,-3.00,0.00,106846.65,111319.09
1549752836,8c:0d:76:64:69:31,80:d2:1d:36:7a:87,3,5,302.00,-3.00,0.00,31477.50,47079.53
1549752836,8c:0d:76:64:69:31,90:70:65:2d:f5:af,1,5,302.00,-3.00,0.00,0.00,0.00
1549752839,8c:0d:76:64:69:31,ff:ff:ff:ff:ff:ff,26,8,193.00,-3.00,0.00,102399.76,104512.13
1549752839,8c:0d:76:64:69:31,80:d2:1d:36:7a:87,4,5,302.00,-3.00,0.00,42210.33,51749.17
1549752842,8c:0d:76:64:69:31,ff:ff:ff:ff:ff:ff,30,8,193.00,-3.00,0.00,102392.28,104205.11
1549752845,8c:0d:76:64:69:31,ff:ff:ff:ff:ff:ff,30,8,193.00,-3.00,0.00,105948.41,109485.62
1549752848,8c:0d:76:64:69:31,ff:ff:ff:ff:ff:ff,30,8,193.00,-3.00,0.00,102391.17,104207.50
1549752848,8c:0d:76:64:69:31,90:70:65:2d:f5:af,7,5,302.00,-3.00,0.00,7231.17,11896.50
1549752851,8c:0d:76:64:69:31,ff:ff:ff:ff:ff:ff,31,8,193.00,-3.00,0.00,102394.43,104145.72
1549752854,8c:0d:76:64:69:31,ff:ff:ff:ff:ff:ff,29,8,193.00,-3.00,0.00,106059.00,109720.52
1549752857,8c:0d:76:64:69:31,ff:ff:ff:ff:ff:ff,20,8,193.00,-3.00,0.00,102395.95,105203.15
1549752857,8c:0d:76:64:69:31,90:70:65:2d:f5:af,7,5,302.00,-3.00,0.00,8836.67,16624.30
1549752860,8c:0d:76:64:69:31,ff:ff:ff:ff:ff:ff,30,8,193.00,-3.00,0.00,102400.55,104213.23
1549752863,8c:0d:76:64:69:31,ff:ff:ff:ff:ff:ff,30,8,193.00,-3.00,0.00,102398.59,104214.62
1549752866,8c:0d:76:64:69:31,ff:ff:ff:ff:ff:ff,31,8,193.00,-3.00,0.00,102452.87,104205.94
1549752866,8c:0d:76:64:69:31,90:70:65:2d:f5:af,15,5,302.00,-3.00,0.00,4992.93,7084.27
1549752869,8c:0d:76:64:69:31,ff:ff:ff:ff:ff:ff,30,8,193.00,-3.00,0.00,102405.41,104220.55
1549752872,8c:0d:76:64:69:31,ff:ff:ff:ff:ff:ff,31,8,193.00,-3.00,0.00,102395.77,104147.40
1549752875,8c:0d:76:64:69:31,ff:ff:ff:ff:ff:ff,30,8,193.00,-3.00,0.00,102404.93,104217.91
1549752878,8c:0d:76:64:69:31,ff:ff:ff:ff:ff:ff,31,8,193.00,-3.00,0.00,102446.10,104201.86
1549752878,8c:0d:76:64:69:31,90:70:65:2d:f5:af,7,5,302.00,-3.00,0.00,7073.50,11719.29
1549752881,8c:0d:76:64:69:31,ff:ff:ff:ff:ff:ff,30,8,193.00,-3.00,0.00,102402.14,104225.94
1549752884,8c:0d:76:64:69:31,ff:ff:ff:ff:ff:ff,19,8,193.00,-3.00,0.00,108084.17,113807.09
1549752887,8c:0d:76:64:69:31,ff:ff:ff:ff:ff:ff,31,8,193.00,-3.00,0.00,102396.27,104148.67
1549752887,8c:0d:76:64:69:31,90:70:65:2d:f5:af,7,5,302.00,-3.00,0.00,7602.17,12913.78
1549752890,8c:0d:76:64:69:31,ff:ff:ff:ff:ff:ff,30,8,193.00,-3.00,0.00,102393.03,104207.58
1549752893,8c:0d:76:64:69:31,ff:ff:ff:ff:ff:ff,31,8,193.00,-3.00,0.00,102372.47,104124.24
1549752896,8c:0d:76:64:69:31,ff:ff:ff:ff:ff:ff,30,8,193.00,-3.00,0.00,102400.31,104222.36
1549752896,8c:0d:76:64:69:31,90:70:65:2d:f5:af,9,5,302.00,-3.00,0.00,6290.88,10656.98
1549752899,8c:0d:76:64:69:31,ff:ff:ff:ff:ff:ff,31,8,193.00,-3.00,0.00,102398.83,104153.52
1549752902,8c:0d:76:64:69:31,ff:ff:ff:ff:ff:ff,30,8,193.00,-3.00,0.00,102399.21,104211.83
1549752905,8c:0d:76:64:69:31,ff:ff:ff:ff:ff:ff,31,8,193.00,-3.00,0.00,102395.93,104152.72
1549752908,8c:0d:76:64:69:31,ff:ff:ff:ff:ff:ff,30,8,193.00,-3.00,0.00,102406.21,104225.08
1549752908,8c:0d:76:64:69:31,90:70:65:2d:f5:af,8,5,302.00,-3.00,0.00,6621.43,8230.41
1549752911,8c:0d:76:64:69:31,ff:ff:ff:ff:ff:ff,31,8,193.00,-3.03,0.18,102393.23,104146.01
1549752914,8c:0d:76:64:69:31,ff:ff:ff:ff:ff:ff,20,8,193.00,-3.00,0.00,102395.47,105204.91
1549752917,8c:0d:76:64:69:31,ff:ff:ff:ff:ff:ff,31,8,193.00,-3.00,0.00,102402.67,104161.42
1549752917,8c:0d:76:64:69:31,90:70:65:2d:f5:af,9,5,302.00,-3.00,0.00,5863.38,7399.89
1549752920,8c:0d:76:64:69:31,ff:ff:ff:ff:ff:ff,30,8,193.00,-3.00,0.00,102400.69,104213.50
1549752923,8c:0d:76:64:69:31,ff:ff:ff:ff:ff:ff,31,8,193.00,-3.00,0.00,102394.47,104146.79
1549752926,8c:0d:76:64:69:31,ff:ff:ff:ff:ff:ff,30,8,193.00,-3.00,0.00,102344.93,104157.31
1549752926,8c:0d:76:64:69:31,c0:a6:00:e7:3a:ea,1,5,302.00,-3.00,0.00,0.00,0.00
1549752926,8c:0d:76:64:69:31,90:70:65:2d:f5:af,9,5,302.00,-3.00,0.00,8279.50,14309.49
1549752929,8c:0d:76:64:69:31,ff:ff:ff:ff:ff:ff,30,8,193.00,-3.00,0.00,102401.55,104216.81
1549752932,8c:0d:76:64:69:31,ff:ff:ff:ff:ff:ff,31,8,193.00,-3.00,0.00,102401.80,104153.52
1549752935,8c:0d:76:64:69:31,ff:ff:ff:ff:ff:ff,30,8,193.00,-3.00,0.00,102399.79,104212.63
1549752938,8c:0d:76:64:69:31,ff:ff:ff:ff:ff:ff,26,8,193.00,-3.00,0.00,102395.88,104509.89
1549752938,8c:0d:76:64:69:31,90:70:65:2d:f5:af,10,5,302.00,-3.00,0.00,10637.89,18598.99
1549752941,8c:0d:76:64:69:31,ff:ff:ff:ff:ff:ff,29,8,193.00,-3.00,0.00,106059.89,109731.81
1549752944,8c:0d:76:64:69:31,ff:ff:ff:ff:ff:ff,26,8,193.00,-3.00,0.00,102397.28,104511.02
1549752947,8c:0d:76:64:69:31,ff:ff:ff:ff:ff:ff,30,8,193.00,-3.00,0.00,102399.17,104212.64
1549752947,8c:0d:76:64:69:31,90:70:65:2d:f5:af,10,5,302.00,-3.00,0.00,7421.11,10768.43
1549752950,8c:0d:76:64:69:31,ff:ff:ff:ff:ff:ff,31,8,193.00,-3.00,0.00,102398.40,104149.28
1549752953,8c:0d:76:64:69:31,ff:ff:ff:ff:ff:ff,30,8,193.00,-3.00,0.00,102401.76,104214.85
1549752953,8c:0d:76:64:69:31,d0:d2:b0:0c:4e:5f,2,5,302.00,-3.00,0.00,19458.00,0.00
1549752956,8c:0d:76:64:69:31,ff:ff:ff:ff:ff:ff,25,8,193.00,-3.00,0.00,102398.75,104601.47
1549752956,8c:0d:76:64:69:31,90:70:65:2d:f5:af,2,5,302.00,-3.00,0.00,3816.00,0.00
1549752959,8c:0d:76:64:69:31,ff:ff:ff:ff:ff:ff,28,8,193.00,-3.00,0.00,102398.85,104349.58
1549752962,8c:0d:76:64:69:31,ff:ff:ff:ff:ff:ff,30,8,193.00,-3.00,0.00,102400.55,104213.56
1549752965,8c:0d:76:64:69:31,ff:ff:ff:ff:ff:ff,31,8,193.00,-3.00,0.00,102400.23,104153.69
1549752968,8c:0d:76:64:69:31,ff:ff:ff:ff:ff:ff,29,8,193.00,-3.00,0.00,102403.32,104297.64
1549752968,8c:0d:76:64:69:31,90:70:65:2d:f5:af,5,5,302.00,-3.00,0.00,11580.25,20459.73
1549752971,8c:0d:76:64:69:31,ff:ff:ff:ff:ff:ff,31,8,193.00,-3.00,0.00,102451.53,104207.05
1549752974,8c:0d:76:64:69:31,ff:ff:ff:ff:ff:ff,23,8,193.00,-3.00,0.00,102394.68,104840.48
1549752977,8c:0d:76:64:69:31,ff:ff:ff:ff:ff:ff,28,8,193.00,-3.00,0.00,102398.93,104364.19
1549752977,8c:0d:76:64:69:31,90:70:65:2d:f5:af,9,5,302.00,-3.00,0.00,5456.62,7316.58
1549752980,8c:0d:76:64:69:31,ff:ff:ff:ff:ff:ff,29,8,193.00,-3.00,0.00,102410.96,104290.30
1549752983,8c:0d:76:64:69:31,ff:ff:ff:ff:ff:ff,31,8,193.00,-3.00,0.00,102362.20,104116.70
1549752986,8c:0d:76:64:69:31,ff:ff:ff:ff:ff:ff,30,8,193.00,-3.00,0.00,102401.03,104215.76
1549752986,8c:0d:76:64:69:31,90:70:65:2d:f5:af,9,5,302.00,-3.00,0.00,5759.88,7372.03
1549752989,8c:0d:76:64:69:31,ff:ff:ff:ff:ff:ff,33,8,193.00,-3.00,0.00,102399.12,104039.12
1549752992,8c:0d:76:64:69:31,ff:ff:ff:ff:ff:ff,30,8,193.00,-3.00,0.00,102392.03,104207.77
1549752992,8c:0d:76:64:69:31,80:d2:1d:36:7a:87,9,5,302.00,-3.00,0.00,46622.75,63525.89
1549752995,8c:0d:76:64:69:31,ff:ff:ff:ff:ff:ff,27,8,193.00,-3.00,0.00,102400.73,104429.31
1549752998,8c:0d:76:64:69:31,ff:ff:ff:ff:ff:ff,28,8,193.00,-3.00,0.00,102406.52,104362.28
1549752998,8c:0d:76:64:69:31,90:70:65:2d:f5:af,7,5,302.00,-3.00,0.00,8890.67,16381.75
1549752998,8c:0d:76:64:69:31,80:d2:1d:36:7a:87,16,5,302.00,-3.06,0.25,23458.80,38704.10
1549753001,8c:0d:76:64:69:31,ff:ff:ff:ff:ff:ff,26,8,193.00,-3.00,0.00,102407.08,104522.12
1549753004,8c:0d:76:64:69:31,ff:ff:ff:ff:ff:ff,30,8,193.00,-3.00,0.00,102403.83,104641.69
1549753004,8c:0d:76:64:69:31,c0:a6:00:e7:3a:ea,8,5,302.00,-3.00,0.00,3852.71,4367.76
1549753007,8c:0d:76:64:69:31,ff:ff:ff:ff:ff:ff,31,8,193.00,-3.00,0.00,102398.63,104149.55
1549753007,8c:0d:76:64:69:31,90:70:65:2d:f5:af,7,5,302.00,-3.00,0.00,7314.17,11918.93
1549753010,8c:0d:76:64:69:31,ff:ff:ff:ff:ff:ff,30,8,193.00,-3.00,0.00,102403.31,104216.07
1549753013,8c:0d:76:64:69:31,ff:ff:ff:ff:ff:ff,31,8,193.00,-3.00,0.00,102393.40,104144.32
1549753016,8c:0d:76:64:69:31,ff:ff:ff:ff:ff:ff,30,8,193.00,-3.00,0.00,102399.55,104212.44
1549753016,8c:0d:76:64:69:31,90:70:65:2d:f5:af,4,5,302.00,-3.00,0.00,11254.67,18952.22
1549753019,8c:0d:76:64:69:31,ff:ff:ff:ff:ff:ff,25,8,193.00,-3.00,0.00,102408.25,104613.14
1549753022,8c:0d:76:64:69:31,ff:ff:ff:ff:ff:ff,31,8,193.00,-3.00,0.00,102401.37,104152.68
1549753025,8c:0d:76:64:69:31,ff:ff:ff:ff:ff:ff,30,8,193.00,-3.00,0.00,102397.97,104210.83
1549753028,8c:0d:76:64:69:31,ff:ff:ff:ff:ff:ff,30,8,193.00,-3.00,0.00,105927.03,109462.29
1549753028,8c:0d:76:64:69:31,90:70:65:2d:f5:af,2,5,302.00,-3.00,0.00,3740.00,0.00
1549753031,8c:0d:76:64:69:31,ff:ff:ff:ff:ff:ff,25,8,193.00,-3.00,0.00,102395.25,104599.38
1549753034,8c:0d:76:64:69:31,ff:ff:ff:ff:ff:ff,31,8,193.00,-3.00,0.00,102399.13,104152.34
1549753037,8c:0d:76:64:69:31,ff:ff:ff:ff:ff:ff,27,8,193.00,-3.00,0.00,102403.04,104438.29
1549753037,8c:0d:76:64:69:31,90:70:65:2d:f5:af,8,5,302.00,-3.00,0.00,11081.86,17987.30
1549753040,8c:0d:76:64:69:31,ff:ff:ff:ff:ff:ff,26,8,193.00,-3.00,0.00,102404.84,104516.57
1549753043,8c:0d:76:64:69:31,ff:ff:ff:ff:ff:ff,30,8,193.00,-3.00,0.00,102391.28,104206.31
1549753046,8c:0d:76:64:69:31,ff:ff:ff:ff:ff:ff,31,8,193.00,-3.00,0.00,102402.07,104154.42
1549753046,8c:0d:76:64:69:31,90:70:65:2d:f5:af,7,5,302.00,-3.00,0.00,11758.83,23427.61
1549753049,8c:0d:76:64:69:31,ff:ff:ff:ff:ff:ff,30,8,193.00,-3.00,0.00,102396.69,104211.88
1549753052,8c:0d:76:64:69:31,ff:ff:ff:ff:ff:ff,30,8,193.00,-3.00,0.00,102406.14,104218.99
1549753055,8c:0d:76:64:69:31,ff:ff:ff:ff:ff:ff,31,8,193.00,-3.00,0.00,102403.90,104156.61
1549753058,8c:0d:76:64:69:31,ff:ff:ff:ff:ff:ff,20,8,193.00,-3.00,0.00,102401.84,105213.15
1549753058,8c:0d:76:64:69:31,90:70:65:2d:f5:af,7,5,302.00,-3.00,0.00,9576.50,18356.71
1549753061,8c:0d:76:64:69:31,ff:ff:ff:ff:ff:ff,27,8,193.00,-3.00,0.00,106342.81,110300.12
1549753064,8c:0d:76:64:69:31,ff:ff:ff:ff:ff:ff,30,8,193.00,-3.00,0.00,102400.21,104213.68
1549753067,8c:0d:76:64:69:31,ff:ff:ff:ff:ff:ff,31,8,193.00,-3.00,0.00,102401.23,104155.73
1549753067,8c:0d:76:64:69:31,90:70:65:2d:f5:af,14,5,302.00,-3.00,0.00,4504.77,5129.40
1549753070,8c:0d:76:64:69:31,ff:ff:ff:ff:ff:ff,28,8,193.00,-3.00,0.00,109964.26,115344.24
1549753073,8c:0d:76:64:69:31,ff:ff:ff:ff:ff:ff,31,8,193.00,-3.00,0.00,102403.13,104155.93
1549753076,8c:0d:76:64:69:31,ff:ff:ff:ff:ff:ff,30,8,193.00,-3.00,0.00,102403.52,104216.44
1549753076,8c:0d:76:64:69:31,90:70:65:2d:f5:af,2,5,302.00,-3.00,0.00,3885.00,0.00
1549753079,8c:0d:76:64:69:31,ff:ff:ff:ff:ff:ff,31,8,193.00,-3.00,0.00,102401.40,104153.66
1549753082,8c:0d:76:64:69:31,ff:ff:ff:ff:ff:ff,30,8,193.00,-3.03,0.18,102400.28,104216.15
1549753085,8c:0d:76:64:69:31,ff:ff:ff:ff:ff:ff,30,8,193.00,-3.00,0.00,102398.45,104211.32
1549753088,8c:0d:76:64:69:31,ff:ff:ff:ff:ff:ff,21,8,193.00,-3.00,0.00,102399.45,105060.90
1549753088,8c:0d:76:64:69:31,90:70:65:2d:f5:af,8,5,302.00,-3.12,0.35,7148.57,12689.34
1549753088,8c:0d:76:64:69:31,d0:d2:b0:0c:4e:5f,7,5,302.00,-3.00,0.00,5877.17,8661.50
1549753091,8c:0d:76:64:69:31,ff:ff:ff:ff:ff:ff,30,8,193.00,-3.00,0.00,102397.41,104212.66
1549753094,8c:0d:76:64:69:31,ff:ff:ff:ff:ff:ff,31,8,193.00,-3.00,0.00,102459.20,104212.59
1549753097,8c:0d:76:64:69:31,ff:ff:ff:ff:ff:ff,30,8,193.00,-3.03,0.18,102398.90,104214.89
1549753097,8c:0d:76:64:69:31,90:70:65:2d:f5:af,7,5,302.00,-3.29,0.49,8749.67,15873.72
1549753100,8c:0d:76:64:69:31,ff:ff:ff:ff:ff:ff,31,8,193.00,-3.00,0.00,102397.70,104149.33
1549753103,8c:0d:76:64:69:31,ff:ff:ff:ff:ff:ff,30,8,193.00,-3.03,0.18,102404.69,104217.71
1549753106,8c:0d:76:64:69:31,ff:ff:ff:ff:ff:ff,31,8,193.00,-3.03,0.18,102404.37,104158.87
1549753106,8c:0d:76:64:69:31,90:70:65:2d:f5:af,9,5,302.00,-3.00,0.00,7021.12,11136.06
1549753109,8c:0d:76:64:69:31,ff:ff:ff:ff:ff:ff,29,8,193.00,-3.00,0.00,106063.14,109728.78
1549753112,8c:0d:76:64:69:31,ff:ff:ff:ff:ff:ff,31,8,193.00,-3.03,0.18,102407.10,104162.06
1549753115,8c:0d:76:64:69:31,ff:ff:ff:ff:ff:ff,19,8,193.00,-3.00,0.00,108091.33,113809.83
1549753118,8c:0d:76:64:69:31,ff:ff:ff:ff:ff:ff,30,8,193.00,-3.07,0.25,102390.45,104202.93
1549753118,8c:0d:76:64:69:31,90:70:65:2d:f5:af,7,5,302.00,-3.00,0.00,7649.83,12676.86
1549753121,8c:0d:76:64:69:31,ff:ff:ff:ff:ff:ff,31,8,193.00,-3.00,0.00,102406.87,104162.13
1549753124,8c:0d:76:64:69:31,ff:ff:ff:ff:ff:ff,30,8,193.00,-3.00,0.00,102397.21,104218.38
1549753127,8c:0d:76:64:69:31,ff:ff:ff:ff:ff:ff,31,8,193.00,-3.06,0.25,102397.03,104147.74
1549753127,8c:0d:76:64:69:31,90:70:65:2d:f5:af,7,5,302.00,-3.00,0.00,8361.00,15749.86
1549753130,8c:0d:76:64:69:31,ff:ff:ff:ff:ff:ff,30,8,193.00,-3.00,0.00,102397.76,104211.68
1549753130,8c:0d:76:64:69:31,d0:d2:b0:0c:4e:5f,1,5,302.00,-3.00,0.00,0.00,0.00
1549753133,8c:0d:76:64:69:31,ff:ff:ff:ff:ff:ff,30,8,193.00,-3.00,0.00,105926.34,109424.86
1549753136,8c:0d:76:64:69:31,ff:ff:ff:ff:ff:ff,30,8,193.00,-3.03,0.18,102394.31,104208.83
1549753136,8c:0d:76:64:69:31,90:70:65:2d:f5:af,12,5,302.00,-3.17,0.39,8187.45,13550.72
1549753136,8c:0d:76:64:69:31,c0:a6:00:e7:3a:ea,5,5,302.00,-3.00,0.00,6620.00,10501.64
1549753139,8c:0d:76:64:69:31,ff:ff:ff:ff:ff:ff,26,8,193.00,-3.00,0.00,102404.16,104517.44
1549753142,8c:0d:76:64:69:31,ff:ff:ff:ff:ff:ff,28,8,193.00,-3.00,0.00,102398.67,104350.66
1549753145,8c:0d:76:64:69:31,ff:ff:ff:ff:ff:ff,24,8,193.00,-3.00,0.00,106853.04,111325.36
1549753148,8c:0d:76:64:69:31,ff:ff:ff:ff:ff:ff,31,8,193.00,-3.03,0.18,102395.47,104147.36
1549753148,8c:0d:76:64:69:31,90:70:65:2d:f5:af,7,5,302.00,-3.00,0.00,7060.50,11052.89
1549753151,8c:0d:76:64:69:31,ff:ff:ff:ff:ff:ff,30,8,193.00,-3.00,0.00,102347.59,104164.28
1549753154,8c:0d:76:64:69:31,ff:ff:ff:ff:ff:ff,32,8,193.00,-3.00,0.00,102408.42,104102.23
1549753157,8c:0d:76:64:69:31,ff:ff:ff:ff:ff:ff,24,8,193.00,-3.00,0.00,102400.57,104702.55
1549753157,8c:0d:76:64:69:31,90:70:65:2d:f5:af,9,5,302.00,-3.00,0.00,7097.50,10769.44
1549753160,8c:0d:76:64:69:31,ff:ff:ff:ff:ff:ff,26,8,193.00,-3.00,0.00,106448.28,110553.97
1549753163,8c:0d:76:64:69:31,ff:ff:ff:ff:ff:ff,30,8,193.00,-3.00,0.00,102396.21,104208.84
1549753166,8c:0d:76:64:69:31,ff:ff:ff:ff:ff:ff,31,8,193.00,-3.00,0.00,102393.97,104150.04
1549753166,8c:0d:76:64:69:31,90:70:65:2d:f5:af,7,5,302.00,-3.00,0.00,16263.17,34900.54
1549753169,8c:0d:76:64:69:31,ff:ff:ff:ff:ff:ff,30,8,193.00,-3.00,0.00,102401.14,104213.97
1549753172,8c:0d:76:64:69:31,ff:ff:ff:ff:ff:ff,30,8,193.00,-3.00,0.00,102398.69,104214.56
1549753175,8c:0d:76:64:69:31,ff:ff:ff:ff:ff:ff,20,8,193.00,-3.00,0.00,102400.79,105208.83
1549753178,8c:0d:76:64:69:31,ff:ff:ff:ff:ff:ff,30,8,193.00,-3.00,0.00,102408.69,104221.71
1549753178,8c:0d:76:64:69:31,90:70:65:2d:f5:af,7,5,302.00,-3.00,0.00,14812.33,31535.62
1549753181,8c:0d:76:64:69:31,ff:ff:ff:ff:ff:ff,23,8,193.00,-3.00,0.00,102372.59,104781.85
1549753184,8c:0d:76:64:69:31,ff:ff:ff:ff:ff:ff,39,8,193.00,-3.00,0.00,102401.84,103780.42
1549753187,8c:0d:76:64:69:31,ff:ff:ff:ff:ff:ff,30,8,193.00,-3.00,0.00,102392.38,104209.06
1549753187,8c:0d:76:64:69:31,90:70:65:2d:f5:af,7,5,302.00,-3.00,0.00,9454.17,17051.61
1549753190,8c:0d:76:64:69:31,ff:ff:ff:ff:ff:ff,31,8,193.00,-3.00,0.00,105816.00,109242.31
1549753190,8c:0d:76:64:69:31,c0:a6:00:e7:3a:ea,4,5,302.00,-3.00,0.00,9644.67,14969.23
1549753193,8c:0d:76:64:69:31,ff:ff:ff:ff:ff:ff,28,8,193.00,-3.00,0.00,106183.63,109989.76
1549753196,8c:0d:76:64:69:31,ff:ff:ff:ff:ff:ff,25,8,193.00,-3.00,0.00,106659.96,110850.66
1549753196,8c:0d:76:64:69:31,90:70:65:2d:f5:af,4,5,302.00,-3.00,0.00,10243.33,17221.46
1549753199,8c:0d:76:64:69:31,ff:ff:ff:ff:ff:ff,28,8,193.00,-3.00,0.00,102402.19,104354.86
1549753202,8c:0d:76:64:69:31,ff:ff:ff:ff:ff:ff,26,8,193.00,-3.00,0.00,102392.56,104506.29
1549753205,8c:0d:76:64:69:31,ff:ff:ff:ff:ff:ff,30,8,193.00,-3.00,0.00,102397.52,104212.84
1549753208,8c:0d:76:64:69:31,ff:ff:ff:ff:ff:ff,31,8,193.00,-3.00,0.00,102399.50,104153.06
1549753208,8c:0d:76:64:69:31,90:70:65:2d:f5:af,8,5,302.00,-3.00,0.00,10190.14,15924.69
1549753211,8c:0d:76:64:69:31,ff:ff:ff:ff:ff:ff,30,8,193.00,-3.03,0.18,102409.83,104225.13
1549753214,8c:0d:76:64:69:31,ff:ff:ff:ff:ff:ff,26,8,193.00,-3.00,0.00,102406.72,104518.74
1549753217,8c:0d:76:64:69:31,ff:ff:ff:ff:ff:ff,30,8,193.00,-3.00,0.00,102403.10,104216.82
1549753217,8c:0d:76:64:69:31,90:70:65:2d:f5:af,8,5,302.00,-3.00,0.00,5538.57,7357.99
1549753220,8c:0d:76:64:69:31,ff:ff:ff:ff:ff:ff,31,8,193.00,-3.00,0.00,102401.03,104155.41
1549753223,8c:0d:76:64:69:31,ff:ff:ff:ff:ff:ff,30,8,193.00,-3.00,0.00,102393.48,104207.38
1549753226,8c:0d:76:64:69:31,ff:ff:ff:ff:ff:ff,31,8,193.00,-3.00,0.00,102398.87,104153.59
1549753226,8c:0d:76:64:69:31,90:70:65:2d:f5:af,8,5,302.00,-3.00,0.00,12512.71,26540.53
1549753229,8c:0d:76:64:69:31,ff:ff:ff:ff:ff:ff,30,8,193.00,-3.00,0.00,101999.28,103832.52
1549753232,8c:0d:76:64:69:31,ff:ff:ff:ff:ff:ff,25,8,193.00,-3.00,0.00,102398.42,104601.29
1549753235,8c:0d:76:64:69:31,ff:ff:ff:ff:ff:ff,27,8,193.00,-3.00,0.00,106330.23,110280.81
1549753238,8c:0d:76:64:69:31,ff:ff:ff:ff:ff:ff,25,8,193.00,-3.04,0.20,102397.75,104604.47
1549753238,8c:0d:76:64:69:31,90:70:65:2d:f5:af,8,5,302.00,-3.00,0.00,6149.43,8070.76
1549753241,8c:0d:76:64:69:31,ff:ff:ff:ff:ff:ff,30,8,193.00,-3.00,0.00,105927.41,109470.43
1549753244,8c:0d:76:64:69:31,ff:ff:ff:ff:ff:ff,30,8,193.00,-3.00,0.00,102408.69,104223.33
1549753247,8c:0d:76:64:69:31,ff:ff:ff:ff:ff:ff,31,8,193.00,-3.00,0.00,102396.97,104148.03
1549753247,8c:0d:76:64:69:31,90:70:65:2d:f5:af,7,5,302.00,-3.14,0.38,4055.83,4722.47
1549753250,8c:0d:76:64:69:31,ff:ff:ff:ff:ff:ff,30,8,193.00,-3.00,0.00,102401.38,104215.70
1549753253,8c:0d:76:64:69:31,ff:ff:ff:ff:ff:ff,31,8,193.00,-3.00,0.00,102395.93,104147.77
1549753256,8c:0d:76:64:69:31,ff:ff:ff:ff:ff:ff,29,8,193.00,-3.00,0.00,106055.39,109730.44
1549753256,8c:0d:76:64:69:31,90:70:65:2d:f5:af,8,5,302.00,-3.00,0.00,8400.14,12536.89
1549753259,8c:0d:76:64:69:31,ff:ff:ff:ff:ff:ff,21,8,193.00,-3.00,0.00,102416.75,105102.73
1549753262,8c:0d:76:64:69:31,ff:ff:ff:ff:ff:ff,30,8,193.00,-3.00,0.00,102397.76,104210.70
1549753265,8c:0d:76:64:69:31,ff:ff:ff:ff:ff:ff,31,8,193.00,-3.00,0.00,102393.27,104149.14
1549753268,8c:0d:76:64:69:31,ff:ff:ff:ff:ff:ff,30,8,193.00,-3.00,0.00,102402.41,104215.77
1549753268,8c:0d:76:64:69:31,90:70:65:2d:f5:af,4,5,302.00,-3.00,0.00,6692.00,9201.95
1549753271,8c:0d:76:64:69:31,ff:ff:ff:ff:ff:ff,30,8,193.00,-3.00,0.00,102400.00,104215.17
1549753274,8c:0d:76:64:69:31,ff:ff:ff:ff:ff:ff,31,8,193.00,-3.00,0.00,102399.70,104153.04
1549753277,8c:0d:76:64:69:31,ff:ff:ff:ff:ff:ff,30,8,193.00,-3.00,0.00,102396.76,104211.70
1549753277,8c:0d:76:64:69:31,90:70:65:2d:f5:af,7,5,302.00,-3.00,0.00,7348.50,11883.80
1549753280,8c:0d:76:64:69:31,ff:ff:ff:ff:ff:ff,31,8,193.00,-3.00,0.00,102404.40,104159.01
1549753283,8c:0d:76:64:69:31,ff:ff:ff:ff:ff:ff,30,8,193.00,-3.00,0.00,102399.86,104223.14
1549753286,8c:0d:76:64:69:31,ff:ff:ff:ff:ff:ff,30,8,193.00,-3.03,0.18,105936.76,109478.90
1549753286,8c:0d:76:64:69:31,90:70:65:2d:f5:af,10,5,302.00,-3.00,0.00,8631.56,14100.37
1549753289,8c:0d:76:64:69:31,ff:ff:ff:ff:ff:ff,20,8,193.00,-3.00,0.00,102332.32,105139.60
1549753292,8c:0d:76:64:69:31,ff:ff:ff:ff:ff:ff,31,8,193.00,-3.00,0.00,102404.67,104156.08
1549753295,8c:0d:76:64:69:31,ff:ff:ff:ff:ff:ff,30,8,193.00,-3.00,0.00,102392.10,104206.65
1549753298,8c:0d:76:64:69:31,ff:ff:ff:ff:ff:ff,31,8,193.00,-3.00,0.00,102392.50,104173.68
1549753298,8c:0d:76:64:69:31,90:70:65:2d:f5:af,2,5,302.00,-3.00,0.00,3984.00,0.00
1549753301,8c:0d:76:64:69:31,ff:ff:ff:ff:ff:ff,30,8,193.00,-3.00,0.00,102408.59,104224.24
1549753304,8c:0d:76:64:69:31,ff:ff:ff:ff:ff:ff,31,8,193.00,-3.00,0.00,102465.23,104219.96
1549753307,8c:0d:76:64:69:31,ff:ff:ff:ff:ff:ff,30,8,193.00,-3.00,0.00,102409.45,104223.34
1549753307,8c:0d:76:64:69:31,90:70:65:2d:f5:af,9,5,302.00,-3.00,0.00,7031.75,9572.27
1549753310,8c:0d:76:64:69:31,ff:ff:ff:ff:ff:ff,27,8,193.00,-3.00,0.00,102396.19,104424.75
1550879494,8c:0d:76:64:69:31,ff:ff:ff:ff:ff:ff,16,8,193.00,-3.00,0.00,102405.33,106002.96
1550879497,8c:0d:76:64:69:31,ff:ff:ff:ff:ff:ff,30,8,193.00,-3.00,0.00,102405.14,104224.32
1550879497,8c:0d:76:64:69:31,90:70:65:2d:f5:af,5,5,302.00,-3.00,0.00,4318.75,5195.33
1550879500,8c:0d:76:64:69:31,ff:ff:ff:ff:ff:ff,31,8,193.00,-2.90,0.30,102394.87,104145.74
1550879503,8c:0d:76:64:69:31,ff:ff:ff:ff:ff:ff,30,8,193.00,-3.00,0.00,102391.41,104203.88
1550879503,d0:2b:20:c6:94:dd,ff:ff:ff:ff:ff:ff,2,4,174.00,-7.50,0.71,9201.00,0.00
1550879503,8c:0d:76:64:69:31,d0:2b:20:c6:94:dd,4,5,302.00,-2.75,0.50,24557.33,39594.00
1550879506,8c:0d:76:64:69:31,ff:ff:ff:ff:ff:ff,31,8,193.00,-3.00,0.00,102352.57,104103.81
1550879509,8c:0d:76:64:69:31,ff:ff:ff:ff:ff:ff,30,8,193.00,-3.00,0.00,102402.34,104218.16
1550879509,8c:0d:76:64:69:31,d0:2b:20:c6:94:dd,9,5,302.00,-3.00,0.00,11269.25,16643.74
1550879509,8c:0d:76:64:69:31,90:70:65:2d:f5:af,4,5,302.00,-3.00,0.00,3679.67,4551.07
1550879512,8c:0d:76:64:69:31,ff:ff:ff:ff:ff:ff,31,8,193.00,-3.00,0.00,102395.27,104148.95
1550879515,8c:0d:76:64:69:31,ff:ff:ff:ff:ff:ff,30,8,193.00,-2.97,0.18,102407.52,104220.50
1550879518,8c:0d:76:64:69:31,ff:ff:ff:ff:ff:ff,31,8,193.00,-3.00,0.00,102394.10,104146.76
1550879518,8c:0d:76:64:69:31,90:70:65:2d:f5:af,6,5,302.00,-3.00,0.00,10335.40,19700.48
1550879521,8c:0d:76:64:69:31,ff:ff:ff:ff:ff:ff,20,8,193.00,-3.00,0.00,102417.37,105227.11
1550879524,8c:0d:76:64:69:31,ff:ff:ff:ff:ff:ff,30,8,193.00,-3.00,0.00,102395.83,104212.14
1550879527,8c:0d:76:64:69:31,ff:ff:ff:ff:ff:ff,30,8,193.00,-3.00,0.00,105927.10,109468.08
1550879527,8c:0d:76:64:69:31,90:70:65:2d:f5:af,10,5,302.00,-3.00,0.00,6861.67,12186.10
1550879530,8c:0d:76:64:69:31,ff:ff:ff:ff:ff:ff,29,8,193.00,-3.00,0.00,106059.79,109728.60
1550879533,8c:0d:76:64:69:31,ff:ff:ff:ff:ff:ff,31,8,193.00,-3.00,0.00,102405.93,104157.27
1550879536,8c:0d:76:64:69:31,ff:ff:ff:ff:ff:ff,30,8,193.00,-3.00,0.00,102399.52,104212.81
1550879539,8c:0d:76:64:69:31,ff:ff:ff:ff:ff:ff,31,8,193.00,-3.00,0.00,102401.27,104151.98
1550879539,8c:0d:76:64:69:31,90:70:65:2d:f5:af,2,5,302.00,-3.00,0.00,3800.00,0.00
1550879542,8c:0d:76:64:69:31,ff:ff:ff:ff:ff:ff,30,8,193.00,-3.00,0.00,102401.24,104214.70
1550879545,8c:0d:76:64:69:31,ff:ff:ff:ff:ff:ff,31,8,193.00,-3.00,0.00,102400.83,104155.63
1550879548,8c:0d:76:64:69:31,ff:ff:ff:ff:ff:ff,20,8,193.00,-3.00,0.00,102391.58,105202.06
1550879548,8c:0d:76:64:69:31,90:70:65:2d:f5:af,7,5,302.00,-3.00,0.00,10403.17,19927.19
1550879551,8c:0d:76:64:69:31,ff:ff:ff:ff:ff:ff,28,8,193.00,-3.00,0.00,109987.89,115569.07
1550879554,8c:0d:76:64:69:31,ff:ff:ff:ff:ff:ff,31,8,193.00,-3.00,0.00,102400.93,104151.63
1550879557,8c:0d:76:64:69:31,ff:ff:ff:ff:ff:ff,30,8,193.00,-3.00,0.00,102331.69,104144.15
1550879557,8c:0d:76:64:69:31,90:70:65:2d:f5:af,7,5,302.00,-3.00,0.00,7474.83,12746.31
1550879560,8c:0d:76:64:69:31,ff:ff:ff:ff:ff:ff,31,8,193.00,-3.00,0.00,102394.07,104147.00
1550879560,d0:2b:20:c6:94:dd,ff:ff:ff:ff:ff:ff,1,4,174.00,-7.00,0.00,0.00,0.00
1550879560,8c:0d:76:64:69:31,d0:2b:20:c6:94:dd,2,5,302.00,-3.00,0.00,4598.00,0.00
1550879563,8c:0d:76:64:69:31,ff:ff:ff:ff:ff:ff,30,8,193.00,-3.00,0.00,102404.07,104221.68
1550879563,8c:0d:76:64:69:31,c0:a6:00:e7:3a:ea,7,5,302.00,-3.00,0.00,8189.83,12148.15
1550879566,8c:0d:76:64:69:31,ff:ff:ff:ff:ff:ff,26,8,193.00,-3.00,0.00,102404.64,104516.87
1550879569,8c:0d:76:64:69:31,90:70:65:2d:f5:af,7,5,302.00,-3.00,0.00,7021.83,11653.70
1550879569,8c:0d:76:64:69:31,ff:ff:ff:ff:ff:ff,25,8,193.00,-3.00,0.00,102305.29,104507.61
1550879572,8c:0d:76:64:69:31,ff:ff:ff:ff:ff:ff,31,8,193.00,-3.00,0.00,102396.00,104146.66
1550879575,8c:0d:76:64:69:31,ff:ff:ff:ff:ff:ff,30,8,193.00,-3.00,0.00,102471.97,104289.55
1550879575,8c:0d:76:64:69:31,18:81:0e:5a:82:87,8,5,302.00,-3.00,0.00,3888.71,4559.54
1550879578,8c:0d:76:64:69:31,ff:ff:ff:ff:ff:ff,25,8,193.00,-3.00,0.00,102391.04,104593.98
1550879578,8c:0d:76:64:69:31,90:70:65:2d:f5:af,4,5,302.00,-3.00,0.00,13704.67,23998.85
1550879581,8c:0d:76:64:69:31,ff:ff:ff:ff:ff:ff,30,8,193.00,-3.00,0.00,102398.76,104211.47
1550879584,8c:0d:76:64:69:31,ff:ff:ff:ff:ff:ff,29,8,193.00,-3.00,0.00,102392.75,104276.66
1550879587,8c:0d:76:64:69:31,ff:ff:ff:ff:ff:ff,25,8,193.00,-3.00,0.00,102411.21,104616.84
1550879587,8c:0d:76:64:69:31,90:70:65:2d:f5:af,7,5,302.00,-3.00,0.00,15411.33,31131.96
1550879590,8c:0d:76:64:69:31,ff:ff:ff:ff:ff:ff,30,8,193.00,-2.97,0.18,102408.41,104221.16
1550879593,8c:0d:76:64:69:31,ff:ff:ff:ff:ff:ff,31,8,193.00,-3.00,0.00,102394.90,104146.20
1550879596,8c:0d:76:64:69:31,ff:ff:ff:ff:ff:ff,30,8,193.00,-3.00,0.00,102396.48,104209.05
1550879596,d0:2b:20:c6:94:dd,ff:ff:ff:ff:ff:ff,2,4,174.00,-7.50,0.71,10184.00,0.00
1550879596,8c:0d:76:64:69:31,d0:2b:20:c6:94:dd,2,5,302.00,-3.00,0.00,10148.00,0.00
1550879599,8c:0d:76:64:69:31,ff:ff:ff:ff:ff:ff,31,8,193.00,-3.00,0.00,102400.20,104150.91
1550879599,8c:0d:76:64:69:31,90:70:65:2d:f5:af,8,5,302.00,-3.00,0.00,6049.29,8562.42
1550879602,8c:0d:76:64:69:31,ff:ff:ff:ff:ff:ff,29,8,193.00,-3.00,0.00,106055.54,109722.90
1550879605,8c:0d:76:64:69:31,ff:ff:ff:ff:ff:ff,31,8,193.00,-2.97,0.18,102398.40,104152.98
1550879608,8c:0d:76:64:69:31,ff:ff:ff:ff:ff:ff,20,8,193.00,-3.00,0.00,102401.26,105215.20
1550879608,8c:0d:76:64:69:31,90:70:65:2d:f5:af,6,5,302.00,-3.00,0.00,11697.80,21875.87
1550879611,8c:0d:76:64:69:31,ff:ff:ff:ff:ff:ff,31,8,193.00,-3.00,0.00,102397.50,104148.39
1550879614,8c:0d:76:64:69:31,ff:ff:ff:ff:ff:ff,30,8,193.00,-3.00,0.00,102397.00,104212.01
1550879617,8c:0d:76:64:69:31,ff:ff:ff:ff:ff:ff,31,8,193.00,-3.00,0.00,102402.93,104154.08
1550879617,8c:0d:76:64:69:31,90:70:65:2d:f5:af,11,5,302.00,-3.00,0.00,5992.30,9545.96
1550879620,8c:0d:76:64:69:31,ff:ff:ff:ff:ff:ff,29,8,193.00,-2.97,0.19,106051.79,109713.77
1550879623,8c:0d:76:64:69:31,ff:ff:ff:ff:ff:ff,30,8,193.00,-3.00,0.00,105935.59,109476.49
1550879626,8c:0d:76:64:69:31,ff:ff:ff:ff:ff:ff,30,8,193.00,-3.00,0.00,102408.03,104221.01
1550879629,8c:0d:76:64:69:31,ff:ff:ff:ff:ff:ff,31,8,193.00,-3.00,0.00,102400.23,104154.43
1550879629,8c:0d:76:64:69:31,90:70:65:2d:f5:af,6,5,302.00,-3.00,0.00,11478.20,21841.41
1550879632,8c:0d:76:64:69:31,ff:ff:ff:ff:ff:ff,30,8,193.00,-3.00,0.00,102398.21,104211.18
1550879635,8c:0d:76:64:69:31,ff:ff:ff:ff:ff:ff,20,8,193.00,-3.00,0.00,102306.95,105111.38
1550879638,8c:0d:76:64:69:31,ff:ff:ff:ff:ff:ff,31,8,193.00,-3.00,0.00,102399.17,104151.48
1550879638,8c:0d:76:64:69:31,90:70:65:2d:f5:af,7,5,302.00,-3.00,0.00,14628.17,31545.16
1550879641,8c:0d:76:64:69:31,ff:ff:ff:ff:ff:ff,30,8,193.00,-2.93,0.25,102405.24,104217.92
1550879644,8c:0d:76:64:69:31,ff:ff:ff:ff:ff:ff,31,8,193.00,-2.97,0.18,102400.27,104151.31
1550879647,8c:0d:76:64:69:31,ff:ff:ff:ff:ff:ff,28,8,193.00,-3.00,0.00,109990.44,115219.03
1550879647,8c:0d:76:64:69:31,90:70:65:2d:f5:af,12,5,302.00,-3.00,0.00,6257.09,10859.83
1550879650,8c:0d:76:64:69:31,ff:ff:ff:ff:ff:ff,31,8,193.00,-2.97,0.18,102398.40,104150.60
1550879653,8c:0d:76:64:69:31,ff:ff:ff:ff:ff:ff,30,8,193.00,-3.00,0.00,102393.17,104206.52
1550879656,8c:0d:76:64:69:31,ff:ff:ff:ff:ff:ff,31,8,193.00,-3.00,0.00,102405.00,104155.73
1550879659,8c:0d:76:64:69:31,90:70:65:2d:f5:af,4,5,302.00,-3.00,0.00,11204.67,18773.63
1550879659,8c:0d:76:64:69:31,ff:ff:ff:ff:ff:ff,30,8,193.00,-3.00,0.00,102396.10,104211.61
1550879662,8c:0d:76:64:69:31,ff:ff:ff:ff:ff:ff,31,8,193.00,-3.00,0.00,102404.43,104156.67
1550879665,8c:0d:76:64:69:31,ff:ff:ff:ff:ff:ff,20,8,193.00,-3.00,0.00,102498.89,105308.53
1550879668,8c:0d:76:64:69:31,ff:ff:ff:ff:ff:ff,29,8,193.00,-3.00,0.00,106046.25,109710.01
1550879668,8c:0d:76:64:69:31,90:70:65:2d:f5:af,7,5,302.00,-3.00,0.00,11852.33,17324.62
1550879671,8c:0d:76:64:69:31,ff:ff:ff:ff:ff:ff,31,8,193.00,-3.00,0.00,102398.73,104149.65
1550879674,8c:0d:76:64:69:31,ff:ff:ff:ff:ff:ff,30,8,193.00,-3.00,0.00,102405.38,104219.79
1550879677,8c:0d:76:64:69:31,ff:ff:ff:ff:ff:ff,31,8,193.00,-3.00,0.00,102405.67,104156.75
1550879677,8c:0d:76:64:69:31,90:70:65:2d:f5:af,7,5,302.00,-3.00,0.00,6808.67,10517.21
1550879680,8c:0d:76:64:69:31,ff:ff:ff:ff:ff:ff,30,8,193.00,-2.97,0.18,102401.14,104219.64
1550879683,8c:0d:76:64:69:31,ff:ff:ff:ff:ff:ff,26,8,193.00,-3.00,0.00,102403.64,104516.32
1550879686,8c:0d:76:64:69:31,ff:ff:ff:ff:ff:ff,27,8,193.00,-3.00,0.00,102398.00,104425.96
1550879689,8c:0d:76:64:69:31,ff:ff:ff:ff:ff:ff,31,8,193.00,-3.00,0.00,102400.60,104153.03
1550879689,8c:0d:76:64:69:31,90:70:65:2d:f5:af,10,5,302.00,-3.00,0.00,6427.33,9682.35
1550879692,8c:0d:76:64:69:31,ff:ff:ff:ff:ff:ff,25,8,193.00,-3.00,0.00,102404.46,104610.60
1550879695,8c:0d:76:64:69:31,ff:ff:ff:ff:ff:ff,31,8,193.00,-3.00,0.00,102379.77,104130.98
1550879698,8c:0d:76:64:69:31,ff:ff:ff:ff:ff:ff,30,8,193.00,-3.00,0.00,102336.48,104156.08
1550879698,8c:0d:76:64:69:31,90:70:65:2d:f5:af,11,5,302.00,-3.00,0.00,6509.90,9855.06
1550879698,8c:0d:76:64:69:31,c0:a6:00:e7:3a:ea,1,5,302.00,-3.00,0.00,0.00,0.00
1550879701,8c:0d:76:64:69:31,ff:ff:ff:ff:ff:ff,27,8,193.00,-3.00,0.00,102369.19,104396.87
1550879704,8c:0d:76:64:69:31,ff:ff:ff:ff:ff:ff,24,8,193.00,-3.00,0.00,106853.39,111328.19
1550879707,8c:0d:76:64:69:31,ff:ff:ff:ff:ff:ff,31,8,193.00,-3.00,0.00,102406.13,104161.87
1550879707,8c:0d:76:64:69:31,90:70:65:2d:f5:af,2,5,302.00,-3.00,0.00,3725.00,0.00
1550879710,8c:0d:76:64:69:31,ff:ff:ff:ff:ff:ff,30,8,193.00,-3.00,0.00,102402.86,104216.49
1550879713,8c:0d:76:64:69:31,ff:ff:ff:ff:ff:ff,31,8,193.00,-3.00,0.00,102398.13,104149.27
1550879716,8c:0d:76:64:69:31,ff:ff:ff:ff:ff:ff,30,8,193.00,-3.00,0.00,102335.31,104147.22
1550879719,8c:0d:76:64:69:31,ff:ff:ff:ff:ff:ff,31,8,193.00,-3.00,0.00,102395.30,104149.91
1550879719,8c:0d:76:64:69:31,90:70:65:2d:f5:af,8,5,302.00,-3.00,0.00,8116.57,14887.26
1550879722,8c:0d:76:64:69:31,ff:ff:ff:ff:ff:ff,10,8,193.00,-3.00,0.00,102403.89,108615.87
1550879725,8c:0d:76:64:69:31,ff:ff:ff:ff:ff:ff,42,8,193.00,-3.00,0.00,104892.83,107398.88
1550879725,8c:0d:76:64:69:31,d0:2b:20:c6:94:dd,2,5,302.00,-3.00,0.00,10166.00,0.00
1550879728,8c:0d:76:64:69:31,ff:ff:ff:ff:ff:ff,29,8,193.00,-2.97,0.19,106061.46,109735.20
1550879728,8c:0d:76:64:69:31,90:70:65:2d:f5:af,5,5,302.00,-3.00,0.00,3314.75,3857.24
1550879731,8c:0d:76:64:69:31,ff:ff:ff:ff:ff:ff,31,8,193.00,-3.00,0.00,102405.70,104156.58
1550879734,8c:0d:76:64:69:31,ff:ff:ff:ff:ff:ff,30,8,193.00,-3.00,0.00,102397.86,104211.34
1550879737,8c:0d:76:64:69:31,ff:ff:ff:ff:ff:ff,31,8,193.00,-3.00,0.00,102399.90,104155.05
1550879737,8c:0d:76:64:69:31,90:70:65:2d:f5:af,7,5,302.00,-3.00,0.00,10955.50,21455.92
1550879740,8c:0d:76:64:69:31,ff:ff:ff:ff:ff:ff,25,8,193.00,-3.00,0.00,102401.79,104605.67
1550879743,8c:0d:76:64:69:31,ff:ff:ff:ff:ff:ff,31,8,193.00,-3.00,0.00,102396.40,104147.74
1550879746,8c:0d:76:64:69:31,ff:ff:ff:ff:ff:ff,29,8,193.00,-3.00,0.00,106059.25,109721.71
1550879749,8c:0d:76:64:69:31,ff:ff:ff:ff:ff:ff,26,8,193.00,-3.00,0.00,102399.56,104511.24
1550879749,8c:0d:76:64:69:31,90:70:65:2d:f5:af,8,5,302.00,-3.00,0.00,8400.43,12639.64
1550879752,8c:0d:76:64:69:31,ff:ff:ff:ff:ff:ff,29,8,193.00,-3.00,0.00,106057.89,109719.45
1550879755,8c:0d:76:64:69:31,ff:ff:ff:ff:ff:ff,31,8,193.00,-3.00,0.00,102377.80,104130.00
1550879758,8c:0d:76:64:69:31,ff:ff:ff:ff:ff:ff,30,8,193.00,-3.00,0.00,102397.48,104213.73
1550879758,8c:0d:76:64:69:31,90:70:65:2d:f5:af,8,5,302.00,-3.00,0.00,13080.29,20700.72
1550879761,8c:0d:76:64:69:31,ff:ff:ff:ff:ff:ff,25,8,193.00,-3.00,0.00,102398.92,104602.84
1550879764,8c:0d:76:64:69:31,ff:ff:ff:ff:ff:ff,26,8,193.00,-3.00,0.00,102396.88,104508.45
1550879767,8c:0d:76:64:69:31,ff:ff:ff:ff:ff:ff,31,8,193.00,-3.00,0.00,102402.27,104153.43
1550879767,8c:0d:76:64:69:31,90:70:65:2d:f5:af,3,5,302.00,-3.00,0.00,17457.50,31196.03
1550879770,8c:0d:76:64:69:31,ff:ff:ff:ff:ff:ff,30,8,193.00,-3.00,0.00,102406.17,104219.65
1550879773,8c:0d:76:64:69:31,ff:ff:ff:ff:ff:ff,31,8,193.00,-3.00,0.00,102403.77,104157.23
1550879776,8c:0d:76:64:69:31,ff:ff:ff:ff:ff:ff,30,8,193.00,-3.00,0.00,102405.97,104335.28
1550879779,8c:0d:76:64:69:31,ff:ff:ff:ff:ff:ff,20,8,193.00,-3.00,0.00,102391.74,105200.87
1550879779,8c:0d:76:64:69:31,90:70:65:2d:f5:af,16,5,302.00,-3.00,0.00,5026.60,5919.98
1550879779,8c:0d:76:64:69:31,b8:53:ac:95:d8:dc,1,5,302.00,-3.00,0.00,0.00,0.00
1550879782,8c:0d:76:64:69:31,ff:ff:ff:ff:ff:ff,31,8,193.00,-3.00,0.00,102400.53,104151.44
1550879785,8c:0d:76:64:69:31,ff:ff:ff:ff:ff:ff,30,8,193.00,-3.00,0.00,102398.28,104215.20
1550879788,8c:0d:76:64:69:31,ff:ff:ff:ff:ff:ff,30,8,193.00,-3.00,0.00,105928.34,109463.48
1550879788,8c:0d:76:64:69:31,90:70:65:2d:f5:af,9,5,302.00,-3.00,0.00,12072.88,20173.43
1550879791,8c:0d:76:64:69:31,ff:ff:ff:ff:ff:ff,30,8,193.00,-3.00,0.00,102399.59,104212.58
1550879794,8c:0d:76:64:69:31,ff:ff:ff:ff:ff:ff,31,8,193.00,-3.00,0.00,102399.43,104313.16
1550879794,d0:2b:20:c6:94:dd,ff:ff:ff:ff:ff:ff,4,4,174.00,-7.00,0.00,18253.33,25662.93
1550879794,8c:0d:76:64:69:31,d0:2b:20:c6:94:dd,14,5,302.00,-3.00,0.00,9847.77,14842.95
1550879797,8c:0d:76:64:69:31,ff:ff:ff:ff:ff:ff,30,8,193.00,-3.00,0.00,102406.69,104220.39
1550879797,8c:0d:76:64:69:31,90:70:65:2d:f5:af,7,5,302.00,-3.00,0.00,11548.17,18426.38
1550879800,8c:0d:76:64:69:31,ff:ff:ff:ff:ff:ff,31,8,193.00,-3.00,0.00,102401.93,104152.64
1550879803,8c:0d:76:64:69:31,ff:ff:ff:ff:ff:ff,29,8,193.00,-3.00,0.00,106055.68,109720.34
1550879806,8c:0d:76:64:69:31,ff:ff:ff:ff:ff:ff,31,8,193.00,-3.00,0.00,102392.90,104145.55
1550879806,8c:0d:76:64:69:31,90:70:65:2d:f5:af,3,5,302.00,-3.00,0.00,13317.50,23429.34
1550879809,8c:0d:76:64:69:31,ff:ff:ff:ff:ff:ff,20,8,193.00,-3.00,0.00,102406.84,105214.97
1550879812,8c:0d:76:64:69:31,ff:ff:ff:ff:ff:ff,31,8,193.00,-3.00,0.00,102401.43,104153.53
1550879815,8c:0d:76:64:69:31,ff:ff:ff:ff:ff:ff,30,8,193.00,-3.00,0.00,102406.41,104220.21
1550879818,8c:0d:76:64:69:31,ff:ff:ff:ff:ff:ff,31,8,193.00,-3.00,0.00,102398.13,104148.73
1550879818,8c:0d:76:64:69:31,90:70:65:2d:f5:af,8,5,302.00,-3.00,0.00,6598.86,10767.55
1550879821,8c:0d:76:64:69:31,ff:ff:ff:ff:ff:ff,30,8,193.00,-3.00,0.00,102343.59,104157.28
1550879824,8c:0d:76:64:69:31,ff:ff:ff:ff:ff:ff,31,8,193.00,-3.00,0.00,102395.97,104147.19
1550879827,8c:0d:76:64:69:31,ff:ff:ff:ff:ff:ff,30,8,193.00,-3.00,0.00,102393.59,104212.58
1550879827,8c:0d:76:64:69:31,90:70:65:2d:f5:af,7,5,302.00,-3.00,0.00,10575.50,19273.73
1550879830,8c:0d:76:64:69:31,ff:ff:ff:ff:ff:ff,31,8,193.00,-3.00,0.00,102372.93,104124.59
1550879833,8c:0d:76:64:69:31,ff:ff:ff:ff:ff:ff,30,8,193.00,-3.00,0.00,102396.14,104211.03
1550879833,8c:0d:76:64:69:31,c0:a6:00:e7:3a:ea,4,5,302.00,-3.00,0.00,7696.67,12537.74
1550879836,8c:0d:76:64:69:31,ff:ff:ff:ff:ff:ff,25,8,193.00,-3.00,0.00,102398.67,104601.64
1550879839,8c:0d:76:64:69:31,ff:ff:ff:ff:ff:ff,26,8,193.00,-3.00,0.00,102391.32,104504.50
1550879839,8c:0d:76:64:69:31,90:70:65:2d:f5:af,7,5,302.00,-3.00,0.00,5988.17,8528.12
1550879842,8c:0d:76:64:69:31,ff:ff:ff:ff:ff:ff,30,8,193.00,-3.00,0.00,102402.45,104216.09
1550879845,8c:0d:76:64:69:31,ff:ff:ff:ff:ff:ff,29,8,193.00,-3.00,0.00,109705.89,114895.73
1550879848,8c:0d:76:64:69:31,ff:ff:ff:ff:ff:ff,30,8,193.00,-3.00,0.00,102401.83,104215.75
1550879848,8c:0d:76:64:69:31,90:70:65:2d:f5:af,13,5,302.00,-3.00,0.00,9052.00,15749.36
1550879851,8c:0d:76:64:69:31,ff:ff:ff:ff:ff:ff,31,8,193.00,-3.00,0.00,102407.17,104160.65
1550879854,8c:0d:76:64:69:31,ff:ff:ff:ff:ff:ff,25,8,193.00,-3.00,0.00,102396.21,104600.66
1550879857,8c:0d:76:64:69:31,ff:ff:ff:ff:ff:ff,31,8,193.00,-3.00,0.00,102400.83,104151.51
1550879857,8c:0d:76:64:69:31,90:70:65:2d:f5:af,3,5,302.00,-3.00,0.00,8151.50,13031.92
1550879860,8c:0d:76:64:69:31,ff:ff:ff:ff:ff:ff,30,8,193.00,-3.00,0.00,102399.59,104216.59
1550879863,8c:0d:76:64:69:31,ff:ff:ff:ff:ff:ff,31,8,193.00,-3.00,0.00,102404.57,104155.40
1550879863,8c:0d:76:64:69:31,c0:a6:00:e7:3a:ea,7,5,302.00,-3.00,0.00,4201.50,4729.72
1550879866,8c:0d:76:64:69:31,ff:ff:ff:ff:ff:ff,25,8,193.00,-3.00,0.00,102401.62,104606.89
1550879866,8c:0d:76:64:69:31,d0:2b:20:c6:94:dd,3,5,302.00,-3.00,0.00,3431.00,4908.22
1550879869,8c:0d:76:64:69:31,d0:2b:20:c6:94:dd,2,5,302.00,-3.00,0.00,2738.00,0.00
1550879869,8c:0d:76:64:69:31,90:70:65:2d:f5:af,7,5,302.00,-3.00,0.00,15006.50,32709.86
1550879869,8c:0d:76:64:69:31,ff:ff:ff:ff:ff:ff,31,8,193.00,-3.00,0.00,102402.80,104157.44
1550879872,8c:0d:76:64:69:31,ff:ff:ff:ff:ff:ff,30,8,193.00,-3.00,0.00,102400.10,104212.86
1550879875,8c:0d:76:64:69:31,ff:ff:ff:ff:ff:ff,25,8,193.00,-3.00,0.00,102392.54,104596.20
1550879878,8c:0d:76:64:69:31,ff:ff:ff:ff:ff:ff,26,8,193.00,-3.00,0.00,102392.32,104507.03
1550879878,8c:0d:76:64:69:31,90:70:65:2d:f5:af,12,5,302.00,-3.00,0.00,6485.91,9831.46
1550879881,8c:0d:76:64:69:31,ff:ff:ff:ff:ff:ff,30,8,193.00,-3.00,0.00,102394.17,104207.50
1550879884,8c:0d:76:64:69:31,ff:ff:ff:ff:ff:ff,31,8,193.00,-3.00,0.00,102389.97,104140.47
1550879887,8c:0d:76:64:69:31,ff:ff:ff:ff:ff:ff,29,8,193.00,-3.00,0.00,106100.71,109760.02
1550879887,8c:0d:76:64:69:31,90:70:65:2d:f5:af,7,5,302.00,-3.00,0.00,8536.33,14918.52
1550879890,8c:0d:76:64:69:31,ff:ff:ff:ff:ff:ff,31,8,193.00,-3.00,0.00,102404.27,104156.46
1550879893,8c:0d:76:64:69:31,ff:ff:ff:ff:ff:ff,30,8,193.00,-2.97,0.18,102402.21,104215.35
1550879896,8c:0d:76:64:69:31,ff:ff:ff:ff:ff:ff,21,8,193.00,-3.00,0.00,102333.65,104994.76
1550879899,8c:0d:76:64:69:31,ff:ff:ff:ff:ff:ff,30,8,193.00,-3.00,0.00,102398.34,104212.00
1550879899,8c:0d:76:64:69:31,90:70:65:2d:f5:af,6,5,302.00,-3.00,0.00,13165.00,25186.14
1550879902,8c:0d:76:64:69:31,ff:ff:ff:ff:ff:ff,30,8,193.00,-3.00,0.00,102402.76,104217.71
1550879905,8c:0d:76:64:69:31,ff:ff:ff:ff:ff:ff,31,8,193.00,-3.00,0.00,102402.33,104153.64
1550879908,8c:0d:76:64:69:31,ff:ff:ff:ff:ff:ff,30,8,193.00,-3.00,0.00,102400.90,104217.91
1550879908,8c:0d:76:64:69:31,90:70:65:2d:f5:af,10,5,302.00,-3.00,0.00,7341.67,9586.09
1550879911,8c:0d:76:64:69:31,ff:ff:ff:ff:ff:ff,31,8,193.00,-3.00,0.00,102404.33,104156.93
1550879914,8c:0d:76:64:69:31,ff:ff:ff:ff:ff:ff,30,8,193.00,-3.00,0.00,102394.76,104210.96
1550879914,8c:0d:76:64:69:31,d0:2b:20:c6:94:dd,2,5,302.00,-3.00,0.00,10080.00,0.00
1550879917,8c:0d:76:64:69:31,ff:ff:ff:ff:ff:ff,31,8,193.00,-3.00,0.00,102404.23,104155.08
1550879917,8c:0d:76:64:69:31,90:70:65:2d:f5:af,9,5,302.00,-3.00,0.00,8208.38,12539.66
1550879920,8c:0d:76:64:69:31,ff:ff:ff:ff:ff:ff,29,8,193.00,-2.97,0.19,106059.68,109728.11
1550879923,8c:0d:76:64:69:31,ff:ff:ff:ff:ff:ff,21,8,193.00,-3.00,0.00,102400.30,105062.98
1550879926,8c:0d:76:64:69:31,ff:ff:ff:ff:ff:ff,30,8,193.00,-3.00,0.00,102400.55,104215.01
1550879929,8c:0d:76:64:69:31,ff:ff:ff:ff:ff:ff,31,8,193.00,-3.00,0.00,102424.27,104175.97
1550879929,8c:0d:76:64:69:31,90:70:65:2d:f5:af,6,5,302.00,-3.00,0.00,8499.40,14731.92
1550879932,8c:0d:76:64:69:31,ff:ff:ff:ff:ff:ff,30,8,193.00,-3.00,0.00,102398.76,104211.47
1550879935,8c:0d:76:64:69:31,ff:ff:ff:ff:ff:ff,30,8,193.00,-2.97,0.18,102396.55,104209.12
1550879938,8c:0d:76:64:69:31,ff:ff:ff:ff:ff:ff,31,8,193.00,-3.00,0.00,102403.97,104155.30
1550879938,8c:0d:76:64:69:31,90:70:65:2d:f5:af,10,5,302.00,-3.00,0.00,9524.89,16577.95
1550879941,8c:0d:76:64:69:31,ff:ff:ff:ff:ff:ff,30,8,193.00,-2.93,0.25,102405.31,104220.09
1550879944,8c:0d:76:64:69:31,ff:ff:ff:ff:ff:ff,30,8,193.00,-3.00,0.00,105932.97,109477.04
1550879947,8c:0d:76:64:69:31,ff:ff:ff:ff:ff:ff,29,8,193.00,-3.00,0.00,106054.29,109716.01
1550879947,8c:0d:76:64:69:31,90:70:65:2d:f5:af,9,5,302.00,-3.00,0.00,6996.88,10219.30
1550879950,8c:0d:76:64:69:31,ff:ff:ff:ff:ff:ff,31,8,193.00,-3.00,0.00,102400.40,104151.00
1550879953,8c:0d:76:64:69:31,ff:ff:ff:ff:ff:ff,19,8,193.00,-3.00,0.00,108096.78,113813.43
1550879956,8c:0d:76:64:69:31,ff:ff:ff:ff:ff:ff,31,8,193.00,-3.00,0.00,102405.33,104156.61
1550879959,8c:0d:76:64:69:31,ff:ff:ff:ff:ff:ff,30,8,193.00,-3.00,0.00,102401.28,104214.69
1550879959,8c:0d:76:64:69:31,90:70:65:2d:f5:af,10,5,302.00,-3.00,0.00,5592.00,7571.30
1550879962,8c:0d:76:64:69:31,ff:ff:ff:ff:ff:ff,30,8,193.00,-2.97,0.18,105933.34,109413.14
1550879965,8c:0d:76:64:69:31,ff:ff:ff:ff:ff:ff,30,8,193.00,-3.00,0.00,102405.14,104217.89
1550879968,8c:0d:76:64:69:31,ff:ff:ff:ff:ff:ff,30,8,193.00,-3.13,0.73,102393.90,104207.03
1550879968,8c:0d:76:64:69:31,90:70:65:2d:f5:af,5,5,302.00,-3.00,0.00,11066.00,20110.62
1550879968,8c:0d:76:64:69:31,c0:a6:00:e7:3a:ea,5,5,302.00,-3.00,0.00,3837.00,4479.25
1550879971,8c:0d:76:64:69:31,ff:ff:ff:ff:ff:ff,31,8,193.00,-3.00,0.00,102396.17,104149.14
1550879974,8c:0d:76:64:69:31,ff:ff:ff:ff:ff:ff,25,8,193.00,-3.00,0.00,102436.21,104640.10
1550879977,8c:0d:76:64:69:31,ff:ff:ff:ff:ff:ff,31,8,193.00,-3.00,0.00,102401.17,104152.95
1550879977,8c:0d:76:64:69:31,90:70:65:2d:f5:af,8,5,302.00,-3.00,0.00,6079.29,8882.84
1550879980,8c:0d:76:64:69:31,ff:ff:ff:ff:ff:ff,24,8,193.00,-3.00,0.00,106854.65,111327.32
1550879983,8c:0d:76:64:69:31,ff:ff:ff:ff:ff:ff,31,8,193.00,-3.00,0.00,102392.77,104143.40
1550879986,8c:0d:76:64:69:31,ff:ff:ff:ff:ff:ff,30,8,193.00,-3.00,0.00,102311.52,104124.19
1550879989,8c:0d:76:64:69:31,ff:ff:ff:ff:ff:ff,30,8,193.00,-3.00,0.00,105929.72,109462.72
1550879989,8c:0d:76:64:69:31,90:70:65:2d:f5:af,7,5,302.00,-3.00,0.00,9653.50,18370.74
1550879992,8c:0d:76:64:69:31,ff:ff:ff:ff:ff:ff,30,8,193.00,-3.00,0.00,102396.34,104210.20
1550879995,8c:0d:76:64:69:31,ff:ff:ff:ff:ff:ff,26,8,193.00,-3.00,0.00,102394.96,104506.51
1550879998,8c:0d:76:64:69:31,ff:ff:ff:ff:ff:ff,29,8,193.00,-3.00,0.00,106055.82,109726.76
1550879998,8c:0d:76:64:69:31,90:70:65:2d:f5:af,7,5,302.00,-3.00,0.00,9664.83,18286.16
1550879998,8c:0d:76:64:69:31,c0:a6:00:e7:3a:ea,5,5,302.00,-3.00,0.00,3356.00,3919.91
1550880001,8c:0d:76:64:69:31,ff:ff:ff:ff:ff:ff,31,8,193.00,-3.00,0.00,102399.17,104153.08
1550880004,8c:0d:76:64:69:31,ff:ff:ff:ff:ff:ff,30,8,193.00,-3.00,0.00,102399.59,104212.59
1550880007,8c:0d:76:64:69:31,ff:ff:ff:ff:ff:ff,31,8,193.00,-3.00,0.00,102396.33,104151.85
1550880007,8c:0d:76:64:69:31,90:70:65:2d:f5:af,6,5,302.00,-3.00,0.00,12442.00,22605.90
1550880010,8c:0d:76:64:69:31,ff:ff:ff:ff:ff:ff,25,8,193.00,-3.00,0.00,102382.50,104584.61
1550880013,8c:0d:76:64:69:31,ff:ff:ff:ff:ff:ff,25,8,193.00,-3.00,0.00,102404.42,104607.02
1550880016,8c:0d:76:64:69:31,ff:ff:ff:ff:ff:ff,31,8,193.00,-3.00,0.00,102403.43,104155.56
1550880019,8c:0d:76:64:69:31,ff:ff:ff:ff:ff:ff,30,8,193.00,-3.00,0.00,102402.79,104217.32
1550880019,8c:0d:76:64:69:31,90:70:65:2d:f5:af,9,5,302.00,-3.00,0.00,7311.50,11260.97
1550880022,8c:0d:76:64:69:31,ff:ff:ff:ff:ff:ff,31,8,193.00,-3.00,0.00,102403.20,104154.45
1550880025,8c:0d:76:64:69:31,ff:ff:ff:ff:ff:ff,30,8,193.00,-3.00,0.00,102398.10,104211.38
1550880028,8c:0d:76:64:69:31,ff:ff:ff:ff:ff:ff,30,8,193.00,-3.00,0.00,105966.72,109509.87
1550880028,8c:0d:76:64:69:31,90:70:65:2d:f5:af,6,5,302.00,-3.00,0.00,8235.00,13069.02
1550880031,8c:0d:76:64:69:31,ff:ff:ff:ff:ff:ff,30,8,193.00,-3.00,0.00,102400.79,104213.43
1550880034,8c:0d:76:64:69:31,ff:ff:ff:ff:ff:ff,31,8,193.00,-3.00,0.00,102404.50,104159.26
1550880037,8c:0d:76:64:69:31,ff:ff:ff:ff:ff:ff,30,8,193.00,-3.00,0.00,102402.83,104222.64
1550880037,8c:0d:76:64:69:31,90:70:65:2d:f5:af,8,5,302.00,-3.00,0.00,9518.43,13590.12
1550880040,8c:0d:76:64:69:31,ff:ff:ff:ff:ff:ff,21,8,193.00,-3.00,0.00,102400.70,105061.00
1550880043,8c:0d:76:64:69:31,ff:ff:ff:ff:ff:ff,29,8,193.00,-2.97,0.19,106057.71,109731.66
1550880046,8c:0d:76:64:69:31,ff:ff:ff:ff:ff:ff,30,8,193.00,-2.97,0.18,102403.66,104218.93
1550880049,8c:0d:76:64:69:31,ff:ff:ff:ff:ff:ff,31,8,193.00,-3.00,0.00,102398.90,104151.75
1550880049,8c:0d:76:64:69:31,90:70:65:2d:f5:af,9,5,302.00,-3.00,0.00,7911.12,12346.08
1550880049,8c:0d:76:64:69:31,d0:2b:20:c6:94:dd,1,5,302.00,-3.00,0.00,0.00,0.00
1550880052,8c:0d:76:64:69:31,ff:ff:ff:ff:ff:ff,30,8,193.00,-3.00,0.00,102392.52,104209.00
1550880055,8c:0d:76:64:69:31,ff:ff:ff:ff:ff:ff,31,8,193.00,-3.00,0.00,102394.60,104145.19
1550880058,8c:0d:76:64:69:31,ff:ff:ff:ff:ff:ff,30,8,193.00,-3.00,0.00,102403.31,104216.88
1550880058,8c:0d:76:64:69:31,90:70:65:2d:f5:af,7,5,302.00,-3.00,0.00,7905.00,11896.77
1550880061,8c:0d:76:64:69:31,ff:ff:ff:ff:ff:ff,31,8,193.00,-3.00,0.00,102407.63,104160.76
1550880064,8c:0d:76:64:69:31,ff:ff:ff:ff:ff:ff,30,8,193.00,-3.00,0.00,102397.86,104210.71
1550880067,8c:0d:76:64:69:31,ff:ff:ff:ff:ff:ff,21,8,193.00,-3.00,0.00,102400.00,105064.66
1550880067,8c:0d:76:64:69:31,90:70:65:2d:f5:af,8,5,302.00,-3.00,0.00,4237.29,5110.57
1550880070,8c:0d:76:64:69:31,ff:ff:ff:ff:ff:ff,30,8,193.00,-3.00,0.00,102399.79,104215.82
1550880073,8c:0d:76:64:69:31,ff:ff:ff:ff:ff:ff,31,8,193.00,-3.00,0.00,102400.73,104151.96
1550880076,8c:0d:76:64:69:31,ff:ff:ff:ff:ff:ff,30,8,193.00,-3.00,0.00,102401.66,104215.73
1550880079,8c:0d:76:64:69:31,ff:ff:ff:ff:ff:ff,31,8,193.00,-3.00,0.00,102471.80,104226.29
1550880079,8c:0d:76:64:69:31,90:70:65:2d:f5:af,11,5,302.00,-3.00,0.00,7712.90,12141.68
1550880082,8c:0d:76:64:69:31,ff:ff:ff:ff:ff:ff,30,8,193.00,-3.00,0.00,102396.59,104210.14
1550880085,8c:0d:76:64:69:31,ff:ff:ff:ff:ff:ff,31,8,193.00,-3.00,0.00,102409.13,104161.63
1550880088,8c:0d:76:64:69:31,ff:ff:ff:ff:ff:ff,29,8,193.00,-3.00,0.00,102393.89,104274.53
1550880088,8c:0d:76:64:69:31,90:70:65:2d:f5:af,7,5,302.00,-3.00,0.00,10051.67,19022.03
1550880091,8c:0d:76:64:69:31,ff:ff:ff:ff:ff:ff,25,8,193.00,-3.00,0.00,102399.96,104604.34
1550880094,8c:0d:76:64:69:31,ff:ff:ff:ff:ff:ff,31,8,193.00,-3.00,0.00,102396.20,104148.56
1550880097,8c:0d:76:64:69:31,ff:ff:ff:ff:ff:ff,25,8,193.00,-3.00,0.00,102400.71,104604.79
1550880097,8c:0d:76:64:69:31,90:70:65:2d:f5:af,8,5,302.00,-3.00,0.00,9924.57,15310.00
1550880100,8c:0d:76:64:69:31,ff:ff:ff:ff:ff:ff,31,8,193.00,-3.00,0.00,102405.57,104157.57
1550880103,8c:0d:76:64:69:31,ff:ff:ff:ff:ff:ff,30,8,193.00,-3.00,0.00,102400.24,104212.86
1550880103,8c:0d:76:64:69:31,c0:a6:00:e7:3a:ea,6,5,302.00,-3.00,0.00,3984.00,4611.78
1550880106,8c:0d:76:64:69:31,ff:ff:ff:ff:ff:ff,31,8,193.00,-3.00,0.00,102397.60,104150.24
1550880109,8c:0d:76:64:69:31,ff:ff:ff:ff:ff:ff,30,8,193.00,-3.00,0.00,102403.14,104217.67
1550880109,8c:0d:76:64:69:31,90:70:65:2d:f5:af,8,5,302.00,-3.00,0.00,7795.57,13395.15
1550880112,8c:0d:76:64:69:31,ff:ff:ff:ff:ff:ff,25,8,193.00,-3.00,0.00,106666.75,110950.34
1550880115,8c:0d:76:64:69:31,ff:ff:ff:ff:ff:ff,30,8,193.00,-3.00,0.00,102401.66,104214.66
1550880118,8c:0d:76:64:69:31,ff:ff:ff:ff:ff:ff,31,8,193.00,-3.00,0.00,102397.03,104148.15
1550880118,8c:0d:76:64:69:31,90:70:65:2d:f5:af,2,5,302.00,-3.00,0.00,3699.00,0.00
1550880121,8c:0d:76:64:69:31,ff:ff:ff:ff:ff:ff,30,8,193.00,-3.00,0.00,102415.14,104228.14
1550880124,8c:0d:76:64:69:31,ff:ff:ff:ff:ff:ff,25,8,193.00,-3.00,0.00,102396.00,104599.60
1550880127,8c:0d:76:64:69:31,ff:ff:ff:ff:ff:ff,31,8,193.00,-3.00,0.00,102400.97,104153.71
1550880127,8c:0d:76:64:69:31,90:70:65:2d:f5:af,8,5,302.00,-3.00,0.00,8441.43,13084.76
1550880130,8c:0d:76:64:69:31,ff:ff:ff:ff:ff:ff,25,8,193.00,-3.00,0.00,102401.71,104606.52
1550880133,8c:0d:76:64:69:31,ff:ff:ff:ff:ff:ff,26,8,193.00,-3.00,0.00,102399.00,104510.83
1550880136,8c:0d:76:64:69:31,ff:ff:ff:ff:ff:ff,30,8,193.00,-3.00,0.00,102401.59,104214.21
1550880139,8c:0d:76:64:69:31,ff:ff:ff:ff:ff:ff,31,8,193.00,-3.00,0.00,102405.20,104156.64
1550880139,8c:0d:76:64:69:31,90:70:65:2d:f5:af,11,5,302.00,-3.00,0.00,5768.60,7729.39
1550880142,8c:0d:76:64:69:31,ff:ff:ff:ff:ff:ff,30,8,193.00,-3.00,0.00,102403.48,104217.50
1550880145,8c:0d:76:64:69:31,ff:ff:ff:ff:ff:ff,30,8,193.00,-3.00,0.00,105933.28,109462.05
1550880148,8c:0d:76:64:69:31,ff:ff:ff:ff:ff:ff,30,8,193.00,-3.00,0.00,102394.83,104207.31
1550880148,8c:0d:76:64:69:31,90:70:65:2d:f5:af,8,5,302.00,-3.00,0.00,7967.43,11610.83
1550880151,8c:0d:76:64:69:31,ff:ff:ff:ff:ff:ff,31,8,193.00,-3.00,0.00,102402.53,104153.17
1550880154,8c:0d:76:64:69:31,ff:ff:ff:ff:ff:ff,20,8,193.00,-3.00,0.00,102400.11,105208.87
1550880157,8c:0d:76:64:69:31,ff:ff:ff:ff:ff:ff,31,8,193.00,-3.00,0.00,102400.53,104153.37
1550880157,8c:0d:76:64:69:31,90:70:65:2d:f5:af,13,5,302.00,-3.00,0.00,8043.58,13253.34
1550880160,8c:0d:76:64:69:31,ff:ff:ff:ff:ff:ff,29,8,193.00,-3.00,0.00,106059.68,109649.52
1550880163,8c:0d:76:64:69:31,ff:ff:ff:ff:ff:ff,31,8,193.00,-3.00,0.00,102393.57,104146.10
1550880166,8c:0d:76:64:69:31,ff:ff:ff:ff:ff:ff,30,8,193.00,-3.00,0.00,102403.24,104216.31
1550880169,8c:0d:76:64:69:31,ff:ff:ff:ff:ff:ff,30,8,193.00,-3.00,0.00,102395.28,104208.67
1550880169,8c:0d:76:64:69:31,90:70:65:2d:f5:af,9,5,302.00,-3.00,0.00,7393.50,11096.80
1550880172,8c:0d:76:64:69:31,ff:ff:ff:ff:ff:ff,30,8,193.00,-3.00,0.00,102465.07,104280.30
1550880175,8c:0d:76:64:69:31,ff:ff:ff:ff:ff:ff,30,8,193.00,-3.00,0.00,102401.34,104215.65
1550880178,8c:0d:76:64:69:31,ff:ff:ff:ff:ff:ff,31,8,193.00,-3.00,0.00,102399.57,104151.34
1550880178,8c:0d:76:64:69:31,90:70:65:2d:f5:af,7,5,302.00,-3.00,0.00,11773.50,23513.03
1550880181,8c:0d:76:64:69:31,ff:ff:ff:ff:ff:ff,29,8,193.00,-3.00,0.00,106054.71,109722.39
1550880184,8c:0d:76:64:69:31,ff:ff:ff:ff:ff:ff,21,8,193.00,-3.00,0.00,102387.85,105051.20
1550880184,8c:0d:76:64:69:31,d0:2b:20:c6:94:dd,2,5,302.00,-3.00,0.00,10726.00,0.00
1550880187,8c:0d:76:64:69:31,ff:ff:ff:ff:ff:ff,30,8,193.00,-3.00,0.00,102399.28,104216.71
1550880187,8c:0d:76:64:69:31,90:70:65:2d:f5:af,4,5,302.00,-3.00,0.00,9169.33,14947.31
1550880190,8c:0d:76:64:69:31,ff:ff:ff:ff:ff:ff,31,8,193.00,-3.00,0.00,102402.43,104154.21
1550880193,8c:0d:76:64:69:31,ff:ff:ff:ff:ff:ff,30,8,193.00,-3.00,0.00,102394.03,104210.96
1550880196,8c:0d:76:64:69:31,ff:ff:ff:ff:ff:ff,31,8,193.00,-3.00,0.00,102395.67,104146.58
1550880199,8c:0d:76:64:69:31,ff:ff:ff:ff:ff:ff,30,8,193.00,-3.00,0.00,102451.76,104268.53
1550880199,8c:0d:76:64:69:31,90:70:65:2d:f5:af,6,5,302.00,-3.00,0.00,8417.80,13281.22
1550880202,8c:0d:76:64:69:31,ff:ff:ff:ff:ff:ff,31,8,193.00,-3.00,0.00,102397.33,104147.97
1550880205,8c:0d:76:64:69:31,ff:ff:ff:ff:ff:ff,25,8,193.00,-3.00,0.00,102413.42,104616.52
1550880208,8c:0d:76:64:69:31,ff:ff:ff:ff:ff:ff,26,8,193.00,-3.00,0.00,102398.56,104510.41
1550880208,8c:0d:76:64:69:31,90:70:65:2d:f5:af,8,5,302.00,-3.00,0.00,8468.71,13062.96
1550880211,8c:0d:76:64:69:31,ff:ff:ff:ff:ff:ff,25,8,193.00,-3.00,0.00,102403.38,104605.89
1550880214,8c:0d:76:64:69:31,ff:ff:ff:ff:ff:ff,29,8,193.00,-3.00,0.00,106051.04,109713.84
1550880217,8c:0d:76:64:69:31,ff:ff:ff:ff:ff:ff,31,8,193.00,-3.00,0.00,102397.77,104151.99
1550880217,8c:0d:76:64:69:31,90:70:65:2d:f5:af,8,5,302.00,-3.00,0.00,11505.71,22248.19
1550880220,8c:0d:76:64:69:31,ff:ff:ff:ff:ff:ff,30,8,193.00,-3.00,0.00,102326.69,104138.85
1550880223,8c:0d:76:64:69:31,ff:ff:ff:ff:ff:ff,31,8,193.00,-3.00,0.00,102395.83,104149.00
1550880226,8c:0d:76:64:69:31,ff:ff:ff:ff:ff:ff,30,8,193.00,-3.00,0.00,102398.17,104210.85
1550880229,8c:0d:76:64:69:31,ff:ff:ff:ff:ff:ff,26,8,193.00,-3.00,0.00,102399.92,104513.08
1550880229,8c:0d:76:64:69:31,90:70:65:2d:f5:af,10,5,302.00,-3.00,0.00,6371.56,9704.43
1550880232,8c:0d:76:64:69:31,ff:ff:ff:ff:ff:ff,30,8,193.00,-3.00,0.00,102406.17,104223.00
1550880235,8c:0d:76:64:69:31,ff:ff:ff:ff:ff:ff,30,8,193.00,-3.00,0.00,105932.66,109473.95
1550880238,8c:0d:76:64:69:31,ff:ff:ff:ff:ff:ff,30,8,193.00,-3.00,0.00,102363.72,104176.03
1550880238,8c:0d:76:64:69:31,90:70:65:2d:f5:af,8,5,302.00,-3.00,0.00,6162.14,8710.39
1550880241,8c:0d:76:64:69:31,ff:ff:ff:ff:ff:ff,24,8,193.00,-3.00,0.00,106769.57,111230.66
1550880244,8c:0d:76:64:69:31,ff:ff:ff:ff:ff:ff,31,8,193.00,-3.00,0.00,102451.43,104204.04
1550880247,8c:0d:76:64:69:31,ff:ff:ff:ff:ff:ff,28,8,193.00,-3.00,0.00,102389.63,104342.57
1550880247,8c:0d:76:64:69:31,90:70:65:2d:f5:af,6,5,302.00,-3.00,0.00,7396.20,12272.37
1550880250,8c:0d:76:64:69:31,ff:ff:ff:ff:ff:ff,26,8,193.00,-3.00,0.00,102401.84,104514.38
1550880253,8c:0d:76:64:69:31,ff:ff:ff:ff:ff:ff,30,8,193.00,-3.00,0.00,102395.90,104209.20
1550880256,8c:0d:76:64:69:31,ff:ff:ff:ff:ff:ff,30,8,193.00,-3.00,0.00,105928.66,109474.15
1550880259,8c:0d:76:64:69:31,ff:ff:ff:ff:ff:ff,30,8,193.00,-3.00,0.00,102396.45,104209.70
1550880259,8c:0d:76:64:69:31,90:70:65:2d:f5:af,4,5,302.00,-3.00,0.00,10858.33,18032.59
1550880262,8c:0d:76:64:69:31,ff:ff:ff:ff:ff:ff,31,8,193.00,-3.00,0.00,102391.87,104148.50
1550880265,8c:0d:76:64:69:31,ff:ff:ff:ff:ff:ff,30,8,193.00,-3.00,0.00,102403.00,104227.77
1550880265,8c:0d:76:64:69:31,d0:2b:20:c6:94:dd,5,5,302.00,-3.00,0.00,9346.75,12533.41
1550880265,d0:2b:20:c6:94:dd,ff:ff:ff:ff:ff:ff,1,4,174.00,-7.00,0.00,0.00,0.00
1550880268,8c:0d:76:64:69:31,ff:ff:ff:ff:ff:ff,31,8,193.00,-3.00,0.00,102401.83,104154.47
1550880268,8c:0d:76:64:69:31,90:70:65:2d:f5:af,4,5,302.00,-3.00,0.00,10645.00,17914.45
1550880271,8c:0d:76:64:69:31,ff:ff:ff:ff:ff:ff,20,8,193.00,-3.00,0.00,102392.16,105198.02
1550880274,8c:0d:76:64:69:31,c0:a6:00:e7:3a:ea,2,5,302.00,-3.00,0.00,4866.00,0.00
1550880274,8c:0d:76:64:69:31,ff:ff:ff:ff:ff:ff,30,8,193.00,-3.00,0.00,102396.28,104208.81
1550880277,8c:0d:76:64:69:31,ff:ff:ff:ff:ff:ff,31,8,193.00,-3.00,0.00,102401.40,104192.60
1550880277,8c:0d:76:64:69:31,90:70:65:2d:f5:af,8,5,302.00,-3.00,0.00,8156.86,12953.39
1550880280,8c:0d:76:64:69:31,ff:ff:ff:ff:ff:ff,29,8,193.00,-3.00,0.00,106064.82,109739.80
1550880283,8c:0d:76:64:69:31,ff:ff:ff:ff:ff:ff,31,8,193.00,-3.00,0.00,102372.00,104125.49
1550880286,8c:0d:76:64:69:31,ff:ff:ff:ff:ff:ff,30,8,193.00,-3.00,0.00,102401.00,104213.82
1550880289,8c:0d:76:64:69:31,ff:ff:ff:ff:ff:ff,31,8,193.00,-3.00,0.00,102404.00,104154.93
1550880289,8c:0d:76:64:69:31,90:70:65:2d:f5:af,3,5,302.00,-3.00,0.00,15222.50,26927.34
1550880292,8c:0d:76:64:69:31,ff:ff:ff:ff:ff:ff,30,8,193.00,-3.00,0.00,102393.41,104208.41
1550880295,8c:0d:76:64:69:31,ff:ff:ff:ff:ff:ff,30,8,193.00,-3.00,0.00,105924.59,109462.58
1550880298,8c:0d:76:64:69:31,ff:ff:ff:ff:ff:ff,20,8,193.00,-3.00,0.00,102400.79,105208.49
1550880298,8c:0d:76:64:69:31,90:70:65:2d:f5:af,12,5,302.00,-3.00,0.00,7851.27,11601.66
1550880301,8c:0d:76:64:69:31,ff:ff:ff:ff:ff:ff,31,8,193.00,-3.00,0.00,102400.20,104153.23
1550880304,8c:0d:76:64:69:31,ff:ff:ff:ff:ff:ff,30,8,193.00,-3.00,0.00,102392.14,104204.57
1550880307,8c:0d:76:64:69:31,ff:ff:ff:ff:ff:ff,31,8,193.00,-3.00,0.00,102398.67,104152.73
1550880307,8c:0d:76:64:69:31,90:70:65:2d:f5:af,2,5,302.00,-3.00,0.00,3799.00,0.00
1550880310,8c:0d:76:64:69:31,ff:ff:ff:ff:ff:ff,30,8,193.00,-3.00,0.00,102378.03,104192.12
1550880313,8c:0d:76:64:69:31,ff:ff:ff:ff:ff:ff,31,8,193.00,-3.00,0.00,102423.67,104177.20
1550880316,8c:0d:76:64:69:31,ff:ff:ff:ff:ff:ff,30,8,193.00,-3.00,0.00,102398.07,104210.68
1550880319,8c:0d:76:64:69:31,ff:ff:ff:ff:ff:ff,31,8,193.00,-3.00,0.00,102402.13,104153.23
1550880319,8c:0d:76:64:69:31,d0:2b:20:c6:94:dd,2,5,302.00,-3.00,0.00,10076.00,0.00
1550880319,8c:0d:76:64:69:31,b8:53:ac:95:d8:dc,4,5,302.00,-3.00,0.00,5794.67,8463.30
1550880322,8c:0d:76:64:69:31,ff:ff:ff:ff:ff:ff,30,8,193.00,-3.00,0.00,102398.10,104211.29
1550880325,8c:0d:76:64:69:31,ff:ff:ff:ff:ff:ff,20,8,193.00,-3.00,0.00,102406.63,105213.26
1550880328,8c:0d:76:64:69:31,ff:ff:ff:ff:ff:ff,30,8,193.00,-3.00,0.00,105930.66,109467.79
1550880328,8c:0d:76:64:69:31,90:70:65:2d:f5:af,8,5,302.00,-3.00,0.00,6286.00,9552.56
1550880331,8c:0d:76:64:69:31,ff:ff:ff:ff:ff:ff,30,8,193.00,-3.00,0.00,102398.97,104212.10
1550880334,8c:0d:76:64:69:31,ff:ff:ff:ff:ff:ff,31,8,193.00,-3.00,0.00,102398.33,104148.98
1550880337,8c:0d:76:64:69:31,ff:ff:ff:ff:ff:ff,30,8,193.00,-3.00,0.00,102406.48,104221.32
1550880337,8c:0d:76:64:69:31,90:70:65:2d:f5:af,7,5,302.00,-3.00,0.00,18105.67,40854.60
1550880340,8c:0d:76:64:69:31,ff:ff:ff:ff:ff:ff,31,8,193.00,-3.00,0.00,102402.10,104153.15
1550880343,8c:0d:76:64:69:31,ff:ff:ff:ff:ff:ff,30,8,193.00,-3.00,0.00,102392.62,104207.27
1550880346,8c:0d:76:64:69:31,ff:ff:ff:ff:ff:ff,26,8,193.00,-3.00,0.00,102397.28,104511.20
1550880349,8c:0d:76:64:69:31,90:70:65:2d:f5:af,4,5,302.00,-3.00,0.00,6052.00,8832.65
1550880349,8c:0d:76:64:69:31,ff:ff:ff:ff:ff:ff,26,8,193.00,-3.00,0.00,102409.92,104521.80
1550880352,8c:0d:76:64:69:31,ff:ff:ff:ff:ff:ff,31,8,193.00,-3.00,0.00,102374.43,104127.12
1550880355,8c:0d:76:64:69:31,ff:ff:ff:ff:ff:ff,25,8,193.00,-3.00,0.00,102403.21,104609.58
1550880358,8c:0d:76:64:69:31,ff:ff:ff:ff:ff:ff,30,8,193.00,-3.00,0.00,105925.83,109469.22
1550880358,8c:0d:76:64:69:31,90:70:65:2d:f5:af,5,5,302.00,-3.00,0.00,8768.25,14655.47
1550880361,8c:0d:76:64:69:31,ff:ff:ff:ff:ff:ff,30,8,193.00,-3.00,0.00,102340.45,104153.58
1550880364,8c:0d:76:64:69:31,ff:ff:ff:ff:ff:ff,26,8,193.00,-3.00,0.00,102398.52,104510.31
1550880367,8c:0d:76:64:69:31,ff:ff:ff:ff:ff:ff,28,8,193.00,-3.00,0.00,102403.78,104355.91
1550880367,8c:0d:76:64:69:31,90:70:65:2d:f5:af,3,5,302.00,-3.00,0.00,15068.50,26648.74
1550880370,8c:0d:76:64:69:31,ff:ff:ff:ff:ff:ff,30,8,193.00,-3.00,0.00,102402.45,104215.83
1550880373,8c:0d:76:64:69:31,ff:ff:ff:ff:ff:ff,31,8,193.00,-3.00,0.00,102403.33,104155.97
1550880376,8c:0d:76:64:69:31,ff:ff:ff:ff:ff:ff,29,8,193.00,-3.00,0.00,106062.29,109726.71
1550880379,8c:0d:76:64:69:31,ff:ff:ff:ff:ff:ff,31,8,193.00,-3.00,0.00,102403.83,104157.63
1550880379,8c:0d:76:64:69:31,90:70:65:2d:f5:af,8,5,302.00,-3.00,0.00,10241.00,19598.82
1550880382,8c:0d:76:64:69:31,ff:ff:ff:ff:ff:ff,30,8,193.00,-3.00,0.00,102409.28,104224.61
1550880385,8c:0d:76:64:69:31,ff:ff:ff:ff:ff:ff,21,8,193.00,-3.00,0.00,102409.50,105071.17
1550880388,8c:0d:76:64:69:31,ff:ff:ff:ff:ff:ff,30,8,193.00,-3.00,0.00,102396.79,104209.38
1550880388,8c:0d:76:64:69:31,90:70:65:2d:f5:af,7,5,302.00,-3.00,0.00,5654.33,8188.66
1550880391,8c:0d:76:64:69:31,ff:ff:ff:ff:ff:ff,30,8,193.00,-3.00,0.00,102400.10,104212.88
1550880394,8c:0d:76:64:69:31,ff:ff:ff:ff:ff:ff,31,8,193.00,-3.00,0.00,102399.47,104150.88
1550880397,8c:0d:76:64:69:31,ff:ff:ff:ff:ff:ff,30,8,193.00,-3.00,0.00,102397.52,104210.60
1550880400,8c:0d:76:64:69:31,ff:ff:ff:ff:ff:ff,31,8,193.00,-3.00,0.00,102396.97,104147.57
