timestamp,src,dest,src_port,dest_port,freq,avg_ttl,avg_sz,std_sz,avg_del,std_del
1549751933,0,0,0,0,0,0,0,0,0,0
1549751936,0,0,0,0,0,0,0,0,0,0
1549751939,0,0,0,0,0,0,0,0,0,0
1549751942,0,0,0,0,0,0,0,0,0,0
1549751945,192.168.1.8,34.249.225.142,55393,443,2,64.00,229.00,250.32,20103.00,0.00
1549751945,34.249.225.142,192.168.1.8,443,55393,1,235.00,99.00,0.00,0.00,0.00
1549751948,192.168.1.8,34.249.225.142,55393,443,4,64.00,228.25,203.52,414679.00,683160.69
1549751948,192.168.1.7,54.246.176.173,44837,8883,2,64.00,67.50,21.92,182198.00,0.00
1549751948,54.246.176.173,192.168.1.7,8883,44837,2,235.00,67.50,21.92,118584.00,0.00
1549751951,192.168.1.8,34.249.225.142,55393,443,2,64.00,228.50,249.61,19841.00,0.00
1549751951,52.94.219.213,192.168.1.13,443,56669,2,222.00,60.50,28.99,74347.00,0.00
1549751951,192.168.1.13,52.94.219.213,56669,443,2,64.00,60.50,28.99,659.00,0.00
1549751954,192.168.1.8,34.249.225.142,55393,443,2,64.00,228.50,249.61,20009.00,0.00
1549751954,34.249.225.142,192.168.1.8,443,55393,1,235.00,99.00,0.00,0.00,0.00
1549751957,104.198.46.246,192.168.1.5,56700,61636,2,53.00,82.50,60.10,539440.00,0.00
1549751957,192.168.1.8,34.249.225.142,55393,443,2,64.00,228.50,249.61,20057.00,0.00
1549751957,34.249.225.142,192.168.1.8,443,55393,1,235.00,99.00,0.00,0.00,0.00
1549751960,0,0,0,0,0,0,0,0,0,0
1549751963,192.168.1.8,34.249.225.142,55393,443,4,64.00,228.25,203.52,416305.33,683338.93
1549751963,34.249.225.142,192.168.1.8,443,55393,2,235.00,99.00,0.00,1225919.00,0.00
1549751966,192.168.1.5,104.198.46.246,61636,56700,1,64.00,125.00,0.00,0.00,0.00
1549751966,104.198.46.246,192.168.1.5,56700,61636,1,53.00,40.00,0.00,0.00,0.00
1549751969,0,0,0,0,0,0,0,0,0,0
1549751972,104.198.46.246,192.168.1.4,56700,62007,2,53.00,82.50,60.10,201966.00,0.00
1549751972,192.168.1.4,104.198.46.246,62007,56700,2,64.00,82.50,60.10,95614.00,0.00
1549751975,0,0,0,0,0,0,0,0,0,0
1549751978,192.168.1.7,54.246.176.173,44837,8883,2,64.00,67.50,21.92,21726.00,0.00
1549751978,54.246.176.173,192.168.1.7,8883,44837,2,235.00,67.50,21.92,3.00,0.00
1549751981,192.168.1.13,52.94.219.213,56669,443,2,64.00,60.50,28.99,62033.00,0.00
1549751981,52.94.219.213,192.168.1.13,443,56669,2,222.00,60.50,28.99,3.00,0.00
1549751984,0,0,0,0,0,0,0,0,0,0
1549751987,192.168.1.4,104.198.46.246,62007,56700,1,64.00,125.00,0.00,0.00,0.00
1549751987,104.198.46.246,192.168.1.4,56700,62007,1,53.00,40.00,0.00,0.00,0.00
1549751990,0,0,0,0,0,0,0,0,0,0
1549751993,0,0,0,0,0,0,0,0,0,0
1549751996,192.168.1.8,34.249.225.142,55393,443,2,64.00,76.50,34.65,19880.00,0.00
1549751996,34.249.225.142,192.168.1.8,443,55393,1,235.00,107.00,0.00,0.00,0.00
1549751999,192.168.1.8,34.249.225.142,55393,443,2,64.00,228.50,249.61,19925.00,0.00
1549751999,34.249.225.142,192.168.1.8,443,55393,1,235.00,99.00,0.00,0.00,0.00
1549752002,192.168.1.8,34.249.225.142,55393,443,2,64.00,228.00,248.90,20078.00,0.00
1549752002,104.198.46.246,192.168.1.5,56700,61636,2,53.00,82.50,60.10,730060.00,0.00
1549752002,192.168.1.5,104.198.46.246,61636,56700,2,64.00,90.50,71.42,622669.00,0.00
1549752005,0,0,0,0,0,0,0,0,0,0
1549752008,192.168.1.8,34.249.225.142,55393,443,2,64.00,228.00,248.90,20058.00,0.00
1549752008,192.168.1.7,54.246.176.173,44837,8883,2,64.00,67.50,21.92,21263.00,0.00
1549752008,54.246.176.173,192.168.1.7,8883,44837,1,235.00,83.00,0.00,0.00,0.00
1549752011,52.94.219.213,192.168.1.13,443,56669,2,222.00,60.50,28.99,74646.00,0.00
1549752011,192.168.1.254,192.168.1.1,45233,9002,5,64.00,85.80,71.19,17371.25,22296.82
1549752011,192.168.1.1,192.168.1.254,9002,45233,5,64.00,97.60,97.55,16705.75,21218.92
1549752014,192.168.1.8,34.249.225.142,55393,443,2,64.00,228.00,248.90,19951.00,0.00
1549752014,34.249.225.142,192.168.1.8,443,55393,1,235.00,99.00,0.00,0.00,0.00
1549752017,104.198.46.246,192.168.1.4,56700,62007,2,53.00,82.50,60.10,309604.00,0.00
1549752017,192.168.1.13,18.215.73.181,45746,443,2,64.00,68.50,23.33,83792.00,0.00
1549752017,18.215.73.181,192.168.1.13,443,45746,1,237.00,83.00,0.00,0.00,0.00
1549752020,192.168.1.14,216.58.212.170,52166,443,12,64.00,518.33,638.02,14016.27,13784.41
1549752020,192.168.1.8,34.249.225.142,55393,443,4,64.00,227.50,202.65,416642.33,686718.90
1549752020,34.249.225.142,192.168.1.8,443,55393,2,235.00,99.00,0.00,1230062.00,0.00
1549752023,192.168.1.8,34.249.225.142,55393,443,2,64.00,228.50,249.61,20538.00,0.00
1549752023,34.249.225.142,192.168.1.8,443,55393,1,235.00,99.00,0.00,0.00,0.00
1549752026,192.168.1.8,34.249.225.142,55393,443,4,64.00,228.00,203.23,823610.00,1389754.35
1549752026,172.217.23.14,192.168.1.14,443,53341,6,124.00,658.33,656.72,8817.40,10120.23
1549752026,104.198.46.246,192.168.1.5,56700,61636,1,53.00,40.00,0.00,0.00,0.00
1549752029,192.168.1.8,34.249.225.142,55393,443,2,64.00,229.00,250.32,20175.00,0.00
1549752029,34.192.21.210,192.168.1.14,443,43647,1,236.00,88.00,0.00,0.00,0.00
1549752029,192.168.1.14,34.192.21.210,43647,443,1,64.00,52.00,0.00,0.00,0.00
1549752032,0,0,0,0,0,0,0,0,0,0
1549752035,0,0,0,0,0,0,0,0,0,0
1549752038,192.168.1.7,54.246.176.173,44837,8883,2,64.00,67.50,21.92,21904.00,0.00
1549752038,192.168.1.8,34.249.225.142,55393,443,2,64.00,229.00,250.32,26678.00,0.00
1549752038,34.249.225.142,192.168.1.8,443,55393,1,235.00,99.00,0.00,0.00,0.00
1549752041,192.168.1.13,52.94.219.213,56669,443,2,64.00,60.50,28.99,75214.00,0.00
1549752041,52.94.219.213,192.168.1.13,443,56669,2,222.00,60.50,28.99,2.00,0.00
1549752044,0,0,0,0,0,0,0,0,0,0
1549752047,192.168.1.4,104.198.46.246,62007,56700,1,64.00,125.00,0.00,0.00,0.00
1549752047,104.198.46.246,192.168.1.5,56700,61636,2,53.00,82.50,60.10,516057.00,0.00
1549752047,192.168.1.5,104.198.46.246,61636,56700,2,64.00,90.50,71.42,407301.00,0.00
1549752050,0,0,0,0,0,0,0,0,0,0
1549752053,192.168.1.8,34.249.225.142,55393,443,2,64.00,227.50,248.19,20345.00,0.00
1549752053,34.249.225.142,192.168.1.8,443,55393,1,235.00,99.00,0.00,0.00,0.00
1549752056,192.168.1.8,34.249.225.142,55393,443,2,64.00,229.00,250.32,22299.00,0.00
1549752056,34.249.225.142,192.168.1.8,443,55393,1,235.00,99.00,0.00,0.00,0.00
1549752059,192.168.1.8,34.249.225.142,55393,443,2,64.00,231.50,253.85,23593.00,0.00
1549752059,34.249.225.142,192.168.1.8,443,55393,1,235.00,99.00,0.00,0.00,0.00
1549752059,192.168.1.14,216.58.214.14,37877,443,1,64.00,52.00,0.00,0.00,0.00
1549752062,104.198.46.246,192.168.1.4,56700,62007,2,53.00,82.50,60.10,201197.00,0.00
1549752062,192.168.1.1,192.168.1.254,41308,9002,6,64.00,80.50,65.97,13891.20,17848.27
1549752062,192.168.1.254,192.168.1.1,9002,41308,5,64.00,97.60,97.55,17288.25,20704.27
1549752065,0,0,0,0,0,0,0,0,0,0
1549752068,192.168.1.7,54.246.176.173,44837,8883,2,64.00,67.50,21.92,22754.00,0.00
1549752068,54.246.176.173,192.168.1.7,8883,44837,1,235.00,83.00,0.00,0.00,0.00
1549752071,192.168.1.8,34.249.225.142,55393,443,4,64.00,228.25,203.52,827904.67,1394559.47
1549752071,99.84.13.9,192.168.1.13,80,52149,4,245.00,172.25,235.20,13531.33,11326.28
1549752071,52.94.219.213,192.168.1.13,443,56669,2,222.00,60.50,28.99,76034.00,0.00
1549752074,0,0,0,0,0,0,0,0,0,0
1549752077,0,0,0,0,0,0,0,0,0,0
1549752080,0,0,0,0,0,0,0,0,0,0
1549752083,0,0,0,0,0,0,0,0,0,0
1549752086,192.168.1.5,104.198.46.246,61636,56700,1,64.00,125.00,0.00,0.00,0.00
1549752086,104.198.46.246,192.168.1.5,56700,61636,1,53.00,40.00,0.00,0.00,0.00
1549752089,0,0,0,0,0,0,0,0,0,0
1549752092,192.168.1.8,34.249.225.142,55393,443,2,64.00,228.50,249.61,20822.00,0.00
1549752092,104.198.46.246,192.168.1.5,56700,61636,1,53.00,125.00,0.00,0.00,0.00
1549752092,192.168.1.5,104.198.46.246,61636,56700,1,64.00,40.00,0.00,0.00,0.00
1549752095,192.168.1.8,34.249.225.142,55393,443,2,64.00,228.50,249.61,20112.00,0.00
1549752095,34.249.225.142,192.168.1.8,443,55393,1,235.00,99.00,0.00,0.00,0.00
1549752098,192.168.1.8,34.249.225.142,55393,443,2,64.00,228.50,249.61,20188.00,0.00
1549752098,192.168.1.7,54.246.176.173,44837,8883,2,64.00,67.50,21.92,21361.00,0.00
1549752098,54.246.176.173,192.168.1.7,8883,44837,1,235.00,83.00,0.00,0.00,0.00
1549752101,192.168.1.13,52.94.219.213,56669,443,2,64.00,60.50,28.99,85656.00,0.00
1549752101,52.94.219.213,192.168.1.13,443,56669,2,222.00,60.50,28.99,4.00,0.00
1549752104,0,0,0,0,0,0,0,0,0,0
1549752107,104.198.46.246,192.168.1.4,56700,62007,3,53.00,68.33,49.07,437372.00,194495.38
1549752107,192.168.1.4,104.198.46.246,62007,56700,3,64.00,102.00,54.29,384510.00,270738.46
1549752110,192.168.1.13,18.215.73.181,45746,443,2,64.00,68.50,23.33,95019.00,0.00
1549752110,18.215.73.181,192.168.1.13,443,45746,1,237.00,83.00,0.00,0.00,0.00
1549752113,0,0,0,0,0,0,0,0,0,0
1549752116,0,0,0,0,0,0,0,0,0,0
1549752119,0,0,0,0,0,0,0,0,0,0
1549752122,192.168.1.14,173.194.76.188,35578,5228,1,64.00,87.00,0.00,0.00,0.00
1549752122,173.194.76.188,192.168.1.14,5228,35578,1,124.00,85.00,0.00,0.00,0.00
1549752125,192.168.1.14,173.194.76.188,35578,5228,1,64.00,52.00,0.00,0.00,0.00
1549752125,192.168.1.8,34.249.225.142,55393,443,4,64.00,228.25,203.52,398467.67,655280.19
1549752125,34.249.225.142,192.168.1.8,443,55393,2,235.00,99.00,0.00,1175520.00,0.00
1549752128,192.168.1.14,52.119.164.214,50517,443,1,64.00,60.00,0.00,0.00,0.00
1549752128,192.168.1.7,54.246.176.173,44837,8883,2,64.00,67.50,21.92,22348.00,0.00
1549752128,54.246.176.173,192.168.1.7,8883,44837,1,235.00,83.00,0.00,0.00,0.00
1549752131,192.168.1.14,52.119.164.214,50517,443,16,64.00,103.75,171.85,47389.53,74486.88
1549752131,192.168.1.8,34.249.225.142,55393,443,2,64.00,228.00,248.90,21331.00,0.00
1549752131,34.249.225.142,192.168.1.8,443,55393,1,235.00,99.00,0.00,0.00,0.00
1549752134,192.168.1.8,34.249.225.142,55393,443,2,64.00,228.50,249.61,22340.00,0.00
1549752134,34.249.225.142,192.168.1.8,443,55393,1,235.00,99.00,0.00,0.00,0.00
1549752137,52.119.164.214,192.168.1.14,443,50517,1,223.00,71.00,0.00,0.00,0.00
1549752137,104.198.46.246,192.168.1.5,56700,61636,2,53.00,82.50,60.10,506512.00,0.00
1549752137,192.168.1.5,104.198.46.246,61636,56700,2,64.00,106.50,94.05,401316.00,0.00
1549752140,52.119.164.214,192.168.1.14,443,50517,1,223.00,40.00,0.00,0.00,0.00
1549752140,192.168.1.14,52.119.164.214,50517,443,1,64.00,40.00,0.00,0.00,0.00
1549752143,0,0,0,0,0,0,0,0,0,0
1549752146,192.168.1.5,104.198.46.246,61636,56700,1,64.00,125.00,0.00,0.00,0.00
1549752146,104.198.46.246,192.168.1.5,56700,61636,1,53.00,40.00,0.00,0.00,0.00
1549752149,0,0,0,0,0,0,0,0,0,0
1549752152,104.198.46.246,192.168.1.4,56700,62007,2,53.00,82.50,60.10,202983.00,0.00
1549752152,192.168.1.8,34.249.225.142,55393,443,2,64.00,228.00,248.90,20079.00,0.00
1549752152,34.249.225.142,192.168.1.8,443,55393,1,235.00,99.00,0.00,0.00,0.00
1549752155,0,0,0,0,0,0,0,0,0,0
1549752158,192.168.1.7,54.246.176.173,44837,8883,2,64.00,67.50,21.92,22215.00,0.00
1549752158,54.246.176.173,192.168.1.7,8883,44837,1,235.00,83.00,0.00,0.00,0.00
1549752161,192.168.1.7,34.220.111.152,60384,443,13,64.00,414.85,618.13,193498.42,494610.38
1549752161,192.168.1.254,192.168.1.1,37721,9002,5,64.00,85.80,71.19,16891.75,17749.70
1549752161,192.168.1.1,192.168.1.254,9002,37721,5,64.00,97.60,97.55,16828.25,16546.37
1549752164,0,0,0,0,0,0,0,0,0,0
1549752167,192.168.1.4,104.198.46.246,62007,56700,1,64.00,125.00,0.00,0.00,0.00
1549752167,104.198.46.246,192.168.1.4,56700,62007,1,53.00,40.00,0.00,0.00,0.00
1549752170,0,0,0,0,0,0,0,0,0,0
1549752173,0,0,0,0,0,0,0,0,0,0
1549752176,0,0,0,0,0,0,0,0,0,0
1549752179,0,0,0,0,0,0,0,0,0,0
1549752182,192.168.1.8,34.249.225.142,55393,443,4,64.00,152.50,169.91,99365.33,136486.23
1549752182,104.198.46.246,192.168.1.5,56700,61636,2,53.00,82.50,60.10,505894.00,0.00
1549752182,192.168.1.5,104.198.46.246,61636,56700,2,64.00,82.50,60.10,401057.00,0.00
1549752185,192.168.1.8,34.249.225.142,55393,443,2,64.00,228.00,248.90,20119.00,0.00
1549752185,34.249.225.142,192.168.1.8,443,55393,1,235.00,99.00,0.00,0.00,0.00
1549752188,192.168.1.7,54.246.176.173,44837,8883,2,64.00,67.50,21.92,24026.00,0.00
1549752188,54.246.176.173,192.168.1.7,8883,44837,1,235.00,83.00,0.00,0.00,0.00
1549752191,52.94.219.213,192.168.1.13,443,56669,2,222.00,60.50,28.99,74652.00,0.00
1549752191,192.168.1.13,52.94.219.213,56669,443,2,64.00,60.50,28.99,492.00,0.00
1549752194,192.168.1.8,34.249.225.142,55393,443,2,64.00,229.00,250.32,20525.00,0.00
1549752194,34.249.225.142,192.168.1.8,443,55393,1,235.00,99.00,0.00,0.00,0.00
1549752197,52.119.164.214,192.168.1.14,443,50517,1,233.00,40.00,0.00,0.00,0.00
1549752197,104.198.46.246,192.168.1.4,56700,62007,2,53.00,82.50,60.10,297547.00,0.00
1549752197,192.168.1.4,104.198.46.246,62007,56700,2,64.00,82.50,60.10,191902.00,0.00
1549752200,192.168.1.13,18.215.73.181,45746,443,2,64.00,68.50,23.33,92544.00,0.00
1549752200,18.215.73.181,192.168.1.13,443,45746,1,237.00,83.00,0.00,0.00,0.00
1549752203,192.168.1.8,34.249.225.142,55393,443,2,64.00,228.00,248.90,20050.00,0.00
1549752203,34.249.225.142,192.168.1.8,443,55393,1,235.00,99.00,0.00,0.00,0.00
1549752206,192.168.1.5,104.198.46.246,61636,56700,1,64.00,125.00,0.00,0.00,0.00
1549752206,104.198.46.246,192.168.1.5,56700,61636,1,53.00,40.00,0.00,0.00,0.00
1549752209,34.192.21.210,192.168.1.14,443,43647,1,236.00,88.00,0.00,0.00,0.00
1549752209,192.168.1.14,34.192.21.210,43647,443,1,64.00,52.00,0.00,0.00,0.00
1549752212,192.168.1.8,34.249.225.142,55393,443,2,64.00,228.50,249.61,20893.00,0.00
1549752212,34.249.225.142,192.168.1.8,443,55393,1,235.00,99.00,0.00,0.00,0.00
1549752215,192.168.1.1,192.168.1.254,41310,9002,6,64.00,80.50,65.97,13903.00,17639.84
1549752215,192.168.1.254,192.168.1.1,9002,41310,5,64.00,97.60,97.55,17298.25,20717.20
1549752218,192.168.1.7,54.246.176.173,44837,8883,2,64.00,67.50,21.92,25865.00,0.00
1549752218,54.246.176.173,192.168.1.7,8883,44837,1,235.00,83.00,0.00,0.00,0.00
1549752221,192.168.1.13,52.94.219.213,56669,443,2,64.00,60.50,28.99,65228.00,0.00
1549752221,52.94.219.213,192.168.1.13,443,56669,2,222.00,60.50,28.99,4.00,0.00
1549752224,104.198.46.246,192.168.1.5,56700,61636,3,53.00,96.67,49.07,258525.00,346181.10
1549752224,192.168.1.8,34.249.225.142,55393,443,2,64.00,228.00,248.90,20105.00,0.00
1549752224,34.249.225.142,192.168.1.8,443,55393,1,235.00,99.00,0.00,0.00,0.00
1549752227,192.168.1.4,104.198.46.246,62007,56700,1,64.00,125.00,0.00,0.00,0.00
1549752227,104.198.46.246,192.168.1.5,56700,61636,2,53.00,82.50,60.10,506852.00,0.00
1549752227,192.168.1.5,104.198.46.246,61636,56700,2,64.00,90.50,71.42,401352.00,0.00
1549752230,0,0,0,0,0,0,0,0,0,0
1549752233,0,0,0,0,0,0,0,0,0,0
1549752236,192.168.1.8,34.249.225.142,55393,443,2,64.00,228.50,249.61,19900.00,0.00
1549752236,34.249.225.142,192.168.1.8,443,55393,1,235.00,99.00,0.00,0.00,0.00
1549752236,18.202.72.39,192.168.1.8,443,55385,11,235.00,231.27,422.97,18409.80,15659.00
1549752239,0,0,0,0,0,0,0,0,0,0
1549752242,104.198.46.246,192.168.1.4,56700,62007,2,53.00,114.50,105.36,298141.00,0.00
1549752242,192.168.1.4,104.198.46.246,62007,56700,2,64.00,114.50,105.36,192561.00,0.00
1549752245,0,0,0,0,0,0,0,0,0,0
1549752248,192.168.1.7,54.246.176.173,44837,8883,2,64.00,67.50,21.92,21499.00,0.00
1549752248,54.246.176.173,192.168.1.7,8883,44837,1,235.00,83.00,0.00,0.00,0.00
1549752251,52.94.219.213,192.168.1.13,443,56669,2,222.00,60.50,28.99,74403.00,0.00
1549752251,192.168.1.13,52.94.219.213,56669,443,2,64.00,60.50,28.99,485.00,0.00
1549752254,0,0,0,0,0,0,0,0,0,0
1549752257,0,0,0,0,0,0,0,0,0,0
1549752260,216.58.212.170,192.168.1.14,443,52166,1,124.00,52.00,0.00,0.00,0.00
1549752260,192.168.1.14,172.217.17.67,58394,443,1,64.00,52.00,0.00,0.00,0.00
1549752260,172.217.17.67,192.168.1.14,443,58394,1,124.00,52.00,0.00,0.00,0.00
1549752263,0,0,0,0,0,0,0,0,0,0
1549752266,192.168.1.14,52.214.65.217,49101,5223,2,64.00,78.50,37.48,24440.00,0.00
1549752266,192.168.1.5,104.198.46.246,61636,56700,1,64.00,125.00,0.00,0.00,0.00
1549752266,104.198.46.246,192.168.1.5,56700,61636,1,53.00,40.00,0.00,0.00,0.00
1549752269,0,0,0,0,0,0,0,0,0,0
1549752272,104.198.46.246,192.168.1.5,56700,61636,2,53.00,82.50,60.10,506127.00,0.00
1549752272,192.168.1.5,104.198.46.246,61636,56700,2,64.00,90.50,71.42,401228.00,0.00
1549752275,0,0,0,0,0,0,0,0,0,0
1549752278,192.168.1.7,54.246.176.173,44837,8883,2,64.00,67.50,21.92,21956.00,0.00
1549752278,54.246.176.173,192.168.1.7,8883,44837,1,235.00,83.00,0.00,0.00,0.00
1549752281,192.168.1.13,52.94.219.213,56669,443,2,64.00,60.50,28.99,63024.00,0.00
1549752281,52.94.219.213,192.168.1.13,443,56669,2,222.00,60.50,28.99,3.00,0.00
1549752284,0,0,0,0,0,0,0,0,0,0
1549752287,104.198.46.246,192.168.1.4,56700,62007,3,53.00,68.33,49.07,389046.50,263735.98
1549752287,192.168.1.4,104.198.46.246,62007,56700,3,64.00,118.00,74.75,336106.50,338956.59
1549752290,192.168.1.13,18.215.73.181,45746,443,2,64.00,68.50,23.33,92384.00,0.00
1549752290,18.215.73.181,192.168.1.13,443,45746,1,237.00,83.00,0.00,0.00,0.00
1549752293,0,0,0,0,0,0,0,0,0,0
1549752296,192.168.1.8,34.249.225.142,55393,443,2,64.00,76.50,34.65,19819.00,0.00
1549752296,34.249.225.142,192.168.1.8,443,55393,1,235.00,107.00,0.00,0.00,0.00
1549752299,0,0,0,0,0,0,0,0,0,0
1549752302,0,0,0,0,0,0,0,0,0,0
1549752305,0,0,0,0,0,0,0,0,0,0
1549752308,192.168.1.7,54.246.176.173,44837,8883,2,64.00,67.50,21.92,21095.00,0.00
1549752308,54.246.176.173,192.168.1.7,8883,44837,1,235.00,83.00,0.00,0.00,0.00
1549752311,52.94.219.213,192.168.1.13,443,56669,2,222.00,60.50,28.99,74613.00,0.00
1549752311,192.168.1.13,52.94.219.213,56669,443,2,64.00,60.50,28.99,531.00,0.00
1549752314,192.168.1.254,192.168.1.1,37723,9002,5,64.00,85.80,71.19,17157.25,18451.15
1549752314,192.168.1.8,34.249.225.142,55393,443,4,64.00,228.25,203.52,399985.33,658056.93
1549752314,34.249.225.142,192.168.1.8,443,55393,2,235.00,99.00,0.00,1179589.00,0.00
1549752317,104.198.46.246,192.168.1.5,56700,61636,2,53.00,82.50,60.10,507142.00,0.00
1549752317,192.168.1.5,104.198.46.246,61636,56700,2,64.00,82.50,60.10,399501.00,0.00
1549752320,192.168.1.14,172.217.17.67,58394,443,2,64.00,67.50,21.92,187.00,0.00
1549752320,172.217.17.67,192.168.1.14,443,58394,1,122.00,40.00,0.00,0.00,0.00
1549752323,0,0,0,0,0,0,0,0,0,0
1549752326,0,0,0,0,0,0,0,0,0,0
1549752329,192.168.1.5,104.198.46.246,61636,56700,1,64.00,125.00,0.00,0.00,0.00
1549752329,104.198.46.246,192.168.1.5,56700,61636,1,53.00,40.00,0.00,0.00,0.00
1549752332,104.198.46.246,192.168.1.4,56700,62007,2,53.00,82.50,60.10,299629.00,0.00
1549752332,192.168.1.4,104.198.46.246,62007,56700,2,64.00,114.50,105.36,188740.00,0.00
1549752335,0,0,0,0,0,0,0,0,0,0
1549752338,192.168.1.7,54.246.176.173,44837,8883,2,64.00,67.50,21.92,24361.00,0.00
1549752338,54.246.176.173,192.168.1.7,8883,44837,1,235.00,83.00,0.00,0.00,0.00
1549752341,192.168.1.13,52.94.219.213,56669,443,2,64.00,60.50,28.99,64438.00,0.00
1549752341,52.94.219.213,192.168.1.13,443,56669,2,222.00,60.50,28.99,3.00,0.00
1549752344,192.168.1.8,34.249.225.142,55393,443,2,64.00,76.50,34.65,19654.00,0.00
1549752344,34.249.225.142,192.168.1.8,443,55393,1,235.00,107.00,0.00,0.00,0.00
1549752347,192.168.1.4,104.198.46.246,62007,56700,1,64.00,125.00,0.00,0.00,0.00
1549752347,104.198.46.246,192.168.1.4,56700,62007,1,53.00,40.00,0.00,0.00,0.00
1549752350,0,0,0,0,0,0,0,0,0,0
1549752353,192.168.1.13,52.94.229.76,57307,443,17,64.00,206.53,365.70,41674.88,50705.75
1549752353,52.94.229.76,192.168.1.13,443,57307,14,222.71,376.57,557.16,41679.31,50752.39
1549752356,0,0,0,0,0,0,0,0,0,0
1549752359,52.94.229.76,192.168.1.13,443,57307,1,222.00,77.00,0.00,0.00,0.00
1549752359,192.168.1.8,34.249.225.142,55393,443,4,64.00,229.75,205.27,89377.67,119843.64
1549752359,34.249.225.142,192.168.1.8,443,55393,2,235.00,99.00,0.00,247636.00,0.00
1549752362,192.168.1.8,34.249.225.142,55393,443,4,64.00,228.50,203.81,824805.33,1393434.63
1549752362,104.198.46.246,192.168.1.5,56700,61636,2,53.00,114.50,105.36,307153.00,0.00
1549752362,192.168.1.5,104.198.46.246,61636,56700,2,64.00,114.50,105.36,202383.00,0.00
1549752365,192.168.1.1,192.168.1.254,37777,9002,6,64.00,80.50,65.97,13860.80,17151.29
1549752365,192.168.1.254,192.168.1.1,9002,37777,5,64.00,97.60,97.55,17206.50,19762.65
1549752368,192.168.1.7,54.246.176.173,44837,8883,2,64.00,67.50,21.92,21732.00,0.00
1549752368,54.246.176.173,192.168.1.7,8883,44837,1,235.00,83.00,0.00,0.00,0.00
1549752371,192.168.1.13,143.204.98.6,40919,80,6,64.00,67.33,33.79,21074.80,18526.15
1549752371,34.249.225.142,192.168.1.8,443,55393,2,235.00,99.00,0.00,1229495.00,0.00
1549752371,52.94.219.213,192.168.1.13,443,56669,2,222.00,60.50,28.99,74034.00,0.00
1549752374,0,0,0,0,0,0,0,0,0,0
1549752377,104.198.46.246,192.168.1.4,56700,62007,2,53.00,82.50,60.10,203457.00,0.00
1549752377,192.168.1.8,34.249.225.142,55393,443,2,64.00,228.50,249.61,20944.00,0.00
1549752377,34.249.225.142,192.168.1.8,443,55393,1,235.00,99.00,0.00,0.00,0.00
1549752380,0,0,0,0,0,0,0,0,0,0
1549752383,192.168.1.8,34.249.225.142,55393,443,2,64.00,228.50,249.61,21097.00,0.00
1549752383,192.168.1.13,18.215.73.181,45746,443,2,64.00,68.50,23.33,92065.00,0.00
1549752383,18.215.73.181,192.168.1.13,443,45746,1,237.00,83.00,0.00,0.00,0.00
1549752386,0,0,0,0,0,0,0,0,0,0
1549752389,192.168.1.5,104.198.46.246,61636,56700,1,64.00,125.00,0.00,0.00,0.00
1549752389,34.192.21.210,192.168.1.14,443,43647,1,236.00,88.00,0.00,0.00,0.00
1549752389,192.168.1.14,34.192.21.210,43647,443,1,64.00,52.00,0.00,0.00,0.00
1549752392,0,0,0,0,0,0,0,0,0,0
1549752395,0,0,0,0,0,0,0,0,0,0
1549752398,192.168.1.7,54.246.176.173,44837,8883,2,64.00,67.50,21.92,22912.00,0.00
1549752398,54.246.176.173,192.168.1.7,8883,44837,1,235.00,83.00,0.00,0.00,0.00
1549752401,192.168.1.13,52.94.219.213,56669,443,2,64.00,60.50,28.99,70626.00,0.00
1549752401,52.94.219.213,192.168.1.13,443,56669,2,222.00,60.50,28.99,2.00,0.00
1549752404,52.94.229.76,192.168.1.13,443,57307,1,232.00,40.00,0.00,0.00,0.00
1549752407,192.168.1.8,34.249.225.142,55393,443,2,64.00,228.50,249.61,20144.00,0.00
1549752407,104.198.46.246,192.168.1.5,56700,61636,2,53.00,82.50,60.10,506511.00,0.00
1549752407,192.168.1.5,104.198.46.246,61636,56700,2,64.00,114.50,105.36,401390.00,0.00
1549752410,0,0,0,0,0,0,0,0,0,0
1549752413,0,0,0,0,0,0,0,0,0,0
1549752416,192.168.1.8,34.249.225.142,55393,443,2,64.00,228.50,249.61,20573.00,0.00
1549752416,34.249.225.142,192.168.1.8,443,55393,1,235.00,99.00,0.00,0.00,0.00
1549752419,0,0,0,0,0,0,0,0,0,0
1549752422,104.198.46.246,192.168.1.4,56700,62007,2,53.00,82.50,60.10,298241.00,0.00
1549752422,192.168.1.4,104.198.46.246,62007,56700,2,64.00,90.50,71.42,192060.00,0.00
1549752425,192.168.1.8,34.249.225.142,55393,443,2,64.00,228.00,248.90,20630.00,0.00
1549752425,34.249.225.142,192.168.1.8,443,55393,1,235.00,99.00,0.00,0.00,0.00
1549752428,192.168.1.7,54.246.176.173,44837,8883,2,64.00,67.50,21.92,21472.00,0.00
1549752428,192.168.1.8,34.249.225.142,55393,443,4,64.00,230.00,205.55,27406.33,21519.52
1549752428,34.249.225.142,192.168.1.8,443,55393,2,235.00,99.00,0.00,30731.00,0.00
1549752431,52.94.219.213,192.168.1.13,443,56669,2,222.00,60.50,28.99,74342.00,0.00
1549752431,192.168.1.13,52.94.219.213,56669,443,2,64.00,60.50,28.99,145.00,0.00
1549752434,0,0,0,0,0,0,0,0,0,0
1549752437,0,0,0,0,0,0,0,0,0,0
1549752440,0,0,0,0,0,0,0,0,0,0
1549752443,0,0,0,0,0,0,0,0,0,0
1549752446,0,0,0,0,0,0,0,0,0,0
1549752449,192.168.1.5,104.198.46.246,61636,56700,2,64.00,125.00,0.00,1124172.00,0.00
1549752449,104.198.46.246,192.168.1.5,56700,61636,1,53.00,40.00,0.00,0.00,0.00
1549752452,192.168.1.8,34.249.225.142,55393,443,2,64.00,228.50,249.61,19975.00,0.00
1549752452,104.198.46.246,192.168.1.5,56700,61636,2,53.00,82.50,60.10,508665.00,0.00
1549752452,192.168.1.5,104.198.46.246,61636,56700,2,64.00,114.50,105.36,401364.00,0.00
1549752455,0,0,0,0,0,0,0,0,0,0
1549752458,192.168.1.7,54.246.176.173,44837,8883,2,64.00,67.50,21.92,22400.00,0.00
1549752458,54.246.176.173,192.168.1.7,8883,44837,1,235.00,83.00,0.00,0.00,0.00
1549752461,192.168.1.13,52.94.219.213,56669,443,2,64.00,60.50,28.99,60926.00,0.00
1549752461,52.94.219.213,192.168.1.13,443,56669,2,222.00,60.50,28.99,1.00,0.00
1549752464,192.168.1.254,192.168.1.1,50597,9002,6,64.00,80.17,65.15,13596.20,17243.41
1549752464,192.168.1.1,192.168.1.254,9002,50597,5,64.00,97.60,97.55,16913.50,20124.07
1549752467,104.198.46.246,192.168.1.4,56700,62007,3,53.00,68.33,49.07,388509.50,263911.34
1549752467,192.168.1.4,104.198.46.246,62007,56700,3,64.00,102.00,54.29,335706.50,337955.32
1549752470,0,0,0,0,0,0,0,0,0,0
1549752473,192.168.1.13,18.215.73.181,45746,443,2,64.00,68.50,23.33,92397.00,0.00
1549752473,18.215.73.181,192.168.1.13,443,45746,1,237.00,83.00,0.00,0.00,0.00
1549752476,0,0,0,0,0,0,0,0,0,0
1549752479,0,0,0,0,0,0,0,0,0,0
1549752482,0,0,0,0,0,0,0,0,0,0
1549752485,192.168.1.8,34.249.225.142,55393,443,2,64.00,76.50,34.65,20195.00,0.00
1549752485,34.249.225.142,192.168.1.8,443,55393,1,235.00,107.00,0.00,0.00,0.00
1549752488,192.168.1.7,54.246.176.173,44837,8883,2,64.00,67.50,21.92,25218.00,0.00
1549752488,54.246.176.173,192.168.1.7,8883,44837,1,235.00,83.00,0.00,0.00,0.00
1549752491,52.94.219.213,192.168.1.13,443,56669,2,222.00,60.50,28.99,75081.00,0.00
1549752491,192.168.1.8,34.249.225.142,55393,443,1,64.00,545.00,0.00,0.00,0.00
1549752491,34.249.225.142,192.168.1.8,443,55393,1,235.00,52.00,0.00,0.00,0.00
1549752494,0,0,0,0,0,0,0,0,0,0
1549752497,192.168.1.8,34.249.225.142,55393,443,4,64.00,228.50,203.80,397725.00,654057.90
1549752497,104.198.46.246,192.168.1.5,56700,61636,2,53.00,82.50,60.10,513422.00,0.00
1549752497,192.168.1.5,104.198.46.246,61636,56700,2,64.00,114.50,105.36,400912.00,0.00
1549752500,0,0,0,0,0,0,0,0,0,0
1549752503,0,0,0,0,0,0,0,0,0,0
1549752506,0,0,0,0,0,0,0,0,0,0
1549752509,192.168.1.5,104.198.46.246,61636,56700,1,64.00,125.00,0.00,0.00,0.00
1549752509,104.198.46.246,192.168.1.5,56700,61636,1,53.00,40.00,0.00,0.00,0.00
1549752512,104.198.46.246,192.168.1.4,56700,62007,2,53.00,82.50,60.10,299062.00,0.00
1549752512,192.168.1.4,104.198.46.246,62007,56700,2,64.00,90.50,71.42,193879.00,0.00
1549752515,192.168.1.1,192.168.1.254,37779,9002,5,64.00,86.20,72.08,17126.75,19329.16
1549752515,192.168.1.254,192.168.1.1,9002,37779,5,64.00,97.60,97.55,17061.25,20288.53
1549752518,192.168.1.7,54.246.176.173,44837,8883,2,64.00,67.50,21.92,23495.00,0.00
1549752518,54.246.176.173,192.168.1.7,8883,44837,1,235.00,83.00,0.00,0.00,0.00
1549752521,192.168.1.13,52.94.219.213,56669,443,2,64.00,60.50,28.99,64556.00,0.00
1549752521,52.94.219.213,192.168.1.13,443,56669,2,222.00,60.50,28.99,2.00,0.00
1549752524,104.198.46.246,192.168.1.5,56700,61636,4,53.00,82.50,49.07,407000.33,360260.86
1549752524,192.168.1.5,104.198.46.246,61636,56700,4,64.00,106.50,76.79,372175.00,261595.11
1549752524,192.168.1.4,104.198.46.246,62007,56700,2,64.00,106.50,94.05,96981.00,0.00
1549752527,192.168.1.4,104.198.46.246,62007,56700,1,64.00,125.00,0.00,0.00,0.00
1549752527,104.198.46.246,192.168.1.4,56700,62007,1,53.00,40.00,0.00,0.00,0.00
1549752530,192.168.1.8,34.249.225.142,55393,443,2,64.00,76.50,34.65,20420.00,0.00
1549752530,34.249.225.142,192.168.1.8,443,55393,1,235.00,107.00,0.00,0.00,0.00
1549752533,0,0,0,0,0,0,0,0,0,0
1549752536,0,0,0,0,0,0,0,0,0,0
1549752539,0,0,0,0,0,0,0,0,0,0
1549752542,104.198.46.246,192.168.1.5,56700,61636,2,53.00,82.50,60.10,505515.00,0.00
1549752542,192.168.1.5,104.198.46.246,61636,56700,2,64.00,90.50,71.42,401132.00,0.00
1549752545,192.168.1.8,34.249.225.142,55393,443,2,64.00,228.50,249.61,20154.00,0.00
1549752545,34.249.225.142,192.168.1.8,443,55393,1,235.00,99.00,0.00,0.00,0.00
1549752548,192.168.1.7,54.246.176.173,44837,8883,2,64.00,67.50,21.92,21856.00,0.00
1549752548,54.246.176.173,192.168.1.7,8883,44837,1,235.00,83.00,0.00,0.00,0.00
1549752551,52.94.219.213,192.168.1.13,443,56669,2,222.00,60.50,28.99,74658.00,0.00
1549752551,192.168.1.13,52.94.219.213,56669,443,2,64.00,60.50,28.99,737.00,0.00
1549752554,0,0,0,0,0,0,0,0,0,0
1549752557,104.198.46.246,192.168.1.4,56700,62007,2,53.00,82.50,60.10,204189.00,0.00
1549752557,192.168.1.4,104.198.46.246,62007,56700,2,64.00,82.50,60.10,98475.00,0.00
1549752560,192.168.1.8,34.249.225.142,55393,443,6,64.00,130.83,96.34,34234.20,28684.02
1549752560,34.249.225.142,192.168.1.8,443,55393,6,235.00,75.00,38.25,24835.40,22615.78
1549752563,192.168.1.13,18.215.73.181,45746,443,2,64.00,68.50,23.33,93557.00,0.00
1549752563,18.215.73.181,192.168.1.13,443,45746,1,237.00,83.00,0.00,0.00,0.00
1549752566,192.168.1.8,34.249.225.142,55393,443,2,64.00,228.50,249.61,53724.00,0.00
1549752566,34.249.225.142,192.168.1.8,443,55393,2,235.00,75.50,33.23,2.00,0.00
1549752569,34.192.21.210,192.168.1.14,443,43647,1,236.00,88.00,0.00,0.00,0.00
1549752569,34.249.225.142,192.168.1.8,443,55393,1,235.00,99.00,0.00,0.00,0.00
1549752569,104.198.46.246,192.168.1.5,56700,61636,1,53.00,40.00,0.00,0.00,0.00
1549752572,192.168.1.8,18.202.72.39,55387,443,7,64.00,135.86,109.33,18810.50,6723.22
1549752572,18.202.72.39,192.168.1.8,443,55387,7,235.00,313.29,525.46,18122.67,16548.16
1549752575,0,0,0,0,0,0,0,0,0,0
1549752578,192.168.1.7,54.246.176.173,44837,8883,2,64.00,67.50,21.92,25886.00,0.00
1549752578,54.246.176.173,192.168.1.7,8883,44837,1,235.00,83.00,0.00,0.00,0.00
1549752581,192.168.1.13,52.94.219.213,56669,443,2,64.00,60.50,28.99,62259.00,0.00
1549752581,52.94.219.213,192.168.1.13,443,56669,2,222.00,60.50,28.99,2.00,0.00
1549752584,192.168.1.8,34.249.225.142,55393,443,2,64.00,91.50,55.86,23253.00,0.00
1549752584,34.249.225.142,192.168.1.8,443,55393,1,235.00,99.00,0.00,0.00,0.00
1549752587,192.168.1.4,104.198.46.246,62007,56700,1,64.00,125.00,0.00,0.00,0.00
1549752587,104.198.46.246,192.168.1.5,56700,61636,2,53.00,82.50,60.10,510459.00,0.00
1549752587,192.168.1.5,104.198.46.246,61636,56700,2,64.00,90.50,71.42,401384.00,0.00
1549752590,0,0,0,0,0,0,0,0,0,0
1549752593,0,0,0,0,0,0,0,0,0,0
1549752596,0,0,0,0,0,0,0,0,0,0
1549752599,0,0,0,0,0,0,0,0,0,0
1549752602,104.198.46.246,192.168.1.4,56700,62007,2,53.00,82.50,60.10,298308.00,0.00
1549752602,192.168.1.4,104.198.46.246,62007,56700,2,64.00,106.50,94.05,192967.00,0.00
1549752605,0,0,0,0,0,0,0,0,0,0
1549752608,192.168.1.7,54.246.176.173,44837,8883,2,64.00,67.50,21.92,21920.00,0.00
1549752608,54.246.176.173,192.168.1.7,8883,44837,1,235.00,83.00,0.00,0.00,0.00
1549752611,52.94.219.213,192.168.1.13,443,56669,2,222.00,60.50,28.99,71555.00,0.00
1549752611,192.168.1.13,52.94.219.213,56669,443,2,64.00,60.50,28.99,667.00,0.00
1549752614,192.168.1.254,192.168.1.1,50599,9002,5,64.00,85.80,71.19,16894.00,18416.89
1549752614,192.168.1.1,192.168.1.254,9002,50599,5,64.00,97.60,97.55,16708.50,18938.05
1549752617,192.168.1.8,34.249.225.142,55393,443,2,64.00,76.50,34.65,20291.00,0.00
1549752617,34.249.225.142,192.168.1.8,443,55393,1,235.00,107.00,0.00,0.00,0.00
1549752620,192.168.1.14,54.221.229.42,57429,443,12,64.00,147.08,236.42,44350.45,49979.50
1549752620,54.221.229.42,192.168.1.14,443,57429,9,237.00,851.44,673.62,45206.38,64202.06
1549752623,192.168.1.8,34.249.225.142,55393,443,4,64.00,228.00,203.23,401125.67,658732.16
1549752623,34.249.225.142,192.168.1.8,443,55393,2,235.00,99.00,0.00,1182410.00,0.00
1549752626,0,0,0,0,0,0,0,0,0,0
1549752629,192.168.1.5,104.198.46.246,61636,56700,1,64.00,125.00,0.00,0.00,0.00
1549752632,104.198.46.246,192.168.1.5,56700,61636,3,53.00,68.33,49.07,1370609.00,1218615.10
1549752632,192.168.1.5,104.198.46.246,61636,56700,2,64.00,90.50,71.42,404154.00,0.00
1549752635,0,0,0,0,0,0,0,0,0,0
1549752638,192.168.1.7,54.246.176.173,44837,8883,2,64.00,67.50,21.92,23962.00,0.00
1549752638,192.168.1.14,52.46.132.23,36987,443,18,64.00,396.22,601.34,23772.59,39779.33
1549752638,52.46.132.23,192.168.1.14,443,36987,16,223.25,342.12,528.36,20434.60,38249.41
1549752641,192.168.1.13,52.94.219.213,56669,443,2,64.00,60.50,28.99,61023.00,0.00
1549752641,52.94.219.213,192.168.1.13,443,56669,2,222.00,60.50,28.99,1.00,0.00
1549752644,52.46.132.23,192.168.1.14,443,36987,1,222.00,93.00,0.00,0.00,0.00
1549752644,192.168.1.14,52.46.132.23,36987,443,1,64.00,40.00,0.00,0.00,0.00
1549752647,104.198.46.246,192.168.1.4,56700,62007,3,53.00,68.33,49.07,390126.50,264349.75
1549752647,192.168.1.8,34.249.225.142,55393,443,2,64.00,228.50,249.61,19966.00,0.00
1549752647,34.249.225.142,192.168.1.8,443,55393,1,235.00,99.00,0.00,0.00,0.00
1549752650,216.58.206.42,192.168.1.14,443,51872,5,124.00,463.40,614.98,35500.25,53528.36
1549752650,192.168.1.8,34.249.225.142,55393,443,2,64.00,228.50,249.61,20092.00,0.00
1549752650,34.249.225.142,192.168.1.8,443,55393,1,235.00,99.00,0.00,0.00,0.00
1549752653,192.168.1.8,34.249.225.142,55393,443,2,64.00,228.50,249.61,23580.00,0.00
1549752653,34.249.225.142,192.168.1.8,443,55393,1,235.00,99.00,0.00,0.00,0.00
1549752656,192.168.1.13,18.215.73.181,45746,443,2,64.00,68.50,23.33,83923.00,0.00
1549752656,192.168.1.8,34.249.225.142,55393,443,2,64.00,228.50,249.61,19886.00,0.00
1549752656,34.249.225.142,192.168.1.8,443,55393,1,235.00,99.00,0.00,0.00,0.00
1549752659,192.168.1.8,34.249.225.142,55393,443,4,64.00,230.00,205.55,325033.33,528302.92
1549752659,34.249.225.142,192.168.1.8,443,55393,2,235.00,99.00,0.00,955275.00,0.00
1549752662,0,0,0,0,0,0,0,0,0,0
1549752665,192.168.1.1,192.168.1.254,40654,9002,5,64.00,86.20,72.08,17129.50,19360.22
1549752665,192.168.1.254,192.168.1.1,9002,40654,5,64.00,97.60,97.55,17062.50,20318.77
1549752668,192.168.1.7,54.246.176.173,44837,8883,2,64.00,67.50,21.92,23911.00,0.00
1549752668,192.168.1.13,99.84.13.196,40403,80,3,64.00,82.67,46.36,11813.00,15682.21
1549752668,99.84.13.196,192.168.1.13,80,40403,2,245.00,56.00,5.66,21887.00,0.00
1549752671,52.94.219.213,192.168.1.13,443,56669,2,222.00,60.50,28.99,74597.00,0.00
1549752671,192.168.1.13,52.94.219.213,56669,443,2,64.00,60.50,28.99,1605.00,0.00
1549752674,0,0,0,0,0,0,0,0,0,0
1549752677,104.198.46.246,192.168.1.5,56700,61636,1,53.00,125.00,0.00,0.00,0.00
1549752677,192.168.1.5,104.198.46.246,61636,56700,1,64.00,40.00,0.00,0.00,0.00
1549752680,0,0,0,0,0,0,0,0,0,0
1549752683,54.221.229.42,192.168.1.14,443,57429,1,237.00,83.00,0.00,0.00,0.00
1549752683,192.168.1.14,54.221.229.42,57429,443,1,64.00,52.00,0.00,0.00,0.00
1549752686,54.221.229.42,192.168.1.14,443,57429,1,237.00,52.00,0.00,0.00,0.00
1549752686,192.168.1.14,54.221.229.42,57429,443,1,64.00,52.00,0.00,0.00,0.00
1549752689,0,0,0,0,0,0,0,0,0,0
1549752692,192.168.1.5,104.198.46.246,61636,56700,1,64.00,125.00,0.00,0.00,0.00
1549752692,192.168.1.8,34.249.225.142,55393,443,2,64.00,76.50,34.65,19708.00,0.00
1549752692,34.249.225.142,192.168.1.8,443,55393,1,235.00,107.00,0.00,0.00,0.00
1549752695,0,0,0,0,0,0,0,0,0,0
1549752698,192.168.1.7,54.246.176.173,44837,8883,2,64.00,67.50,21.92,21354.00,0.00
1549752698,54.246.176.173,192.168.1.7,8883,44837,1,235.00,83.00,0.00,0.00,0.00
1549752701,192.168.1.13,52.94.219.213,56669,443,2,64.00,60.50,28.99,62560.00,0.00
1549752701,52.94.219.213,192.168.1.13,443,56669,2,222.00,60.50,28.99,1.00,0.00
1549752704,0,0,0,0,0,0,0,0,0,0
1549752707,192.168.1.4,104.198.46.246,62007,56700,1,64.00,125.00,0.00,0.00,0.00
1549752707,104.198.46.246,192.168.1.4,56700,62007,1,53.00,40.00,0.00,0.00,0.00
1549752710,52.46.132.23,192.168.1.14,443,36987,1,232.00,40.00,0.00,0.00,0.00
1549752713,0,0,0,0,0,0,0,0,0,0
1549752716,0,0,0,0,0,0,0,0,0,0
1549752719,0,0,0,0,0,0,0,0,0,0
1549752722,192.168.1.8,34.249.225.142,55393,443,2,64.00,76.50,34.65,19615.00,0.00
1549752722,104.198.46.246,192.168.1.5,56700,61636,2,53.00,82.50,60.10,508205.00,0.00
1549752722,192.168.1.5,104.198.46.246,61636,56700,2,64.00,106.50,94.05,403204.00,0.00
1549752725,0,0,0,0,0,0,0,0,0,0
1549752728,192.168.1.7,54.246.176.173,44837,8883,2,64.00,67.50,21.92,22723.00,0.00
1549752728,54.246.176.173,192.168.1.7,8883,44837,1,235.00,83.00,0.00,0.00,0.00
1549752731,192.168.1.8,34.249.225.142,55393,443,2,64.00,231.50,253.85,24291.00,0.00
1549752731,52.94.219.213,192.168.1.13,443,56669,2,222.00,60.50,28.99,74358.00,0.00
1549752731,192.168.1.13,52.94.219.213,56669,443,2,64.00,60.50,28.99,556.00,0.00
1549752734,0,0,0,0,0,0,0,0,0,0
1549752737,104.198.46.246,192.168.1.4,56700,62007,2,53.00,82.50,60.10,202400.00,0.00
1549752737,192.168.1.8,34.249.225.142,55393,443,2,64.00,228.00,248.90,33256.00,0.00
1549752737,34.249.225.142,192.168.1.8,443,55393,1,235.00,99.00,0.00,0.00,0.00
1549752740,192.168.1.8,34.249.225.142,55393,443,2,64.00,228.50,249.61,19862.00,0.00
1549752740,34.249.225.142,192.168.1.8,443,55393,1,235.00,99.00,0.00,0.00,0.00
1549752743,0,0,0,0,0,0,0,0,0,0
1549752746,192.168.1.13,18.215.73.181,45746,443,2,64.00,68.50,23.33,87142.00,0.00
1549752746,18.215.73.181,192.168.1.13,443,45746,1,237.00,83.00,0.00,0.00,0.00
1549752749,34.192.21.210,192.168.1.14,443,43647,1,236.00,88.00,0.00,0.00,0.00
1549752749,192.168.1.14,34.192.21.210,43647,443,1,64.00,52.00,0.00,0.00,0.00
1549752752,192.168.1.5,104.198.46.246,61636,56700,1,64.00,125.00,0.00,0.00,0.00
1549752752,192.168.1.8,34.249.225.142,55393,443,2,64.00,228.00,248.90,22295.00,0.00
1549752752,34.249.225.142,192.168.1.8,443,55393,1,235.00,99.00,0.00,0.00,0.00
1549752755,0,0,0,0,0,0,0,0,0,0
1549752758,192.168.1.7,54.246.176.173,44837,8883,2,64.00,67.50,21.92,21230.00,0.00
1549752758,54.246.176.173,192.168.1.7,8883,44837,1,235.00,83.00,0.00,0.00,0.00
1549752761,192.168.1.7,34.220.111.152,60385,443,3,64.00,121.00,112.65,87669.50,113464.48
1549752761,192.168.1.13,52.94.219.213,56669,443,2,64.00,60.50,28.99,60129.00,0.00
1549752761,52.94.219.213,192.168.1.13,443,56669,2,222.00,60.50,28.99,3.00,0.00
1549752764,34.220.111.152,192.168.1.7,443,60385,10,43.00,748.70,682.59,218437.89,653414.09
1549752764,192.168.1.254,192.168.1.1,41270,9002,5,64.00,85.80,71.19,16924.50,18744.55
1549752764,192.168.1.1,192.168.1.254,9002,41270,5,64.00,97.60,97.55,17122.00,19690.50
1549752767,34.220.111.152,192.168.1.7,443,60385,4,43.00,143.75,159.79,70989.67,122341.61
1549752767,104.198.46.246,192.168.1.5,56700,61636,2,53.00,82.50,60.10,505298.00,0.00
1549752767,192.168.1.5,104.198.46.246,61636,56700,2,64.00,82.50,60.10,401082.00,0.00
1549752770,192.168.1.8,34.249.225.142,55393,443,2,64.00,228.50,249.61,22734.00,0.00
1549752770,34.249.225.142,192.168.1.8,443,55393,1,235.00,99.00,0.00,0.00,0.00
1549752773,0,0,0,0,0,0,0,0,0,0
1549752776,0,0,0,0,0,0,0,0,0,0
1549752779,0,0,0,0,0,0,0,0,0,0
1549752782,104.198.46.246,192.168.1.4,56700,62007,2,53.00,82.50,60.10,299507.00,0.00
1549752782,192.168.1.8,34.249.225.142,55393,443,2,64.00,228.50,249.61,21948.00,0.00
1549752782,34.249.225.142,192.168.1.8,443,55393,1,235.00,99.00,0.00,0.00,0.00
1549752785,192.168.1.8,34.249.225.142,55393,443,2,64.00,229.00,250.32,20750.00,0.00
1549752785,34.249.225.142,192.168.1.8,443,55393,1,235.00,99.00,0.00,0.00,0.00
1549752788,192.168.1.7,54.246.176.173,44837,8883,2,64.00,67.50,21.92,21126.00,0.00
1549752788,54.246.176.173,192.168.1.7,8883,44837,1,235.00,83.00,0.00,0.00,0.00
1549752791,52.94.219.213,192.168.1.13,443,56669,2,222.00,60.50,28.99,74108.00,0.00
1549752791,192.168.1.13,52.94.219.213,56669,443,2,64.00,60.50,28.99,482.00,0.00
1549752794,0,0,0,0,0,0,0,0,0,0
1549752797,0,0,0,0,0,0,0,0,0,0
1549752800,0,0,0,0,0,0,0,0,0,0
1549752803,192.168.1.8,34.249.225.142,55393,443,2,64.00,228.50,249.61,21125.00,0.00
1549752803,34.249.225.142,192.168.1.8,443,55393,1,235.00,99.00,0.00,0.00,0.00
1549752806,0,0,0,0,0,0,0,0,0,0
1549752809,192.168.1.8,34.249.225.142,55393,443,2,64.00,229.00,250.32,19998.00,0.00
1549752809,34.249.225.142,192.168.1.8,443,55393,1,235.00,99.00,0.00,0.00,0.00
1549752812,192.168.1.5,104.198.46.246,61636,56700,3,64.00,102.00,54.29,869270.00,662414.80
1549752812,104.198.46.246,192.168.1.5,56700,61636,3,53.00,68.33,49.07,870374.50,512292.50
1549752815,0,0,0,0,0,0,0,0,0,0
1549752818,192.168.1.1,192.168.1.254,40656,9002,6,64.00,80.50,65.97,13884.20,18049.73
1549752818,192.168.1.7,54.246.176.173,44837,8883,2,64.00,67.50,21.92,21557.00,0.00
1549752818,54.246.176.173,192.168.1.7,8883,44837,1,235.00,83.00,0.00,0.00,0.00
1549752821,192.168.1.13,52.94.219.213,56669,443,2,64.00,60.50,28.99,67188.00,0.00
1549752821,52.94.219.213,192.168.1.13,443,56669,2,222.00,60.50,28.99,2.00,0.00
1549752824,104.198.46.246,192.168.1.5,56700,61636,4,53.00,82.50,49.07,420857.00,241930.58
1549752824,192.168.1.5,104.198.46.246,61636,56700,4,64.00,106.50,76.79,385258.67,300158.91
1549752824,192.168.1.4,104.198.46.246,62007,56700,2,64.00,106.50,94.05,97355.00,0.00
1549752827,104.198.46.246,192.168.1.4,56700,62007,3,53.00,89.67,86.03,440938.50,188965.09
1549752827,192.168.1.4,104.198.46.246,62007,56700,3,64.00,118.00,74.75,388234.50,265365.15
1549752830,192.168.1.8,34.249.225.142,55393,443,2,64.00,228.50,249.61,19800.00,0.00
1549752830,34.249.225.142,192.168.1.8,443,55393,1,235.00,99.00,0.00,0.00,0.00
1549752833,192.168.1.8,34.249.225.142,55393,443,2,64.00,229.00,250.32,20556.00,0.00
1549752833,34.249.225.142,192.168.1.8,443,55393,1,235.00,99.00,0.00,0.00,0.00
1549752836,0,0,0,0,0,0,0,0,0,0
1549752839,192.168.1.13,18.215.73.181,45746,443,2,64.00,68.50,23.33,82983.00,0.00
1549752839,18.215.73.181,192.168.1.13,443,45746,1,237.00,83.00,0.00,0.00,0.00
1549752842,0,0,0,0,0,0,0,0,0,0
1549752845,192.168.1.8,34.249.225.142,55393,443,2,64.00,229.00,250.32,20093.00,0.00
1549752845,34.249.225.142,192.168.1.8,443,55393,1,235.00,99.00,0.00,0.00,0.00
1549752848,192.168.1.8,34.249.225.142,55393,443,2,64.00,229.00,250.32,19686.00,0.00
1549752848,192.168.1.7,54.246.176.173,44837,8883,2,64.00,67.50,21.92,22282.00,0.00
1549752848,54.246.176.173,192.168.1.7,8883,44837,1,235.00,83.00,0.00,0.00,0.00
1549752851,52.94.219.213,192.168.1.13,443,56669,2,222.00,60.50,28.99,74357.00,0.00
1549752851,192.168.1.13,52.94.219.213,56669,443,2,64.00,60.50,28.99,1353.00,0.00
1549752854,0,0,0,0,0,0,0,0,0,0
1549752857,104.198.46.246,192.168.1.5,56700,61636,2,53.00,82.50,60.10,505413.00,0.00
1549752857,192.168.1.5,104.198.46.246,61636,56700,2,64.00,90.50,71.42,400851.00,0.00
1549752860,0,0,0,0,0,0,0,0,0,0
1549752863,0,0,0,0,0,0,0,0,0,0
1549752866,0,0,0,0,0,0,0,0,0,0
1549752869,0,0,0,0,0,0,0,0,0,0
1549752872,104.198.46.246,192.168.1.4,56700,62007,2,53.00,82.50,60.10,203121.00,0.00
1549752872,192.168.1.4,104.198.46.246,62007,56700,2,64.00,114.50,105.36,97233.00,0.00
1549752872,192.168.1.5,104.198.46.246,61636,56700,1,64.00,125.00,0.00,0.00,0.00
1549752875,0,0,0,0,0,0,0,0,0,0
1549752878,192.168.1.7,54.246.176.173,44837,8883,2,64.00,67.50,21.92,153190.00,0.00
1549752878,192.168.1.8,34.249.225.142,55393,443,2,64.00,76.50,34.65,20086.00,0.00
1549752878,34.249.225.142,192.168.1.8,443,55393,1,235.00,107.00,0.00,0.00,0.00
1549752881,192.168.1.13,52.94.219.213,56669,443,2,64.00,60.50,28.99,68978.00,0.00
1549752881,52.94.219.213,192.168.1.13,443,56669,2,222.00,60.50,28.99,1.00,0.00
1549752884,0,0,0,0,0,0,0,0,0,0
1549752887,192.168.1.4,104.198.46.246,62007,56700,1,64.00,125.00,0.00,0.00,0.00
1549752887,104.198.46.246,192.168.1.4,56700,62007,1,53.00,40.00,0.00,0.00,0.00
1549752890,216.58.206.42,192.168.1.14,443,51872,1,124.00,52.00,0.00,0.00,0.00
1549752890,192.168.1.14,216.58.206.42,51872,443,1,64.00,52.00,0.00,0.00,0.00
1549752893,192.168.1.14,151.101.2.2,57968,443,7,64.00,236.71,286.82,19735.50,21245.19
1549752893,192.168.1.8,34.249.225.142,55393,443,4,64.00,228.50,203.80,400523.33,657947.85
1549752893,34.249.225.142,192.168.1.8,443,55393,2,235.00,99.00,0.00,1180597.00,0.00
1549752896,192.168.1.8,34.249.225.142,55393,443,2,64.00,228.50,249.61,20687.00,0.00
1549752896,34.249.225.142,192.168.1.8,443,55393,1,235.00,99.00,0.00,0.00,0.00
1549752899,192.168.1.8,34.249.225.142,55393,443,2,64.00,228.00,248.90,20011.00,0.00
1549752899,34.249.225.142,192.168.1.8,443,55393,1,235.00,99.00,0.00,0.00,0.00
1549752902,192.168.1.8,34.249.225.142,55393,443,4,64.00,228.50,203.80,416304.33,686095.35
1549752902,104.198.46.246,192.168.1.5,56700,61636,2,53.00,82.50,60.10,505532.00,0.00
1549752902,192.168.1.5,104.198.46.246,61636,56700,2,64.00,82.50,60.10,401232.00,0.00
1549752905,0,0,0,0,0,0,0,0,0,0
1549752908,192.168.1.7,54.246.176.173,44837,8883,2,64.00,67.50,21.92,21854.00,0.00
1549752908,54.246.176.173,192.168.1.7,8883,44837,2,235.00,67.50,21.92,3.00,0.00
1549752911,192.168.1.8,34.249.225.142,55393,443,2,64.00,229.00,250.32,20069.00,0.00
1549752911,52.94.219.213,192.168.1.13,443,56669,2,222.00,60.50,28.99,74449.00,0.00
1549752911,192.168.1.13,52.94.219.213,56669,443,2,64.00,60.50,28.99,169.00,0.00
1549752914,192.168.1.254,192.168.1.1,41272,9002,1,64.00,60.00,0.00,0.00,0.00
1549752917,192.168.1.1,192.168.1.254,9002,41272,5,64.00,97.60,97.55,16875.75,19333.35
1549752917,104.198.46.246,192.168.1.4,56700,62007,2,53.00,82.50,60.10,297935.00,0.00
1549752917,192.168.1.4,104.198.46.246,62007,56700,2,64.00,114.50,105.36,192661.00,0.00
1549752920,0,0,0,0,0,0,0,0,0,0
1549752923,192.168.1.14,54.221.229.42,57429,443,2,64.00,67.50,21.92,271.00,0.00
1549752926,0,0,0,0,0,0,0,0,0,0
1549752929,192.168.1.8,18.202.72.39,55388,443,12,64.00,151.17,150.39,18591.91,7797.65
1549752929,34.192.21.210,192.168.1.14,443,43647,1,236.00,88.00,0.00,0.00,0.00
1549752929,192.168.1.14,34.192.21.210,43647,443,1,64.00,52.00,0.00,0.00,0.00
1549752932,192.168.1.5,104.198.46.246,61636,56700,1,64.00,125.00,0.00,0.00,0.00
1549752932,104.198.46.246,192.168.1.5,56700,61636,1,53.00,40.00,0.00,0.00,0.00
1549752935,0,0,0,0,0,0,0,0,0,0
1549752938,192.168.1.7,54.246.176.173,44837,8883,2,64.00,67.50,21.92,26745.00,0.00
1549752938,54.246.176.173,192.168.1.7,8883,44837,1,235.00,83.00,0.00,0.00,0.00
1549752941,192.168.1.13,52.94.219.213,56669,443,2,64.00,60.50,28.99,70459.00,0.00
1549752941,192.168.1.8,34.249.225.142,55393,443,2,64.00,76.50,34.65,20053.00,0.00
1549752941,34.249.225.142,192.168.1.8,443,55393,1,235.00,107.00,0.00,0.00,0.00
1549752944,0,0,0,0,0,0,0,0,0,0
1549752947,192.168.1.4,104.198.46.246,62007,56700,1,64.00,125.00,0.00,0.00,0.00
1549752947,104.198.46.246,192.168.1.5,56700,61636,2,53.00,114.50,105.36,506332.00,0.00
1549752947,192.168.1.5,104.198.46.246,61636,56700,2,64.00,114.50,105.36,401697.00,0.00
1549752950,0,0,0,0,0,0,0,0,0,0
1549752953,0,0,0,0,0,0,0,0,0,0
1549752956,0,0,0,0,0,0,0,0,0,0
1549752959,0,0,0,0,0,0,0,0,0,0
1549752962,192.168.1.8,34.249.225.142,55393,443,2,64.00,232.00,254.56,20154.00,0.00
1549752962,104.198.46.246,192.168.1.4,56700,62007,2,53.00,82.50,60.10,201025.00,0.00
1549752962,192.168.1.4,104.198.46.246,62007,56700,2,64.00,114.50,105.36,95703.00,0.00
1549752965,192.168.1.8,34.249.225.142,55393,443,2,64.00,228.00,248.90,20627.00,0.00
1549752965,34.249.225.142,192.168.1.8,443,55393,1,235.00,99.00,0.00,0.00,0.00
1549752968,192.168.1.7,54.246.176.173,44837,8883,2,64.00,67.50,21.92,21027.00,0.00
1549752968,99.84.13.9,192.168.1.13,80,33279,7,245.00,122.43,163.39,47867.83,84680.05
1549752968,192.168.1.8,34.249.225.142,55393,443,1,64.00,405.00,0.00,0.00,0.00
1549752971,34.249.225.142,192.168.1.8,443,55393,1,235.00,99.00,0.00,0.00,0.00
1549752971,52.94.219.213,192.168.1.13,443,56669,2,222.00,60.50,28.99,64426.00,0.00
1549752971,192.168.1.13,52.94.219.213,56669,443,2,64.00,60.50,28.99,769.00,0.00
1549752974,0,0,0,0,0,0,0,0,0,0
1549752977,0,0,0,0,0,0,0,0,0,0
1549752980,192.168.1.8,34.249.225.142,55393,443,2,64.00,228.50,249.61,20403.00,0.00
1549752980,34.249.225.142,192.168.1.8,443,55393,1,235.00,99.00,0.00,0.00,0.00
1549752983,0,0,0,0,0,0,0,0,0,0
1549752986,192.168.1.8,34.249.225.142,55393,443,2,64.00,229.00,250.32,22049.00,0.00
1549752986,34.249.225.142,192.168.1.8,443,55393,1,235.00,99.00,0.00,0.00,0.00
1549752989,0,0,0,0,0,0,0,0,0,0
1549752992,104.198.46.246,192.168.1.5,56700,61636,3,53.00,68.33,49.07,253591.50,75924.18
1549752992,192.168.1.5,104.198.46.246,61636,56700,3,64.00,118.00,74.75,201041.00,237.59
1549752995,0,0,0,0,0,0,0,0,0,0
1549752998,192.168.1.7,54.246.176.173,44837,8883,2,64.00,67.50,21.92,21256.00,0.00
1549752998,54.246.176.173,192.168.1.7,8883,44837,1,235.00,83.00,0.00,0.00,0.00
1549753001,192.168.1.13,52.94.219.213,56669,443,2,64.00,60.50,28.99,67679.00,0.00
1549753001,52.94.219.213,192.168.1.13,443,56669,2,222.00,60.50,28.99,6.00,0.00
1549753004,0,0,0,0,0,0,0,0,0,0
1549753007,104.198.46.246,192.168.1.4,56700,62007,3,53.00,68.33,49.07,436972.50,197498.46
1549753007,192.168.1.4,104.198.46.246,62007,56700,3,64.00,102.00,54.29,383831.00,271581.33
1549753010,0,0,0,0,0,0,0,0,0,0
1549753013,0,0,0,0,0,0,0,0,0,0
1549753016,192.168.1.8,34.249.225.142,55393,443,2,64.00,76.50,34.65,20382.00,0.00
1549753016,192.168.1.13,52.94.219.213,56669,443,1,64.00,203.00,0.00,0.00,0.00
1549753016,52.94.219.213,192.168.1.13,443,56669,1,222.00,40.00,0.00,0.00,0.00
1549753019,192.168.1.13,18.215.73.181,45746,443,2,64.00,68.50,23.33,93166.00,0.00
1549753019,192.168.1.8,34.249.225.142,55393,443,2,64.00,228.50,249.61,20689.00,0.00
1549753019,34.249.225.142,192.168.1.8,443,55393,1,235.00,99.00,0.00,0.00,0.00
1549753022,0,0,0,0,0,0,0,0,0,0
1549753025,0,0,0,0,0,0,0,0,0,0
1549753028,192.168.1.7,54.246.176.173,44837,8883,2,64.00,67.50,21.92,23001.00,0.00
1549753028,192.168.1.8,34.249.225.142,55393,443,5,64.00,263.80,193.35,312715.75,453686.55
1549753028,34.249.225.142,192.168.1.8,443,55393,4,235.00,78.50,24.17,338755.33,573003.55
1549753031,52.94.219.213,192.168.1.13,443,56669,2,222.00,60.50,28.99,22974.00,0.00
1549753031,192.168.1.8,34.249.225.142,55393,443,2,64.00,231.50,253.85,25638.00,0.00
1549753031,34.249.225.142,192.168.1.8,443,55393,1,235.00,99.00,0.00,0.00,0.00
1549753034,0,0,0,0,0,0,0,0,0,0
1549753037,104.198.46.246,192.168.1.5,56700,61636,2,53.00,82.50,60.10,541486.00,0.00
1549753037,192.168.1.5,104.198.46.246,61636,56700,2,64.00,114.50,105.36,435565.00,0.00
1549753040,192.168.1.8,34.249.225.142,55393,443,2,64.00,228.50,249.61,20540.00,0.00
1549753040,34.249.225.142,192.168.1.8,443,55393,1,235.00,99.00,0.00,0.00,0.00
1549753043,192.168.1.8,34.249.225.142,55393,443,2,64.00,228.50,249.61,21669.00,0.00
1549753043,34.249.225.142,192.168.1.8,443,55393,1,235.00,99.00,0.00,0.00,0.00
1549753046,0,0,0,0,0,0,0,0,0,0
1549753049,0,0,0,0,0,0,0,0,0,0
1549753052,104.198.46.246,192.168.1.4,56700,62007,2,53.00,82.50,60.10,202672.00,0.00
1549753052,192.168.1.8,34.249.225.142,55393,443,2,64.00,228.50,249.61,20101.00,0.00
1549753052,34.249.225.142,192.168.1.8,443,55393,1,235.00,99.00,0.00,0.00,0.00
1549753055,192.168.1.8,34.249.225.142,55393,443,2,64.00,228.50,249.61,20356.00,0.00
1549753055,34.249.225.142,192.168.1.8,443,55393,1,235.00,99.00,0.00,0.00,0.00
1549753058,192.168.1.7,54.246.176.173,44837,8883,2,64.00,67.50,21.92,22887.00,0.00
1549753058,54.246.176.173,192.168.1.7,8883,44837,1,235.00,83.00,0.00,0.00,0.00
1549753061,192.168.1.8,34.249.225.142,55393,443,2,64.00,229.00,250.32,20515.00,0.00
1549753061,192.168.1.13,52.94.219.213,56669,443,2,64.00,60.50,28.99,61885.00,0.00
1549753061,52.94.219.213,192.168.1.13,443,56669,2,222.00,60.50,28.99,1.00,0.00
1549753064,0,0,0,0,0,0,0,0,0,0
1549753067,192.168.1.254,192.168.1.1,49717,9002,6,64.00,80.17,65.15,14310.00,17033.16
1549753067,192.168.1.4,104.198.46.246,62007,56700,1,64.00,125.00,0.00,0.00,0.00
1549753067,104.198.46.246,192.168.1.4,56700,62007,1,53.00,40.00,0.00,0.00,0.00
1549753070,0,0,0,0,0,0,0,0,0,0
1549753073,0,0,0,0,0,0,0,0,0,0
1549753076,0,0,0,0,0,0,0,0,0,0
1549753079,0,0,0,0,0,0,0,0,0,0
1549753082,104.198.46.246,192.168.1.5,56700,61636,2,53.00,82.50,60.10,315852.00,0.00
1549753082,192.168.1.5,104.198.46.246,61636,56700,2,64.00,114.50,105.36,210051.00,0.00
1549753085,0,0,0,0,0,0,0,0,0,0
1549753088,192.168.1.7,54.246.176.173,44837,8883,2,64.00,67.50,21.92,21471.00,0.00
1549753088,54.246.176.173,192.168.1.7,8883,44837,1,235.00,83.00,0.00,0.00,0.00
1549753091,52.94.219.213,192.168.1.13,443,56669,2,222.00,60.50,28.99,74398.00,0.00
1549753091,192.168.1.8,34.249.225.142,55393,443,2,64.00,76.50,34.65,20928.00,0.00
1549753091,34.249.225.142,192.168.1.8,443,55393,1,235.00,107.00,0.00,0.00,0.00
1549753094,0,0,0,0,0,0,0,0,0,0
1549753097,104.198.46.246,192.168.1.4,56700,62007,2,53.00,82.50,60.10,302443.00,0.00
1549753097,192.168.1.4,104.198.46.246,62007,56700,2,64.00,90.50,71.42,193057.00,0.00
1549753100,0,0,0,0,0,0,0,0,0,0
1549753103,0,0,0,0,0,0,0,0,0,0
1549753106,0,0,0,0,0,0,0,0,0,0
1549753109,34.192.21.210,192.168.1.14,443,43647,1,236.00,88.00,0.00,0.00,0.00
1549753109,192.168.1.13,18.215.73.181,45746,443,2,64.00,68.50,23.33,88419.00,0.00
1549753109,18.215.73.181,192.168.1.13,443,45746,1,237.00,83.00,0.00,0.00,0.00
1549753112,192.168.1.5,104.198.46.246,61636,56700,1,64.00,125.00,0.00,0.00,0.00
1549753112,104.198.46.246,192.168.1.5,56700,61636,1,53.00,40.00,0.00,0.00,0.00
1549753115,192.168.1.8,34.249.225.142,55393,443,1,64.00,405.00,0.00,0.00,0.00
1549753118,34.249.225.142,192.168.1.8,443,55393,1,235.00,99.00,0.00,0.00,0.00
1549753118,192.168.1.1,192.168.1.254,60487,9002,5,64.00,86.20,72.08,17276.75,18949.28
1549753118,192.168.1.254,192.168.1.1,9002,60487,5,64.00,97.60,97.55,17223.50,20555.99
1549753121,192.168.1.13,52.94.219.213,56669,443,2,64.00,60.50,28.99,70777.00,0.00
1549753121,52.94.219.213,192.168.1.13,443,56669,2,222.00,60.50,28.99,3.00,0.00
1549753124,104.198.46.246,192.168.1.4,56700,62007,2,53.00,82.50,60.10,307730.00,0.00
1549753124,192.168.1.4,104.198.46.246,62007,56700,2,64.00,106.50,94.05,201466.00,0.00
1549753124,192.168.1.5,104.198.46.246,61636,56700,4,64.00,106.50,76.79,314753.67,215678.10
1549753127,192.168.1.4,104.198.46.246,62007,56700,1,64.00,125.00,0.00,0.00,0.00
1549753127,104.198.46.246,192.168.1.5,56700,61636,2,53.00,82.50,60.10,510251.00,0.00
1549753127,192.168.1.5,104.198.46.246,61636,56700,2,64.00,90.50,71.42,405703.00,0.00
1549753130,0,0,0,0,0,0,0,0,0,0
1549753133,0,0,0,0,0,0,0,0,0,0
1549753136,192.168.1.8,34.249.225.142,55393,443,2,64.00,228.50,249.61,19951.00,0.00
1549753136,34.249.225.142,192.168.1.8,443,55393,1,235.00,99.00,0.00,0.00,0.00
1549753139,0,0,0,0,0,0,0,0,0,0
1549753142,104.198.46.246,192.168.1.4,56700,62007,2,53.00,82.50,60.10,299109.00,0.00
1549753142,192.168.1.4,104.198.46.246,62007,56700,2,64.00,82.50,60.10,192847.00,0.00
1549753145,0,0,0,0,0,0,0,0,0,0
1549753148,192.168.1.7,54.246.176.173,44837,8883,2,64.00,67.50,21.92,22996.00,0.00
1549753148,54.246.176.173,192.168.1.7,8883,44837,1,235.00,83.00,0.00,0.00,0.00
1549753151,52.94.219.213,192.168.1.13,443,56669,2,222.00,60.50,28.99,74373.00,0.00
1549753151,192.168.1.8,34.249.225.142,55393,443,2,64.00,228.50,249.61,20611.00,0.00
1549753151,34.249.225.142,192.168.1.8,443,55393,1,235.00,99.00,0.00,0.00,0.00
1549753154,0,0,0,0,0,0,0,0,0,0
1549753157,0,0,0,0,0,0,0,0,0,0
1549753160,0,0,0,0,0,0,0,0,0,0
1549753163,0,0,0,0,0,0,0,0,0,0
1549753166,192.168.1.8,34.249.225.142,55393,443,2,64.00,228.50,249.61,22367.00,0.00
1549753166,34.249.225.142,192.168.1.8,443,55393,1,235.00,99.00,0.00,0.00,0.00
1549753169,192.168.1.8,34.249.225.142,55393,443,2,64.00,228.50,249.61,23954.00,0.00
1549753169,34.249.225.142,192.168.1.8,443,55393,1,235.00,99.00,0.00,0.00,0.00
1549753172,104.198.46.246,192.168.1.5,56700,61636,3,53.00,68.33,49.07,653291.50,209191.18
1549753172,192.168.1.5,104.198.46.246,61636,56700,3,64.00,102.00,54.29,600819.00,283252.83
1549753175,0,0,0,0,0,0,0,0,0,0
1549753178,192.168.1.7,54.246.176.173,44837,8883,2,64.00,67.50,21.92,21471.00,0.00
1549753178,54.246.176.173,192.168.1.7,8883,44837,1,235.00,83.00,0.00,0.00,0.00
1549753181,192.168.1.13,52.94.219.213,56669,443,2,64.00,60.50,28.99,60730.00,0.00
1549753181,52.94.219.213,192.168.1.13,443,56669,2,222.00,60.50,28.99,3.00,0.00
1549753184,0,0,0,0,0,0,0,0,0,0
1549753187,104.198.46.246,192.168.1.4,56700,62007,3,53.00,68.33,49.07,388628.50,262471.67
1549753187,192.168.1.4,104.198.46.246,62007,56700,3,64.00,112.67,67.35,336025.50,337224.17
1549753190,0,0,0,0,0,0,0,0,0,0
1549753193,0,0,0,0,0,0,0,0,0,0
1549753196,0,0,0,0,0,0,0,0,0,0
1549753199,192.168.1.8,34.249.225.142,55393,443,2,64.00,76.50,34.65,20288.00,0.00
1549753199,34.249.225.142,192.168.1.8,443,55393,1,235.00,107.00,0.00,0.00,0.00
1549753202,192.168.1.13,18.215.73.181,45746,443,2,64.00,68.50,23.33,92947.00,0.00
1549753202,18.215.73.181,192.168.1.13,443,45746,1,237.00,83.00,0.00,0.00,0.00
1549753205,0,0,0,0,0,0,0,0,0,0
1549753208,192.168.1.7,54.246.176.173,44837,8883,2,64.00,67.50,21.92,21287.00,0.00
1549753208,54.246.176.173,192.168.1.7,8883,44837,1,235.00,83.00,0.00,0.00,0.00
1549753211,192.168.1.8,34.249.225.142,55393,443,4,64.00,228.75,204.09,400999.67,659187.65
1549753211,52.94.219.213,192.168.1.13,443,56669,2,222.00,60.50,28.99,104414.00,0.00
1549753211,192.168.1.13,52.94.219.213,56669,443,2,64.00,60.50,28.99,13114.00,0.00
1549753214,0,0,0,0,0,0,0,0,0,0
1549753217,192.168.1.254,192.168.1.1,49719,9002,5,64.00,85.80,71.19,16900.50,18770.45
1549753217,104.198.46.246,192.168.1.5,56700,61636,2,53.00,82.50,60.10,508241.00,0.00
1549753217,192.168.1.5,104.198.46.246,61636,56700,2,64.00,90.50,71.42,403459.00,0.00
1549753220,0,0,0,0,0,0,0,0,0,0
1549753223,0,0,0,0,0,0,0,0,0,0
1549753226,192.168.1.8,34.249.225.142,55393,443,2,64.00,229.00,250.32,19996.00,0.00
1549753226,34.249.225.142,192.168.1.8,443,55393,1,235.00,99.00,0.00,0.00,0.00
1549753229,0,0,0,0,0,0,0,0,0,0
1549753232,104.198.46.246,192.168.1.4,56700,62007,2,53.00,82.50,60.10,298638.00,0.00
1549753232,192.168.1.4,104.198.46.246,62007,56700,2,64.00,82.50,60.10,192829.00,0.00
1549753235,192.168.1.5,104.198.46.246,61636,56700,1,64.00,125.00,0.00,0.00,0.00
1549753235,104.198.46.246,192.168.1.5,56700,61636,1,53.00,40.00,0.00,0.00,0.00
1549753238,192.168.1.7,54.246.176.173,44837,8883,2,64.00,67.50,21.92,22057.00,0.00
1549753238,54.246.176.173,192.168.1.7,8883,44837,1,235.00,83.00,0.00,0.00,0.00
1549753241,192.168.1.13,52.94.219.213,56669,443,2,64.00,60.50,28.99,203691.00,0.00
1549753241,52.94.219.213,192.168.1.13,443,56669,2,222.00,60.50,28.99,144355.00,0.00
1549753244,0,0,0,0,0,0,0,0,0,0
1549753247,192.168.1.8,34.249.225.142,55393,443,2,64.00,228.50,249.61,21012.00,0.00
1549753247,192.168.1.4,104.198.46.246,62007,56700,1,64.00,125.00,0.00,0.00,0.00
1549753247,104.198.46.246,192.168.1.4,56700,62007,1,53.00,40.00,0.00,0.00,0.00
1549753250,192.168.1.8,34.249.225.142,55393,443,2,64.00,228.50,249.61,20225.00,0.00
1549753250,34.249.225.142,192.168.1.8,443,55393,1,235.00,99.00,0.00,0.00,0.00
1549753253,192.168.1.13,52.94.229.215,53055,443,17,64.00,206.53,365.70,43933.31,52073.89
1549753253,52.94.229.215,192.168.1.13,443,53055,14,226.57,376.57,557.16,44440.69,54307.93
1549753256,0,0,0,0,0,0,0,0,0,0
1549753259,52.94.229.215,192.168.1.13,443,53055,1,226.00,77.00,0.00,0.00,0.00
1549753259,192.168.1.13,52.94.229.215,53055,443,1,64.00,40.00,0.00,0.00,0.00
1549753262,192.168.1.8,34.249.225.142,55393,443,2,64.00,232.00,254.56,21305.00,0.00
1549753262,104.198.46.246,192.168.1.5,56700,61636,1,53.00,125.00,0.00,0.00,0.00
1549753262,192.168.1.5,104.198.46.246,61636,56700,1,64.00,40.00,0.00,0.00,0.00
1549753265,0,0,0,0,0,0,0,0,0,0
1549753268,192.168.1.8,18.202.72.39,55389,443,13,64.00,143.54,146.59,17659.75,9938.71
1549753268,192.168.1.1,192.168.1.254,35822,9002,5,64.00,86.20,72.08,17303.25,19421.45
1549753268,192.168.1.254,192.168.1.1,9002,35822,5,64.00,97.60,97.55,17211.00,20619.50
1549753271,192.168.1.13,143.204.98.6,44790,80,7,64.00,65.14,31.39,17489.67,18382.58
1549753271,143.204.98.6,192.168.1.13,80,44790,5,244.00,148.40,193.11,18043.50,20392.64
1549753271,52.94.219.213,192.168.1.13,443,56669,2,222.00,60.50,28.99,24839.00,0.00
1549753274,0,0,0,0,0,0,0,0,0,0
1549753277,104.198.46.246,192.168.1.4,56700,62007,2,53.00,82.50,60.10,203638.00,0.00
1549753277,192.168.1.4,104.198.46.246,62007,56700,2,64.00,90.50,71.42,98260.00,0.00
1549753280,0,0,0,0,0,0,0,0,0,0
1549753283,0,0,0,0,0,0,0,0,0,0
1549753286,0,0,0,0,0,0,0,0,0,0
1549753289,34.192.21.210,192.168.1.14,443,43647,1,236.00,88.00,0.00,0.00,0.00
1549753289,192.168.1.14,34.192.21.210,43647,443,1,64.00,52.00,0.00,0.00,0.00
1549753292,192.168.1.8,34.249.225.142,55393,443,2,64.00,76.50,34.65,20114.00,0.00
1549753292,192.168.1.13,18.215.73.181,45746,443,2,64.00,68.50,23.33,95700.00,0.00
1549753292,18.215.73.181,192.168.1.13,443,45746,1,237.00,83.00,0.00,0.00,0.00
1549753295,192.168.1.5,104.198.46.246,61636,56700,1,64.00,125.00,0.00,0.00,0.00
1549753295,104.198.46.246,192.168.1.5,56700,61636,1,53.00,40.00,0.00,0.00,0.00
1549753298,192.168.1.7,54.246.176.173,44837,8883,2,64.00,67.50,21.92,22295.00,0.00
1549753298,54.246.176.173,192.168.1.7,8883,44837,1,235.00,83.00,0.00,0.00,0.00
1549753301,192.168.1.13,52.94.219.213,56669,443,2,64.00,60.50,28.99,75862.00,0.00
1549753301,52.94.219.213,192.168.1.13,443,56669,2,222.00,60.50,28.99,2.00,0.00
1549753304,0,0,0,0,0,0,0,0,0,0
1549753307,192.168.1.8,34.249.225.142,55393,443,2,64.00,228.50,249.61,19805.00,0.00
1549753307,192.168.1.5,104.198.46.246,61636,56700,2,64.00,106.50,94.05,200734.00,0.00
1549753307,192.168.1.14,172.217.17.138,59312,443,1,64.00,60.00,0.00,0.00,0.00
1549753310,172.217.17.138,192.168.1.14,443,59312,10,122.40,619.00,646.10,12727.22,15073.78
1549753310,192.168.1.8,34.249.225.142,55393,443,4,64.00,228.50,203.80,415633.00,683755.84
1549753310,34.249.225.142,192.168.1.8,443,55393,2,235.00,99.00,0.00,1224988.00,0.00
1550879494,0,0,0,0,0,0,0,0,0,0
1550879497,192.168.1.13,35.175.53.209,56844,443,1,64.00,52.00,0.00,0.00,0.00
1550879500,52.95.121.236,192.168.1.13,443,41209,2,225.00,60.50,28.99,74530.00,0.00
1550879500,192.168.1.13,52.95.121.236,41209,443,2,64.00,60.50,28.99,665.00,0.00
1550879500,104.198.46.246,192.168.1.5,56700,58812,1,53.00,40.00,0.00,0.00,0.00
1550879503,0,0,0,0,0,0,0,0,0,0
1550879506,0,0,0,0,0,0,0,0,0,0
1550879509,0,0,0,0,0,0,0,0,0,0
1550879512,0,0,0,0,0,0,0,0,0,0
1550879515,192.168.1.8,54.154.103.70,51879,443,2,64.00,339.00,15.56,61707.00,0.00
1550879515,192.168.1.4,104.198.46.246,53586,56700,3,64.00,89.67,86.03,101911.00,7599.98
1550879515,192.168.1.5,104.198.46.246,58812,56700,2,64.00,114.50,105.36,401088.00,0.00
1550879518,0,0,0,0,0,0,0,0,0,0
1550879521,0,0,0,0,0,0,0,0,0,0
1550879524,0,0,0,0,0,0,0,0,0,0
1550879527,0,0,0,0,0,0,0,0,0,0
1550879530,192.168.1.13,52.95.121.236,41209,443,2,64.00,60.50,28.99,62994.00,0.00
1550879530,52.95.121.236,192.168.1.13,443,41209,2,225.00,60.50,28.99,3.00,0.00
1550879533,0,0,0,0,0,0,0,0,0,0
1550879536,0,0,0,0,0,0,0,0,0,0
1550879539,192.168.1.8,54.154.103.70,51879,443,2,64.00,76.50,34.65,20228.00,0.00
1550879539,54.154.103.70,192.168.1.8,443,51879,2,237.00,79.50,38.89,654.00,0.00
1550879542,0,0,0,0,0,0,0,0,0,0
1550879545,192.168.1.4,104.198.46.246,53586,56700,1,64.00,125.00,0.00,0.00,0.00
1550879545,104.198.46.246,192.168.1.4,56700,53586,1,53.00,40.00,0.00,0.00,0.00
1550879548,0,0,0,0,0,0,0,0,0,0
1550879551,0,0,0,0,0,0,0,0,0,0
1550879554,0,0,0,0,0,0,0,0,0,0
1550879557,192.168.1.13,52.85.182.229,58736,80,7,64.00,65.14,31.39,19455.33,17216.55
1550879557,52.85.182.229,192.168.1.13,80,58736,5,242.00,148.40,193.11,20904.00,24070.66
1550879560,52.95.121.236,192.168.1.13,443,41209,2,225.00,60.50,28.99,73295.00,0.00
1550879560,104.198.46.246,192.168.1.4,56700,53586,2,53.00,82.50,60.10,298248.00,0.00
1550879560,192.168.1.4,104.198.46.246,53586,56700,2,64.00,90.50,71.42,193357.00,0.00
1550879563,0,0,0,0,0,0,0,0,0,0
1550879566,0,0,0,0,0,0,0,0,0,0
1550879569,192.168.1.8,54.154.103.70,51879,443,2,64.00,76.50,34.65,21321.00,0.00
1550879569,54.154.103.70,192.168.1.8,443,51879,1,237.00,107.00,0.00,0.00,0.00
1550879572,0,0,0,0,0,0,0,0,0,0
1550879575,0,0,0,0,0,0,0,0,0,0
1550879578,0,0,0,0,0,0,0,0,0,0
1550879581,192.168.1.254,192.168.1.1,53699,9002,6,64.00,80.17,65.15,14266.80,17497.56
1550879581,192.168.1.1,192.168.1.254,9002,53699,5,64.00,97.60,97.55,17887.50,20812.63
1550879584,0,0,0,0,0,0,0,0,0,0
1550879587,192.168.1.13,35.175.53.209,56844,443,4,64.00,76.75,16.50,443844.33,286679.78
1550879587,35.175.53.209,192.168.1.13,443,56844,1,237.00,83.00,0.00,0.00,0.00
1550879590,192.168.1.13,52.95.121.236,41209,443,2,64.00,60.50,28.99,70233.00,0.00
1550879590,52.95.121.236,192.168.1.13,443,41209,2,225.00,60.50,28.99,9.00,0.00
1550879593,0,0,0,0,0,0,0,0,0,0
1550879596,0,0,0,0,0,0,0,0,0,0
1550879599,192.168.1.8,54.154.103.70,51879,443,2,64.00,76.50,34.65,21619.00,0.00
1550879599,192.168.1.2,17.242.119.71,50910,5223,2,64.00,86.50,48.79,22551.00,0.00
1550879599,17.242.119.71,192.168.1.2,5223,50910,1,56.00,105.00,0.00,0.00,0.00
1550879602,0,0,0,0,0,0,0,0,0,0
1550879605,104.198.46.246,192.168.1.4,56700,53586,3,53.00,68.33,49.07,196640.00,9024.10
1550879605,192.168.1.4,104.198.46.246,53586,56700,3,64.00,102.00,54.29,144378.50,66728.96
1550879605,192.168.1.5,104.198.46.246,58812,56700,2,64.00,90.50,71.42,401304.00,0.00
1550879608,0,0,0,0,0,0,0,0,0,0
1550879611,192.168.1.1,192.168.1.254,53111,9002,5,64.00,86.20,72.08,16879.50,18647.07
1550879611,192.168.1.254,192.168.1.1,9002,53111,5,64.00,97.60,97.55,16815.00,19640.24
1550879614,0,0,0,0,0,0,0,0,0,0
1550879617,0,0,0,0,0,0,0,0,0,0
1550879620,52.95.121.236,192.168.1.13,443,41209,2,225.00,60.50,28.99,72112.00,0.00
1550879620,192.168.1.5,104.198.46.246,58812,56700,1,64.00,125.00,0.00,0.00,0.00
1550879620,104.198.46.246,192.168.1.5,56700,58812,1,53.00,40.00,0.00,0.00,0.00
1550879623,104.198.46.246,192.168.1.5,56700,58812,2,53.00,82.50,60.10,305589.00,0.00
1550879623,192.168.1.5,104.198.46.246,58812,56700,2,64.00,106.50,94.05,200631.00,0.00
1550879623,192.168.1.4,104.198.46.246,53586,56700,3,64.00,84.33,76.79,102076.50,5603.82
1550879626,0,0,0,0,0,0,0,0,0,0
1550879629,0,0,0,0,0,0,0,0,0,0
1550879632,192.168.1.8,54.154.103.70,51879,443,2,64.00,76.50,34.65,19851.00,0.00
1550879632,54.154.103.70,192.168.1.8,443,51879,1,237.00,107.00,0.00,0.00,0.00
1550879635,192.168.1.13,52.46.133.39,59343,443,2,64.00,58.50,26.16,30167.00,0.00
1550879635,192.168.1.13,54.239.19.125,57284,443,1,64.00,60.00,0.00,0.00,0.00
1550879638,192.168.1.8,54.154.103.70,51879,443,7,64.00,190.00,179.55,156898.00,325019.43
1550879638,192.168.1.13,54.239.19.125,57284,443,3,64.00,219.00,292.89,156288.50,52574.10
1550879638,54.239.19.125,192.168.1.13,443,57284,1,233.00,52.00,0.00,0.00,0.00
1550879641,54.239.19.125,192.168.1.13,443,57284,15,220.87,352.93,543.37,163331.86,284624.30
1550879641,192.168.1.13,54.239.19.125,57284,443,18,64.00,329.44,541.41,134174.00,209065.46
1550879644,192.168.1.13,54.239.19.125,57284,443,1,64.00,748.00,0.00,0.00,0.00
1550879647,0,0,0,0,0,0,0,0,0,0
1550879650,192.168.1.13,54.239.19.125,57284,443,3,64.00,280.00,405.34,238380.50,60043.97
1550879650,192.168.1.4,104.198.46.246,53586,56700,2,64.00,90.50,71.42,96805.00,0.00
1550879650,192.168.1.5,104.198.46.246,58812,56700,2,64.00,90.50,71.42,401193.00,0.00
1550879653,0,0,0,0,0,0,0,0,0,0
1550879656,54.239.19.125,192.168.1.13,443,57284,2,220.00,58.50,26.16,2007131.00,0.00
1550879656,192.168.1.13,54.239.19.125,57284,443,2,64.00,40.00,0.00,2042638.00,0.00
1550879659,0,0,0,0,0,0,0,0,0,0
1550879662,0,0,0,0,0,0,0,0,0,0
1550879665,192.168.1.4,104.198.46.246,53586,56700,1,64.00,125.00,0.00,0.00,0.00
1550879665,104.198.46.246,192.168.1.4,56700,53586,1,53.00,40.00,0.00,0.00,0.00
1550879668,192.168.1.8,54.154.103.70,51879,443,2,64.00,76.50,34.65,57373.00,0.00
1550879668,54.154.103.70,192.168.1.8,443,51879,2,237.00,79.50,38.89,761.00,0.00
1550879671,0,0,0,0,0,0,0,0,0,0
1550879674,0,0,0,0,0,0,0,0,0,0
1550879677,192.168.1.13,35.175.53.209,56844,443,1,64.00,85.00,0.00,0.00,0.00
1550879680,52.95.121.236,192.168.1.13,443,41209,2,225.00,60.50,28.99,93697.00,0.00
1550879680,192.168.1.5,104.198.46.246,58812,56700,1,64.00,125.00,0.00,0.00,0.00
1550879680,104.198.46.246,192.168.1.5,56700,58812,1,53.00,40.00,0.00,0.00,0.00
1550879683,0,0,0,0,0,0,0,0,0,0
1550879686,0,0,0,0,0,0,0,0,0,0
1550879689,0,0,0,0,0,0,0,0,0,0
1550879692,0,0,0,0,0,0,0,0,0,0
1550879695,104.198.46.246,192.168.1.4,56700,53586,2,53.00,82.50,60.10,297376.00,0.00
1550879695,192.168.1.4,104.198.46.246,53586,56700,2,64.00,82.50,60.10,193180.00,0.00
1550879695,192.168.1.5,104.198.46.246,58812,56700,1,64.00,40.00,0.00,0.00,0.00
1550879698,0,0,0,0,0,0,0,0,0,0
1550879701,192.168.1.8,54.154.103.70,51879,443,2,64.00,76.50,34.65,21085.00,0.00
1550879701,54.154.103.70,192.168.1.8,443,51879,1,237.00,107.00,0.00,0.00,0.00
1550879704,54.239.19.125,192.168.1.13,443,57284,1,233.00,40.00,0.00,0.00,0.00
1550879707,0,0,0,0,0,0,0,0,0,0
1550879710,192.168.1.13,52.95.121.236,41209,443,2,64.00,60.50,28.99,81347.00,0.00
1550879710,52.95.121.236,192.168.1.13,443,41209,2,225.00,60.50,28.99,2.00,0.00
1550879713,0,0,0,0,0,0,0,0,0,0
1550879716,192.168.1.8,54.154.103.70,51879,443,2,64.00,231.50,253.85,19834.00,0.00
1550879716,54.154.103.70,192.168.1.8,443,51879,1,237.00,99.00,0.00,0.00,0.00
1550879719,0,0,0,0,0,0,0,0,0,0
1550879722,0,0,0,0,0,0,0,0,0,0
1550879725,192.168.1.4,104.198.46.246,53586,56700,1,64.00,125.00,0.00,0.00,0.00
1550879725,104.198.46.246,192.168.1.4,56700,53586,1,53.00,40.00,0.00,0.00,0.00
1550879728,0,0,0,0,0,0,0,0,0,0
1550879731,0,0,0,0,0,0,0,0,0,0
1550879734,192.168.1.254,192.168.1.1,33121,9002,6,64.00,80.17,65.15,14286.60,17897.00
1550879734,192.168.1.1,192.168.1.254,9002,33121,5,64.00,97.60,97.55,17222.00,19102.72
1550879737,52.95.121.236,192.168.1.13,443,41209,2,225.00,60.50,28.99,63521.00,0.00
1550879737,192.168.1.13,52.95.121.236,41209,443,2,64.00,60.50,28.99,152.00,0.00
1550879740,104.198.46.246,192.168.1.4,56700,53586,2,53.00,82.50,60.10,204511.00,0.00
1550879740,192.168.1.4,104.198.46.246,53586,56700,3,64.00,84.33,76.79,102792.00,9864.14
1550879740,192.168.1.5,104.198.46.246,58812,56700,3,64.00,112.67,67.35,401264.50,154.86
1550879743,0,0,0,0,0,0,0,0,0,0
1550879746,0,0,0,0,0,0,0,0,0,0
1550879749,192.168.1.8,54.154.103.70,51879,443,2,64.00,76.50,34.65,23356.00,0.00
1550879749,54.154.103.70,192.168.1.8,443,51879,1,237.00,107.00,0.00,0.00,0.00
1550879752,0,0,0,0,0,0,0,0,0,0
1550879755,0,0,0,0,0,0,0,0,0,0
1550879758,0,0,0,0,0,0,0,0,0,0
1550879761,192.168.1.1,192.168.1.254,42714,9002,5,64.00,86.20,72.08,16887.50,18713.06
1550879761,192.168.1.254,192.168.1.1,9002,42714,5,64.00,97.60,97.55,16801.50,19727.23
1550879764,192.168.1.8,54.171.17.129,42927,443,12,64.00,151.17,150.39,17255.64,7480.92
1550879764,54.171.17.129,192.168.1.8,443,42927,11,235.00,231.27,422.97,16903.70,13991.89
1550879767,0,0,0,0,0,0,0,0,0,0
1550879770,192.168.1.13,52.95.121.236,41209,443,2,64.00,60.50,28.99,71024.00,0.00
1550879770,54.154.103.70,192.168.1.8,443,51879,6,237.00,52.00,0.00,44290.20,13742.44
1550879770,35.175.53.209,192.168.1.13,443,56844,1,237.00,83.00,0.00,0.00,0.00
1550879773,0,0,0,0,0,0,0,0,0,0
1550879776,0,0,0,0,0,0,0,0,0,0
1550879779,0,0,0,0,0,0,0,0,0,0
1550879782,0,0,0,0,0,0,0,0,0,0
1550879785,104.198.46.246,192.168.1.4,56700,53586,3,53.00,68.33,49.07,244664.00,75236.16
1550879785,54.154.103.70,192.168.1.8,443,51879,6,237.00,52.00,0.00,52950.20,1797.84
1550879785,192.168.1.5,104.198.46.246,58812,56700,2,64.00,82.50,60.10,401128.00,0.00
1550879788,0,0,0,0,0,0,0,0,0,0
1550879791,0,0,0,0,0,0,0,0,0,0
1550879794,192.168.1.8,54.154.103.70,51879,443,2,64.00,76.50,34.65,19714.00,0.00
1550879794,54.154.103.70,192.168.1.8,443,51879,2,237.00,79.50,38.89,702.00,0.00
1550879797,52.95.121.236,192.168.1.13,443,41209,1,225.00,81.00,0.00,0.00,0.00
1550879797,192.168.1.13,52.95.121.236,41209,443,2,64.00,60.50,28.99,3.00,0.00
1550879800,52.95.121.236,192.168.1.13,443,41209,1,225.00,40.00,0.00,0.00,0.00
1550879800,192.168.1.5,104.198.46.246,58812,56700,1,64.00,125.00,0.00,0.00,0.00
1550879800,104.198.46.246,192.168.1.5,56700,58812,1,53.00,40.00,0.00,0.00,0.00
1550879803,0,0,0,0,0,0,0,0,0,0
1550879806,0,0,0,0,0,0,0,0,0,0
1550879809,0,0,0,0,0,0,0,0,0,0
1550879812,0,0,0,0,0,0,0,0,0,0
1550879815,0,0,0,0,0,0,0,0,0,0
1550879818,192.168.1.8,54.154.103.70,51879,443,2,64.00,339.00,15.56,58333.00,0.00
1550879818,54.154.103.70,192.168.1.8,443,51879,2,237.00,52.00,0.00,20983.00,0.00
1550879821,0,0,0,0,0,0,0,0,0,0
1550879824,0,0,0,0,0,0,0,0,0,0
1550879827,192.168.1.13,52.95.121.236,41209,443,2,64.00,60.50,28.99,66076.00,0.00
1550879827,52.95.121.236,192.168.1.13,443,41209,2,225.00,60.50,28.99,3.00,0.00
1550879830,104.198.46.246,192.168.1.4,56700,53586,2,53.00,82.50,60.10,204200.00,0.00
1550879830,192.168.1.4,104.198.46.246,53586,56700,2,64.00,90.50,71.42,97071.00,0.00
1550879830,192.168.1.5,104.198.46.246,58812,56700,2,64.00,90.50,71.42,403089.00,0.00
1550879833,0,0,0,0,0,0,0,0,0,0
1550879836,0,0,0,0,0,0,0,0,0,0
1550879839,192.168.1.8,54.154.103.70,51879,443,2,64.00,76.50,34.65,20650.00,0.00
1550879839,54.154.103.70,192.168.1.8,443,51879,2,237.00,79.50,38.89,3.00,0.00
1550879842,0,0,0,0,0,0,0,0,0,0
1550879845,192.168.1.4,104.198.46.246,53586,56700,1,64.00,125.00,0.00,0.00,0.00
1550879845,104.198.46.246,192.168.1.4,56700,53586,1,53.00,40.00,0.00,0.00,0.00
1550879848,192.168.1.8,54.154.103.70,51879,443,2,64.00,232.00,254.56,19820.00,0.00
1550879848,54.154.103.70,192.168.1.8,443,51879,1,237.00,99.00,0.00,0.00,0.00
1550879851,0,0,0,0,0,0,0,0,0,0
1550879854,0,0,0,0,0,0,0,0,0,0
1550879857,192.168.1.13,143.204.194.16,50564,80,7,64.00,65.14,31.39,11639.17,12475.47
1550879857,143.204.194.16,192.168.1.13,80,50564,5,241.00,148.40,193.11,11764.75,13614.80
1550879860,52.95.121.236,192.168.1.13,443,41209,2,225.00,60.50,28.99,71064.00,0.00
1550879860,104.198.46.246,192.168.1.5,56700,58812,1,53.00,40.00,0.00,0.00,0.00
1550879860,35.175.53.209,192.168.1.13,443,56844,1,237.00,83.00,0.00,0.00,0.00
1550879863,35.175.53.209,192.168.1.13,443,56844,4,237.00,83.00,0.00,895191.67,587174.08
1550879863,192.168.1.13,35.175.53.209,56844,443,4,64.00,64.00,0.00,894458.33,590826.14
1550879866,0,0,0,0,0,0,0,0,0,0
1550879869,35.175.53.209,192.168.1.13,443,56844,1,237.00,83.00,0.00,0.00,0.00
1550879869,192.168.1.13,35.175.53.209,56844,443,1,64.00,64.00,0.00,0.00,0.00
1550879872,0,0,0,0,0,0,0,0,0,0
1550879875,35.175.53.209,192.168.1.13,443,56844,1,237.00,83.00,0.00,0.00,0.00
1550879875,192.168.1.4,104.198.46.246,53586,56700,2,64.00,90.50,71.42,192851.00,0.00
1550879875,192.168.1.5,104.198.46.246,58812,56700,2,64.00,90.50,71.42,200719.00,0.00
1550879878,0,0,0,0,0,0,0,0,0,0
1550879881,0,0,0,0,0,0,0,0,0,0
1550879884,192.168.1.8,54.154.103.70,51879,443,54,64.00,247.11,17.13,38412.26,39595.50
1550879884,192.168.1.254,192.168.1.1,33123,9002,5,64.00,85.80,71.19,17359.25,18755.75
1550879884,192.168.1.1,192.168.1.254,9002,33123,5,64.00,97.60,97.55,17442.75,19525.19
1550879887,0,0,0,0,0,0,0,0,0,0
1550879890,192.168.1.13,52.95.121.236,41209,443,2,64.00,60.50,28.99,63973.00,0.00
1550879890,52.95.121.236,192.168.1.13,443,41209,2,225.00,60.50,28.99,4.00,0.00
1550879893,192.168.1.8,54.154.103.70,51879,443,2,64.00,76.50,34.65,20512.00,0.00
1550879893,54.154.103.70,192.168.1.8,443,51879,2,237.00,79.50,38.89,1074.00,0.00
1550879896,0,0,0,0,0,0,0,0,0,0
1550879899,0,0,0,0,0,0,0,0,0,0
1550879902,0,0,0,0,0,0,0,0,0,0
1550879905,192.168.1.4,104.198.46.246,53586,56700,1,64.00,125.00,0.00,0.00,0.00
1550879905,104.198.46.246,192.168.1.4,56700,53586,1,53.00,40.00,0.00,0.00,0.00
1550879908,0,0,0,0,0,0,0,0,0,0
1550879911,0,0,0,0,0,0,0,0,0,0
1550879914,192.168.1.1,192.168.1.254,42717,9002,5,64.00,86.20,72.08,16848.00,17979.36
1550879914,192.168.1.254,192.168.1.1,9002,42717,5,64.00,97.60,97.55,16767.00,18988.25
1550879917,52.95.121.236,192.168.1.13,443,41209,2,225.00,60.50,28.99,83866.00,0.00
1550879917,192.168.1.13,52.95.121.236,41209,443,2,64.00,60.50,28.99,136.00,0.00
1550879920,104.198.46.246,192.168.1.4,56700,53586,2,53.00,82.50,60.10,202284.00,0.00
1550879920,192.168.1.4,104.198.46.246,53586,56700,2,64.00,82.50,60.10,92070.00,0.00
1550879920,192.168.1.5,104.198.46.246,58812,56700,3,64.00,96.67,49.07,801828.50,849419.80
1550879923,0,0,0,0,0,0,0,0,0,0
1550879926,104.198.46.246,192.168.1.5,56700,58812,4,53.00,82.50,49.07,423337.00,329913.54
1550879926,192.168.1.8,54.154.103.70,51879,443,2,64.00,76.50,34.65,19422.00,0.00
1550879926,54.154.103.70,192.168.1.8,443,51879,1,237.00,107.00,0.00,0.00,0.00
1550879929,0,0,0,0,0,0,0,0,0,0
1550879932,0,0,0,0,0,0,0,0,0,0
1550879935,0,0,0,0,0,0,0,0,0,0
1550879938,0,0,0,0,0,0,0,0,0,0
1550879941,0,0,0,0,0,0,0,0,0,0
1550879944,0,0,0,0,0,0,0,0,0,0
1550879947,192.168.1.13,52.95.121.236,41209,443,2,64.00,60.50,28.99,63863.00,0.00
1550879947,52.95.121.236,192.168.1.13,443,41209,2,225.00,60.50,28.99,4.00,0.00
1550879950,0,0,0,0,0,0,0,0,0,0
1550879953,192.168.1.13,35.175.53.209,56844,443,4,64.00,71.50,16.34,316266.00,114602.43
1550879953,35.175.53.209,192.168.1.13,443,56844,2,237.00,83.00,0.00,381627.00,0.00
1550879956,192.168.1.8,54.154.103.70,51879,443,2,64.00,76.50,34.65,19577.00,0.00
1550879956,54.154.103.70,192.168.1.8,443,51879,1,237.00,107.00,0.00,0.00,0.00
1550879959,0,0,0,0,0,0,0,0,0,0
1550879962,0,0,0,0,0,0,0,0,0,0
1550879965,104.198.46.246,192.168.1.4,56700,53586,3,53.00,89.67,86.03,293898.00,125090.02
1550879965,192.168.1.4,104.198.46.246,53586,56700,4,64.00,98.50,72.43,160219.67,101691.67
1550879965,192.168.1.5,104.198.46.246,58812,56700,2,64.00,114.50,105.36,400945.00,0.00
1550879968,0,0,0,0,0,0,0,0,0,0
1550879971,0,0,0,0,0,0,0,0,0,0
1550879974,0,0,0,0,0,0,0,0,0,0
1550879977,52.95.121.236,192.168.1.13,443,41209,1,225.00,81.00,0.00,0.00,0.00
1550879980,192.168.1.13,52.95.121.236,41209,443,2,64.00,60.50,28.99,128.00,0.00
1550879980,52.95.121.236,192.168.1.13,443,41209,1,225.00,40.00,0.00,0.00,0.00
1550879983,192.168.1.5,104.198.46.246,58812,56700,1,64.00,125.00,0.00,0.00,0.00
1550879983,104.198.46.246,192.168.1.5,56700,58812,1,53.00,40.00,0.00,0.00,0.00
1550879986,192.168.1.8,54.154.103.70,51879,443,2,64.00,76.50,34.65,20046.00,0.00
1550879986,54.154.103.70,192.168.1.8,443,51879,1,237.00,107.00,0.00,0.00,0.00
1550879989,0,0,0,0,0,0,0,0,0,0
1550879992,0,0,0,0,0,0,0,0,0,0
1550879995,192.168.1.13,54.239.27.116,43868,443,1,64.00,60.00,0.00,0.00,0.00
1550879995,192.168.1.13,143.204.194.43,34510,80,7,64.00,65.14,31.39,11640.17,12029.82
1550879995,143.204.194.43,192.168.1.13,80,34510,5,241.00,148.40,193.11,12052.25,13931.54
1550879998,192.168.1.13,54.239.27.116,43868,443,1,64.00,60.00,0.00,0.00,0.00
1550880001,0,0,0,0,0,0,0,0,0,0
1550880004,192.168.1.13,54.239.27.116,43868,443,17,64.00,171.76,345.57,159191.81,205425.72
1550880004,54.239.27.116,192.168.1.13,443,43868,15,219.80,460.67,567.46,168165.29,214591.41
1550880007,192.168.1.13,54.239.27.116,43868,443,2,64.00,58.50,26.16,191595.00,0.00
1550880007,54.239.27.116,192.168.1.13,443,43868,1,218.00,40.00,0.00,0.00,0.00
1550880007,52.95.121.236,192.168.1.13,443,41209,2,225.00,60.50,28.99,3.00,0.00
1550880010,104.198.46.246,192.168.1.4,56700,53586,2,53.00,82.50,60.10,298698.00,0.00
1550880010,192.168.1.4,104.198.46.246,53586,56700,3,64.00,89.67,86.03,149117.50,62363.28
1550880010,192.168.1.5,104.198.46.246,58812,56700,2,64.00,114.50,105.36,401614.00,0.00
1550880013,192.168.1.8,54.154.103.70,51879,443,2,64.00,339.00,15.56,57146.00,0.00
1550880013,54.154.103.70,192.168.1.8,443,51879,2,237.00,52.00,0.00,19564.00,0.00
1550880016,0,0,0,0,0,0,0,0,0,0
1550880019,192.168.1.8,54.154.103.70,51879,443,2,64.00,231.50,253.85,20429.00,0.00
1550880019,54.154.103.70,192.168.1.8,443,51879,2,237.00,75.50,33.23,804.00,0.00
1550880022,0,0,0,0,0,0,0,0,0,0
1550880025,192.168.1.4,104.198.46.246,53586,56700,1,64.00,125.00,0.00,0.00,0.00
1550880025,104.198.46.246,192.168.1.4,56700,53586,1,53.00,40.00,0.00,0.00,0.00
1550880028,0,0,0,0,0,0,0,0,0,0
1550880031,0,0,0,0,0,0,0,0,0,0
1550880034,192.168.1.254,192.168.1.1,41783,9002,6,64.00,80.17,65.15,14047.60,17600.96
1550880034,192.168.1.1,192.168.1.254,9002,41783,5,64.00,97.60,97.55,17301.00,20082.72
1550880037,52.95.121.236,192.168.1.13,443,41209,2,225.00,60.50,28.99,73803.00,0.00
1550880037,192.168.1.13,52.95.121.236,41209,443,2,64.00,60.50,28.99,5.00,0.00
1550880040,0,0,0,0,0,0,0,0,0,0
1550880043,192.168.1.5,104.198.46.246,58812,56700,1,64.00,125.00,0.00,0.00,0.00
1550880043,192.168.1.13,35.175.53.209,56844,443,3,64.00,67.00,16.70,288817.50,139109.82
1550880043,35.175.53.209,192.168.1.13,443,56844,2,237.00,83.00,0.00,382647.00,0.00
1550880046,35.175.53.209,192.168.1.13,443,56844,1,237.00,83.00,0.00,0.00,0.00
1550880046,192.168.1.13,35.175.53.209,56844,443,1,64.00,64.00,0.00,0.00,0.00
1550880049,192.168.1.8,54.154.103.70,51879,443,2,64.00,76.50,34.65,21800.00,0.00
1550880049,54.154.103.70,192.168.1.8,443,51879,1,237.00,107.00,0.00,0.00,0.00
1550880052,0,0,0,0,0,0,0,0,0,0
1550880055,104.198.46.246,192.168.1.4,56700,53586,2,53.00,82.50,60.10,200701.00,0.00
1550880055,192.168.1.4,104.198.46.246,53586,56700,3,64.00,89.67,86.03,100356.00,6477.10
1550880055,192.168.1.5,104.198.46.246,58812,56700,2,64.00,114.50,105.36,401142.00,0.00
1550880058,0,0,0,0,0,0,0,0,0,0
1550880061,0,0,0,0,0,0,0,0,0,0
1550880064,192.168.1.1,192.168.1.254,33455,9002,5,64.00,86.20,72.08,17510.00,18842.39
1550880064,192.168.1.254,192.168.1.1,9002,33455,5,64.00,97.60,97.55,17442.25,19886.55
1550880067,0,0,0,0,0,0,0,0,0,0
1550880070,192.168.1.13,52.95.121.236,41209,443,2,64.00,60.50,28.99,70300.00,0.00
1550880070,192.168.1.8,54.154.103.70,51879,443,6,64.00,227.00,22.41,52199.60,3932.00
1550880070,54.154.103.70,192.168.1.8,443,51879,6,237.00,52.00,0.00,44595.80,14175.74
1550880073,0,0,0,0,0,0,0,0,0,0
1550880076,0,0,0,0,0,0,0,0,0,0
1550880079,0,0,0,0,0,0,0,0,0,0
1550880082,0,0,0,0,0,0,0,0,0,0
1550880085,192.168.1.4,104.198.46.246,53586,56700,1,64.00,125.00,0.00,0.00,0.00
1550880085,104.198.46.246,192.168.1.4,56700,53586,1,53.00,40.00,0.00,0.00,0.00
1550880088,192.168.1.8,54.154.103.70,51879,443,6,64.00,227.00,22.41,52978.60,223.02
1550880088,54.154.103.70,192.168.1.8,443,51879,6,237.00,52.00,0.00,52776.40,1065.86
1550880091,0,0,0,0,0,0,0,0,0,0
1550880094,0,0,0,0,0,0,0,0,0,0
1550880097,192.168.1.8,54.154.103.70,51879,443,2,64.00,76.50,34.65,20443.00,0.00
1550880097,54.154.103.70,192.168.1.8,443,51879,2,237.00,79.50,38.89,623.00,0.00
1550880100,52.95.121.236,192.168.1.13,443,41209,2,225.00,60.50,28.99,73862.00,0.00
1550880100,192.168.1.4,104.198.46.246,53586,56700,2,64.00,114.50,105.36,192787.00,0.00
1550880100,192.168.1.5,104.198.46.246,58812,56700,2,64.00,114.50,105.36,400901.00,0.00
1550880103,192.168.1.5,104.198.46.246,58812,56700,1,64.00,125.00,0.00,0.00,0.00
1550880103,104.198.46.246,192.168.1.5,56700,58812,1,53.00,40.00,0.00,0.00,0.00
1550880106,0,0,0,0,0,0,0,0,0,0
1550880109,0,0,0,0,0,0,0,0,0,0
1550880112,0,0,0,0,0,0,0,0,0,0
1550880115,192.168.1.8,52.18.83.2,40923,443,12,64.00,151.17,150.39,18070.27,7216.05
1550880115,52.18.83.2,192.168.1.8,443,40923,11,235.00,231.27,422.97,17735.00,14640.10
1550880118,0,0,0,0,0,0,0,0,0,0
1550880121,0,0,0,0,0,0,0,0,0,0
1550880124,0,0,0,0,0,0,0,0,0,0
1550880127,192.168.1.13,35.175.53.209,56844,443,4,64.00,498.00,667.61,406687.00,351135.94
1550880127,54.154.103.70,192.168.1.8,443,51879,1,237.00,107.00,0.00,0.00,0.00
1550880127,52.95.121.236,192.168.1.13,443,41209,3,225.00,187.00,254.61,116554.50,118593.83
1550880130,0,0,0,0,0,0,0,0,0,0
1550880133,0,0,0,0,0,0,0,0,0,0
1550880136,0,0,0,0,0,0,0,0,0,0
1550880139,0,0,0,0,0,0,0,0,0,0
1550880142,0,0,0,0,0,0,0,0,0,0
1550880145,104.198.46.246,192.168.1.4,56700,53586,3,53.00,68.33,49.07,294153.50,131176.09
1550880145,192.168.1.4,104.198.46.246,53586,56700,3,64.00,102.00,54.29,240732.00,203297.44
1550880145,192.168.1.5,104.198.46.246,58812,56700,2,64.00,90.50,71.42,400893.00,0.00
1550880148,0,0,0,0,0,0,0,0,0,0
1550880151,0,0,0,0,0,0,0,0,0,0
1550880154,0,0,0,0,0,0,0,0,0,0
1550880157,192.168.1.8,54.154.103.70,51879,443,2,64.00,76.50,34.65,19726.00,0.00
1550880157,192.168.1.13,52.95.121.236,41209,443,2,64.00,60.50,28.99,27020.00,0.00
1550880157,52.95.121.236,192.168.1.13,443,41209,2,225.00,60.50,28.99,31.00,0.00
1550880160,52.95.121.236,192.168.1.13,443,41209,2,225.00,60.50,28.99,82059.00,0.00
1550880160,192.168.1.13,52.95.121.236,41209,443,2,64.00,60.50,28.99,489.00,0.00
1550880163,192.168.1.5,104.198.46.246,58812,56700,1,64.00,125.00,0.00,0.00,0.00
1550880163,104.198.46.246,192.168.1.5,56700,58812,1,53.00,40.00,0.00,0.00,0.00
1550880166,0,0,0,0,0,0,0,0,0,0
1550880169,0,0,0,0,0,0,0,0,0,0
1550880172,0,0,0,0,0,0,0,0,0,0
1550880175,0,0,0,0,0,0,0,0,0,0
1550880178,0,0,0,0,0,0,0,0,0,0
1550880181,0,0,0,0,0,0,0,0,0,0
1550880184,192.168.1.254,192.168.1.1,41785,9002,6,64.00,80.17,65.15,13865.60,16957.60
1550880184,192.168.1.1,192.168.1.254,9002,41785,5,64.00,97.60,97.55,18174.75,22416.05
1550880187,0,0,0,0,0,0,0,0,0,0
1550880190,192.168.1.13,52.95.121.236,41209,443,2,64.00,60.50,28.99,62447.00,0.00
1550880190,192.168.1.4,104.198.46.246,53586,56700,2,64.00,90.50,71.42,192829.00,0.00
1550880190,192.168.1.5,104.198.46.246,58812,56700,2,64.00,90.50,71.42,200730.00,0.00
1550880193,0,0,0,0,0,0,0,0,0,0
1550880196,0,0,0,0,0,0,0,0,0,0
1550880199,0,0,0,0,0,0,0,0,0,0
1550880202,17.242.119.71,192.168.1.2,5223,50910,4,56.00,105.00,0.00,283321.00,224784.85
1550880202,192.168.1.2,17.242.119.71,50910,5223,5,64.00,70.60,28.81,5164.25,9371.83
1550880205,192.168.1.4,104.198.46.246,53586,56700,1,64.00,125.00,0.00,0.00,0.00
1550880205,104.198.46.246,192.168.1.4,56700,53586,1,53.00,40.00,0.00,0.00,0.00
1550880208,0,0,0,0,0,0,0,0,0,0
1550880211,0,0,0,0,0,0,0,0,0,0
1550880214,192.168.1.1,192.168.1.254,33457,9002,5,64.00,86.20,72.08,17330.25,18528.29
1550880214,192.168.1.254,192.168.1.1,9002,33457,5,64.00,97.60,97.55,17254.00,19931.44
1550880217,192.168.1.13,35.175.53.209,56844,443,1,64.00,85.00,0.00,0.00,0.00
1550880220,52.95.121.236,192.168.1.13,443,41209,2,225.00,60.50,28.99,73967.00,0.00
1550880220,192.168.1.8,54.154.103.70,51879,443,2,64.00,76.50,34.65,22441.00,0.00
1550880220,54.154.103.70,192.168.1.8,443,51879,1,237.00,107.00,0.00,0.00,0.00
1550880223,192.168.1.5,104.198.46.246,58812,56700,2,64.00,82.50,60.10,496196.00,0.00
1550880223,104.198.46.246,192.168.1.4,56700,53586,2,53.00,82.50,60.10,203541.00,0.00
1550880223,192.168.1.4,104.198.46.246,53586,56700,2,64.00,106.50,94.05,96955.00,0.00
1550880226,192.168.1.5,104.198.46.246,58812,56700,3,64.00,128.67,76.79,355669.00,380799.63
1550880226,104.198.46.246,192.168.1.5,56700,58812,3,53.00,68.33,49.07,364999.50,489392.14
1550880229,0,0,0,0,0,0,0,0,0,0
1550880232,0,0,0,0,0,0,0,0,0,0
1550880235,104.198.46.246,192.168.1.4,56700,53586,2,53.00,82.50,60.10,200444.00,0.00
1550880235,192.168.1.4,104.198.46.246,53586,56700,2,64.00,90.50,71.42,96015.00,0.00
1550880235,192.168.1.5,104.198.46.246,58812,56700,2,64.00,90.50,71.42,199853.00,0.00
1550880238,0,0,0,0,0,0,0,0,0,0
1550880241,0,0,0,0,0,0,0,0,0,0
1550880244,0,0,0,0,0,0,0,0,0,0
1550880247,0,0,0,0,0,0,0,0,0,0
1550880250,192.168.1.13,52.95.121.236,41209,443,2,64.00,60.50,28.99,65486.00,0.00
1550880250,192.168.1.8,54.154.103.70,51879,443,2,64.00,76.50,34.65,20099.00,0.00
1550880250,54.154.103.70,192.168.1.8,443,51879,1,237.00,107.00,0.00,0.00,0.00
1550880253,0,0,0,0,0,0,0,0,0,0
1550880256,0,0,0,0,0,0,0,0,0,0
1550880259,192.168.1.8,54.154.103.70,51879,443,21,64.00,238.05,23.73,77591.50,169271.15
1550880259,54.154.103.70,192.168.1.8,443,51879,21,237.00,52.00,0.00,75748.85,163224.57
1550880262,192.168.1.8,54.154.103.70,51879,443,31,64.00,253.00,7.03,47024.47,62934.45
1550880262,54.154.103.70,192.168.1.8,443,51879,31,237.00,52.00,0.00,47014.67,62911.27
1550880265,192.168.1.4,104.198.46.246,53586,56700,1,64.00,125.00,0.00,0.00,0.00
1550880265,104.198.46.246,192.168.1.4,56700,53586,1,53.00,40.00,0.00,0.00,0.00
1550880268,192.168.1.2,23.214.131.65,56753,443,11,64.00,114.64,113.26,10429.10,8983.36
1550880268,23.214.131.65,192.168.1.2,443,56753,9,57.00,840.44,679.31,11319.88,12983.73
1550880271,0,0,0,0,0,0,0,0,0,0
1550880274,0,0,0,0,0,0,0,0,0,0
1550880277,0,0,0,0,0,0,0,0,0,0
1550880280,52.95.121.236,192.168.1.13,443,41209,2,225.00,60.50,28.99,83237.00,0.00
1550880280,192.168.1.4,104.198.46.246,53586,56700,2,64.00,82.50,60.10,192331.00,0.00
1550880280,192.168.1.5,104.198.46.246,58812,56700,1,64.00,40.00,0.00,0.00,0.00
1550880283,192.168.1.8,54.154.103.70,51879,443,52,64.00,246.77,17.36,33720.04,33101.81
1550880283,192.168.1.5,104.198.46.246,58812,56700,1,64.00,125.00,0.00,0.00,0.00
1550880283,104.198.46.246,192.168.1.5,56700,58812,1,53.00,40.00,0.00,0.00,0.00
1550880286,192.168.1.8,54.154.103.70,51879,443,2,64.00,256.00,1.41,127993.00,0.00
1550880286,54.154.103.70,192.168.1.8,443,51879,2,235.00,52.00,0.00,127517.00,0.00
1550880289,0,0,0,0,0,0,0,0,0,0
1550880292,0,0,0,0,0,0,0,0,0,0
1550880295,192.168.1.13,143.204.194.61,46596,80,7,64.00,65.14,31.39,8856.00,9675.44
1550880295,192.168.1.8,54.154.103.70,51879,443,2,64.00,76.50,34.65,21219.00,0.00
1550880295,54.154.103.70,192.168.1.8,443,51879,2,235.00,79.50,38.89,1366.00,0.00
1550880298,0,0,0,0,0,0,0,0,0,0
1550880301,0,0,0,0,0,0,0,0,0,0
1550880304,0,0,0,0,0,0,0,0,0,0
1550880307,0,0,0,0,0,0,0,0,0,0
1550880310,192.168.1.13,52.95.121.236,41209,443,2,64.00,60.50,28.99,60642.00,0.00
1550880310,52.95.121.236,192.168.1.13,443,41209,2,225.00,60.50,28.99,3.00,0.00
1550880310,35.175.53.209,192.168.1.13,443,56844,4,237.00,83.00,0.00,516911.00,215618.94
1550880313,35.175.53.209,192.168.1.13,443,56844,1,237.00,83.00,0.00,0.00,0.00
1550880313,192.168.1.13,35.175.53.209,56844,443,1,64.00,64.00,0.00,0.00,0.00
1550880316,192.168.1.8,54.154.103.70,51879,443,2,64.00,339.00,15.56,57796.00,0.00
1550880316,54.154.103.70,192.168.1.8,443,51879,2,235.00,52.00,0.00,19468.00,0.00
1550880319,192.168.1.8,54.154.103.70,51879,443,2,64.00,232.00,254.56,20768.00,0.00
1550880319,54.154.103.70,192.168.1.8,443,51879,2,235.00,75.50,33.23,1445.00,0.00
1550880322,0,0,0,0,0,0,0,0,0,0
1550880325,104.198.46.246,192.168.1.4,56700,53586,3,53.00,68.33,49.07,293897.50,120347.45
1550880325,192.168.1.4,104.198.46.246,53586,56700,3,64.00,112.67,67.35,240496.50,198318.70
1550880325,192.168.1.5,104.198.46.246,58812,56700,2,64.00,106.50,94.05,200968.00,0.00
1550880328,0,0,0,0,0,0,0,0,0,0
1550880331,0,0,0,0,0,0,0,0,0,0
1550880334,0,0,0,0,0,0,0,0,0,0
1550880337,192.168.1.254,192.168.1.1,50703,9002,6,64.00,80.17,65.15,14090.60,17635.85
1550880337,192.168.1.1,192.168.1.254,9002,50703,5,64.00,97.60,97.55,17182.25,20050.78
1550880340,52.95.121.236,192.168.1.13,443,41209,2,225.00,60.50,28.99,76036.00,0.00
1550880340,192.168.1.13,52.95.121.236,41209,443,2,64.00,60.50,28.99,2.00,0.00
1550880343,192.168.1.5,104.198.46.246,58812,56700,1,64.00,125.00,0.00,0.00,0.00
1550880343,104.198.46.246,192.168.1.5,56700,58812,1,53.00,40.00,0.00,0.00,0.00
1550880346,0,0,0,0,0,0,0,0,0,0
1550880349,0,0,0,0,0,0,0,0,0,0
1550880352,192.168.1.8,54.154.103.70,51879,443,2,64.00,76.50,34.65,20817.00,0.00
1550880352,54.154.103.70,192.168.1.8,443,51879,1,235.00,107.00,0.00,0.00,0.00
1550880355,0,0,0,0,0,0,0,0,0,0
1550880358,0,0,0,0,0,0,0,0,0,0
1550880361,0,0,0,0,0,0,0,0,0,0
1550880364,192.168.1.1,192.168.1.254,59995,9002,6,64.00,80.50,65.97,13387.20,17960.86
1550880364,192.168.1.254,192.168.1.1,9002,59995,5,64.00,97.60,97.55,16679.00,19884.63
1550880367,0,0,0,0,0,0,0,0,0,0
1550880370,192.168.1.13,52.95.121.236,41209,443,2,64.00,60.50,28.99,63159.00,0.00
1550880370,192.168.1.4,104.198.46.246,53586,56700,2,64.00,82.50,60.10,192373.00,0.00
1550880370,192.168.1.5,104.198.46.246,58812,56700,2,64.00,82.50,60.10,401133.00,0.00
1550880373,192.168.1.8,54.154.103.70,51879,443,6,64.00,227.00,22.41,52003.00,4231.12
1550880373,54.154.103.70,192.168.1.8,443,51879,6,235.00,52.00,0.00,44471.40,14204.43
1550880376,0,0,0,0,0,0,0,0,0,0
1550880379,0,0,0,0,0,0,0,0,0,0
1550880382,0,0,0,0,0,0,0,0,0,0
1550880385,192.168.1.4,104.198.46.246,53586,56700,1,64.00,125.00,0.00,0.00,0.00
1550880385,104.198.46.246,192.168.1.4,56700,53586,1,53.00,40.00,0.00,0.00,0.00
1550880388,0,0,0,0,0,0,0,0,0,0
1550880391,192.168.1.8,54.154.103.70,51879,443,6,64.00,227.00,22.41,53071.00,172.85
1550880391,54.154.103.70,192.168.1.8,443,51879,6,235.00,52.00,0.00,53297.00,915.95
1550880394,0,0,0,0,0,0,0,0,0,0
1550880397,192.168.1.8,54.154.103.70,51879,443,2,64.00,76.50,34.65,19853.00,0.00
1550880397,54.154.103.70,192.168.1.8,443,51879,2,235.00,79.50,38.89,696.00,0.00
1550880400,52.95.121.236,192.168.1.13,443,41209,2,225.00,60.50,28.99,73826.00,0.00
1550880400,192.168.1.13,52.95.121.236,41209,443,2,64.00,60.50,28.99,482.00,0.00
1550880400,192.168.1.13,35.175.53.209,56844,443,3,64.00,85.00,0.00,586505.00,297293.15
